example,toxicity,sa,toxicity_val
  Nicolau dos Reis Lobato  You Saw your work on this page. Thanks for dropping by.  26 June 2006 (UTC)  Me Thank you. It was rather small. But you know Small is beautiful. Please remain in touch.  ,0,2,0.025014818
`   PSP article   Thank you for having such a keen eye on the PSP article!  We could use alot more people like you and I am very happy that you joined!  If you would like any help feel free to contact me on my talk page. @ `,0,2,0.025924511
` One of the best things about RC patrol is stopping to read the articles!  Keep up the good work and take care      `,0,2,0.026487282
"   Need your support   Hey, You have been quite active in editing the Nagpur article. So, go to the discussion page and give your support for nominating Nagpur for the Indian collaboration for this week.  ",0,2,0.02974477
`   Glad you're back!   It's great to see you're back as well. I was worrying that something had happened to you during this long absence.  `,0,2,0.02998675
"  Wow, you certainly are a worthy archivist - thanks for the info! Are all the staff at Warwick as thorough as you? I'll be reading Englsih there next year!",0,2,0.030860763
" November 2006 (UTC)  Informal is fine by me - I'm grateful for your advice in whatever form it comes. If you have time could you take a look at the Rfc? cheers  1650, 14",0,2,0.032484625
  Dance Chart Thank you lots for updating the dance chart! You're the first person who's not me to bother to do it!  ,0,2,0.033728313
"`   Hey   Just wanted to drop you a line and let you know that you're a good admin and Wikipedian. Every interaction I've had with you has been positive, and that definitely says a lot. )  (/) `",0,2,0.033885196
"   1013 Project Notes Archived  Hi Isaac, Thanks for learning Wikipedia with me and the class. I have moved your workshop notes and all the other content from your talk page to . If you stick around Wikipedia after class is over, you can continue to use this account for new contributions, and you'll have a fresh start with a clean talk page.  ",0,2,0.034349643
"` Greetings... Hello, Gorux, and welcome to Wikipedia!  To get started, click on the green welcome.  I hope you like it here and decide to stay! Happy editing!  ''''  `",0,2,0.0344548
"   WikiProject V8 Supercars  Hi Mr Davis, I thought you might be interested in being a part of WikiProject V8 Supercars. Let me know what you think. All the best.  ",0,2,0.036203645
   new collaboration project   You'd you be interested in a participating in a new Collaboration project that aims at translating good and featured articles in the French Wikipedia to English (much like the Spanish Translation of the Week)? I'm trying to see if there's enough users interested in this project before creating it. Thank you.  ,0,2,0.036382917
"  Badge  For your work in promoting tolerance and diversity in wikipedia, I hereby award you the golden Star of David badge that you may cherish for a job well done.      ",0,2,0.036444556
  George Gamow Thanks for the edits and the work on the books and titles.  Good work.   rossp,0,2,0.036539037
   Yet Praise   Here's the song I was talking about.  http//d.turboupload.com/d/1719744/Yet_Praise_Reprise.mp3.html  Enjoy!    ,0,2,0.036548667
`   Template request   Thanks for getting back to me on the Photoshop template. The three currently in existence will do just fine. e  `,0,2,0.0381019
"  Film Barnstar I awarded you the film barnstar for all of your assistance with the lists of films by letter, which took a long time to work on these last few weeks. That would have been especially hard to work on by myself and I really want to thank you for helping me. Only on Wikipedia can a 49-year-old and 19-year-old collaborate on articles halfway around the world in two very different time zones. Keep up the good work, and I'm sure I'll continue to bump into you more often as I increase my involvement with WPFilms.  ",0,2,0.03905119
"   Indonesian literature   Hello Acaramoy,   Congratulations on starting the article on Indonesian literature. In my opinion, it is a very useful subject and you have planned it very lucidly. I should like to assist, if you don't mind, but I have a question about planning, which I have phrased on the Discussion Page. Essentially, my question is this would it be best to write a very long and comprehensive article, or might it be a good idea to deal with the various generations in separate articles, placing summaries in your main article? Your opinion would be very much appreciated! Thank you,  ",0,2,0.039413158
"`  Sri Lanka issues Hi Sebastian, please see Discussion move and Specific proposal Your participation and acceptance would be appreciated.   -  `",0,2,0.03962821
"  WPFnord  Hello Dev,  Thanks for your comments and clarification. You have my response herealong with an invitaion to join. It would be nice to have more outside veiws there from insiders, who are still involved with and still believe in the project. Cheers and ciao, ",0,2,0.03977683
"   Your contributions to Migraine   I wasn't clear what your edit  to the Migraine article was about, I have commented on the talk page. Could you clarify? Thanks.  ",0,1,0.040007673
"  Added a couple of comments at the AfD for Webster. Not sure whether you are watching it, so wanted to let you know.  ",0,1,0.040463164
`   Signpost  The Signpost article about you is in progress and at . If you have any questions ask .  /h/ `,0,1,0.04096584
"   D&C; Mediation   Hello Snowolf, It would appear that other Editors have weighed in on the issue, so perhaps we can move to resolve the matter? Thanks.  ",0,1,0.042190425
   Mediation   Good news everybody! Our case was accepted at WikipediaRequests for mediation/Falun Gong. Please keep an eye out for further developments.  ,0,2,0.042634252
  Glad you liked it. Hope it catches on some day... -),0,2,0.04293938
" I see... nevertheless, a formal WPRM would allow for the participation and input of other editors, who may be interested on the issue but are not keeping track of this specific article. That's why I would prefer it. Having said that, I leave the decision to more experienced editors, like yourself -) - Best regards,  ",0,2,0.043049015
"  Borat Thank you for experimenting with  Wikipedia. Your test worked, and it has been reverted or removed. Please use the sandbox for any other tests you may want to do. Take a look at the welcome page to learn more about contributing to our encyclopedia.  ",0,2,0.043727264
" OK, me and Fawcett had this discussion in April. See it at his talk page here  and on my talk page (look for April 30)   -  ",0,1,0.043811113
"  Warnings Paper Thank you for experimenting with Wikipedia. Your test worked, and has been reverted or removed. Please use the sandbox for any other tests you want to do. Take a look at the welcome page if you would like to learn more about contributing to our encyclopedia.   ",0,2,0.044083517
"  Agree with the change in name, one can add the other medal categories too, ie MVC and VC.  ",0,1,0.04417555
"  Belton House So? Let me know when (if) you'd like a bit of a copyedit. Sillily, I haven't actually read the article yet, it strikes me. And how would you like those notes? (I'm only trying to help, too... ).  |  .",0,1,0.04511095
 R. Michael Roberts  I created this article on 2007/09/27. You can make contributions by adding relevant information.  ,0,1,0.045497186
 hi. Just a word to say you that the french article about the Pens is now a featured article. Thanks again for your pics !  ,0,2,0.04567629
"`  Notability   ``Published authors, editors and photographers who received multiple independent reviews of or awards for their work.``  David Roati has received awards for his work. It is stated in the biography.   `",0,1,0.046166006
"   you are welcome   I voted for you because it looked right. Completely apart from that, if you want to look over TalkJohn Kerry, that would be nice. That said, I would have voted for you anyway, regardless of whether you may think I am right or wrong at TalkJohn Kerry. Best wishes.  ",0,2,0.04737967
Greybaum and Haydron I think you should include info on Greybaum!   ,0,1,0.047495116
"`, 22 June 2007 (UTC)   Hi Paul Thanks for your help,  Yes. I only dumped the data here for about 10 minutes while I was working on the sites, incase someone else was looking at the article and an edit confict happened.  Your trim is what I was going to do so thanks!  This article needs alot of help so I am glad your here working on it with me.   •  •  count) 2132`",0,2,0.04769607
" Thanks for experimenting with the page Sumatra on Wikipedia. Your test worked, and has been reverted or removed. Please use the sandbox for any other tests you want to do. Take a look at the welcome page if you would like to learn more about contributing to our encyclopedia.  Thanks.  ||popups ",0,2,0.04780345
"`This message is regarding the page Zhou Dynasty. Thanks for experimenting with Wikipedia.  Your test worked, and has been reverted or removed. Please use the sandbox for any other tests you want to do. Take a look at the welcome page if you would like to learn more about contributing to our encyclopedia.  Thanks.  `",0,2,0.048089076
"   Star Wars edits   Hey Mil, I've recently noticed you have made loads of Star Wars edits. I know you already have a Star Wars barnstar, but I'll give you a different Star Wars reward. ",0,1,0.04811128
  Shlomo Is it possible to contact you via email or something? | ,0,1,0.048235722
   Lookalike font   Can anyone direct me to a free lookalike E-13B font?,0,1,0.048675027
   Abdul Taib Mahmud   I have restored the revisions of the article which were made before the addition of the copyvio material. Have a nice day. )  |  ,0,2,0.0488658
`   Contact information   ThHis is a message for User J.Sweeton@winri.com....please contact me at johncoonfox@yahoo.ca.     -    `,0,1,0.048960418
   Time Article Part II   Has anybody worked in the stuff from the second part of the Time Magazine feature on Ashley?  ,0,1,0.0493269
   Your Page   Leebo how did you make that thing that says Please click here to leave me a message how did you do the color and the other stuff ,0,1,0.04942543
"  I will not continue this discussion here, but those who are interested in seeing what Jtdirl is talking about may wish to view the archived discussion.  ",0,1,0.049694683
" You know that we have to back with references every new statement we make in an article. So, that is missing in your article about St. Sergius of Valaam. Sorry, that I have to remind you of this, as I quite feel how happy you would be believing in your traditional way.    ",0,1,0.050008565
  With all the new information that was revealed at Jump Festa '06 don't you guys think we should add in some new information on the game?,0,1,0.050151125
HI! )  Thanks for fixing the link on the Jubilee page for the preview of The New Warriors #3. Now people will realize that she is the hero called Wondra. )  ,0,2,0.0503602
"`  DYK  {| class``Talk-Notice`` |- | |Did you know? has been updated. A fact from the article Collingwood Schreiber, which you recently created, has been featured in that section on the Main Page. If you know of another interesting fact from a recently created article, then please suggest it on the ``Did you know?`` talk page. |}`",0,2,0.050764706
  Thanks - fancy taking a look at British Institute in Paris which needs a bit of cleanup and name change I think. Same for St George's Hospital Medical School?,0,1,0.05076843
"`   My RfA  {| class``messagebox standard-talk`` style``border 2px solid #1EE1E1; background#FFFFCC;`` | Administrator  taking off! Hello Mailer diablo,  Thankyou for voting in my RfA. You will be pleased to know that it has been successful!! Meaning that I, , am now an English Wikipedia Administrator.  It passed with a suprising 47/0/0, and I really am grateful of all your support, and I hope that I live up to your high expectations!  If there is anything I can do to help you out, please, do not hesitate to !  Yours,    |}`",0,2,0.05085108
"`   Barnstar   {| style``border 1px solid gray; background-color #fdffe7;`` |rowspan``2`` valign``middle`` |  |rowspan``2`` | |style``font-size x-large; padding 0; vertical-align middle; height 1.1em;`` | The Barnstar of Diligence |- |style``vertical-align middle; border-top 1px solid gray;`` | I awared you, , the barnstar of diligence for your amazing amount of participation in RfAs. When I look at the main RfA page, I always see you somewhere on the page, and for your hard work at WPBN. Thank you for working so hard to serve the community with your knowledge on RfAs. Congrutulations!!  |}`",0,2,0.050948866
"`  Hi V 2 da J, and Welcome to Wikipedia!    Welcome to Wikipedia! I hope you enjoy the encyclopedia and want to stay. As a first step, you may wish to read the Introduction.  If you have any questions, feel free to ask me at my talk page — I'm happy to help. Or, you can ask your question at the New contributors' help page.  -   Here are some more resources to help you as you explore and contribute to the world's largest encyclopedia...   Finding your way around    * Table of Contents  * Department directory    Need help?    * Questions — a guide on where to ask questions. * Cheatsheet — quick reference on Wikipedia's mark-up codes.  * Wikipedia's 5 pillars — an overview of Wikipedia's foundations * The Simplified Ruleset — a summary of Wikipedia's most important rules.    How you can help    * Contributing to Wikipedia — a guide on how you can help.  * Community Portal — Wikipedia's hub of activity.    Additional tips...     * Please sign your messages on talk pages with four tildes(~~~~). This will automatically insert your ``signature`` (your username and a date stamp). The  button, on the tool bar above Wikipedia's text editing window, also does this.   * If you would like to play around with your new Wiki skills the Sandbox is for you.  * If you'd like to tell us about yourself and meet other new users, be sure to introduce yourself at our new user log.      Good luck, and have fun.  `",0,2,0.052142996
"`  Thank you for experimenting with the page Boris Yeltsin on Wikipedia. Your test worked, and has been reverted or removed. Please use the sandbox for any other tests you want to do. Take a look at the welcome page if you would like to learn more about contributing to our encyclopedia.  A link to the edit I have reverted can be found here link. If you believe this edit should not have been reverted, please contact me.    `",0,2,0.05246935
"`  Dear Chuck,  Writing to you is helping me to organize my material. Because you questioned the afternoon timing, this email is about 'When is Thanksgiving dinner usually served?`` The answer, as you will find below, is that Thanksgiving dinner is usually served in the afternoon.  The Thanksgiving meal time statistics reported by the highly respected Cooking Light magazine at http//community.cookinglight.com/showthread.php?t97715 are given below View Poll Results What time is Thanksgiving Dinner in your house?  12 noon      2 2.35% 1 pm      12 14.12% 2 pm      16 18.82% 3 pm      12 14.12% 4 pm      16 18.82% 5 pm      12 14.12% 6 pm      11 12.94% O.O.      4 4.71% Voters 85. You may not vote on this poll`",0,1,0.0525583
"   Who are you, could you tell me?   First let me know who are you, where from and why are you editing Salim Saifullah's Page?  I surely need help by you.",0,1,0.052616443
   Thank you!   Thanks for the barnstar! ) I'll try to live up to it. One thing I just started is trying to ensure that we have an article for every article in John Lindow's Handbook of Norse Mythology. See .  BTW - you're right that Lodur should have been moved to Lóðurr - I didn't notice it had ever been more than a redirect.  -  ,0,2,0.052972216
"`   ImageKimi Raikkonen 2007.jpg   {| aligncenter border0 cellpadding4 cellspacing4 style``border 1px solid #CC9; background-color #cfc`` |- | |Your Featured picture candidate has been promoted Your nomination for featured picture status, ImageKimi Raikkonen 2007.jpg, gained a consensus of support, and has been promoted. If you would like to nominate another image, please do so at WikipediaFeatured picture candidates. Thank you for nominating it!   |   |}`",0,2,0.052975096
   I got  develop very much respect for you now as your current hard work on this topic .plz see talk page and also have a look on current heading which was not Onlu widely Disucssed bu was also written by you. the Current  Celebrations  have very much Importnce  . the Edits needs Your Copy edits and supports .I tried my best to get all neutral soucre.thanksShabiha ,0,2,0.05324951
`   thanks   thank for doing that. Plankton (———) `,0,2,0.05335449
 If those East German documents were to be found on a site somewhere could we then link to them from Dr.Winterberg's page ?  What do you require ?   ,0,1,0.053382095
Jeanne Marie Spicuzza  Hi. I saw that you did clean-up on the Jeanne Marie Spicuzza article. Do you know why the record of your contributions were erased? Just wondering  ,0,1,0.05351468
"`  After some hunting, is this where you got the quote?  He was told by the Queen ``You're very special``. ``She said that she doesn't get to present the VC very often,`` Pte Beharry, of London, said afterwards. Thanks, e `",0,1,0.05357395
" T-man, looks like you have found some good reference materials to add to Catwoman.  I encourage you to implement some of that information there... perhaps providing that level of detail in thas page is not the best idea.  (See how friendly I am being to you?)  ",0,1,0.053833615
", 17 August 2007 (UTC)  No definitely not. You think that the NCSE knows anything about Bernard d'Abrera? I would be extremely surprised. Why do you ask? And what do you know? And who are you exactly?  0528",0,0,0.054535784
"`   Thank you for your Poland-related contributions {| width``75%`` |- |valign``top`` style``border-stylesolid; border-width1; border-colorRed;``| {| |  | Hello ! Thank you for your contributions related to Poland. You may be interested in visiting PortalPoland/Poland-related Wikipedia notice board, joining our discussions and sharing your creations with us. |- |} |}| `",0,2,0.054643072
"This message is regarding the page Gunpowder Plot. Thanks for experimenting with Wikipedia.  Your test worked, and has been removed. Please use the sandbox for any other tests you want to do. Take a look at the welcome page if you would like to learn more about contributing.  Thanks.  ",0,2,0.055069827
   *Dear David Ruben   Try SourceWatch for a start . . .in addition to MSN.com ( Search Term General Medical Council )...Then go back to the Wikipedia Article on the General Medical Council and appropriately list Abolish the General Medical Council (GMC) as one of the GMC's Notable Critics.  *I have done it for you !!! So please thank me for it !!!  Thank you - UKDoctor,0,2,0.055121846
"`   ReALLTEL Stadium   To be honest, I believe the site that I got the picture either no longer exists or has taken down the picture.   Re TD Waterhouse image I've changed the tag. Thanks for letting me know!   `",0,1,0.05515238
"   What Volumes?   For whoever noted that there was a three-volume edition of Dangerous Visions and a two-volume edition of Again, Dangerous Visions (or whoever can answer me this)What do you mean by this, and if so, where could I get it? Please reply on my talk page, at . Thanks,  .",0,1,0.05533408
"  Thomas the Tank Engine Hi I have been looking at some of your edits and, where I can, I have added sources.  You could help us by doing this yourself as you make the changes.  In some cases you made deletions that I did not understand and there was no explanation on the discussion/talk page or in the summary.  If you are deleting something because it is wrong plese explain your reasons in the edit summary. If your changes are reverted and you disagree with that reversion please start a discussion on the talk page.  You have made a lot of constructive changes on other subjects too. Have you considered registering?   ",0,1,0.055533856
" Image copyright problem with ImageCaterham_50th_anniversary.jpeg  Thank you for uploading ImageCaterham_50th_anniversary.jpeg. However, it currently is missing information on its copyright status. Wikipedia takes copyright very seriously. It may be deleted soon, unless we can determine the license and the source of the image. If you know this information, then you can add a copyright tag to the image description page.  If you have any questions, please feel free to ask them at the media copyright questions page. Thanks again for your cooperation.    ",0,1,0.055705212
"I think that we don't need so many images at Abahlali baseMjondolo. Also, I'm concerned about the legality of many of them. Are they your pictures, or do you have rights to them? If you do, let me know, and I'll fix them so that they aren't deleted. But if they aren't yours, it might be better if you get explicit permission from the owner of the pictures for rights to show them. If you need help with anything (anything at all), let me know. Thanks, I'm enjoying the article and some of your other additions.  ",0,1,0.055719387
"  More context for the paradox?  Basicallly, what caused Enrico Fermi to think of this?  What was the situation and the circumstances?  And even though we do fine with the short version, I think adding a longer version would add texture to our article and make it even more informative for our readers.      ",0,2,0.056137856
"`  Wow...... I've been here! Btw, is there a ``place wiki``?`",0,2,0.056186534
 No objections since december means I get to put up an airshow! Well all proposed subpages above now exists. Ill be working on the to make them more article like (as none have an introduction atm) |@ ,0,2,0.056255937
"  Wikimania 2008 Hey! I'm contacting all the members of wikiproject Perth because, I have put in an incomplete bid for Perth to hold Wikimania 2008. Please show your support by adding your name to the list and help contribute by improving our bid which is incomplete and located here - thanks Talk to symode09's or How's my driving? ",0,1,0.056465536
"I'm not too sure about the specifics of the OBE, but should we put his name at the beginning of the article as Sir Sidney Poitier?    ",0,1,0.056514017
  Why have you now edited the George Galloway page? Did you not claim above that you would no longer do so?,0,1,0.056704924
"`New Anglican Editing Tool Try using the following customized search to research Anglican topics while editing.  It is free from ads and free of charge.  It has been developed to remove unwanted result items from search results, while bringing critically important smaller websites forward; that is  enhanced relevancy.  This will help you, the editor, check facts and otherwise improve accuracy and relevance of edits for this topic here on Wikipedia.  The Anglican world is at your fingertips with this latest technology!   Click here for this tool   Anglican Search Engine  Search all things Anglican...  by the power of Google.   If you like this resource, you can create your own custom search engine for other topics and you may collaborate with others, just like here on Wikipedia.  Enjoy!    When using this resource, be sure to chant in a clear and confident voice  ``The Lord be with you...``   `",0,2,0.057256334
   Remakes   Should it be added that recently Square stated that they are planning on re-releasing remakes of old games and creating sequels to them? ,0,1,0.05769715
" ***Hi Dinch, don't worry about it. I have found dates or sent emails for all of my half (and found the date for Greenwood Furnace looking for Warriors Path, which is administered from Greenwood Furnace). I wasn't sure if that was your preferred email address, but will use it if it is (or you can email me a better address). I also hit 5500 edits today - leaving a warning after reverting silliness on Pennsylvania. I can email more parks, but are there any you have already done or want to do? I will also work on the list intro next. What do you think of the picture captions now? Take care,  ",0,1,0.05776294
  Categorizing images I have replied on my talk page.   ,0,1,0.057864293
   So your initial proposal is something like this    Clay Products   |-Ceramic Technology      |      |-Pottery      |-Space Age Ceramics   |-Ceramic Art      |      |-Hand Built      |-Wheel Thrown  Other areas I've been concerned about * industrial clay/ceramics products * clay/ceramic techniques and methods * cultural clay/ceramic history * technical clay/ceramic history * clay related tools and ingredients * well known clay artisens  And I'm sure there are plenty more.  A list of all the existing clay related articles would be a good beginning.  Comments welcome.   ,0,2,0.05787876
"`  email Donnacha, I sent you an email. You could have just sent me one because my email address is right on my page.   `",0,1,0.05797173
"` Why are you asking here, since you are a member of FilePile? There's an interesting ``discuss`` thread you could ask this in. -  `",0,1,0.057975937
"hello! i think that Ludovico is an awesome guy and has had so many experiences. He has become famous like he wanted, and i believe that is what we are put here on earth to achieve - our goals and ambitions! He has a cool name too!!!yeh...i like the guy...cept i dont want to do my sose assignment!!! luv Ludy's biggest fan (ha ha ha...probably only fan!!!)",0,2,0.058359325
"  Notice of Intent As is the policy of our publishing corporation and subsidiaries, when contributing to the item being investigated, a disclosure of our intentions is first posted.  My intention in contributing to this discussion is to interact with areas of Wikipedia that are more controversial than the tour we were given by senior members of the organization.  According to a letter and a fax received by both newspapers I edit and the publishing corporation that owns both papers, if I “really want to know what’s going on at Wikipedia,” I should “try expressing my honest opinion about the article and what is happening in discussion” at the following Internet locations  http//en.wikipedia.org/wiki/TalkState_terrorism  http//en.wikipedia.org/wiki/TalkTerrorism  http//en.wikipedia.org/wiki/TalkUnalienable_rights  http//en.wikipedia.org/wiki/WikipediaArticles_for_deletion/Unalienable_rights  Felice L'Angleterre (EDT)",0,1,0.058386736
"As to the B-rating It seems a very well developed and nicely put together article. The information is strong, with plenty of external references, but I am not confident enough in my own judging skills to give it an A-class rating. Also, some of the later section might be split up into smaller sections so as to make it more readable.  [Merged from TalkAmerican Cookery/Comments — posted by  Utopienne 1226, 10 August 2007] —    ",0,2,0.058395796
"`   Barnstar   {| style``border 1px solid gray; background-color #fdffe7;`` |rowspan``2`` valign``middle`` |  |rowspan``2`` | |style``font-size x-large; padding 0; vertical-align middle; height 1.1em;`` | The Original Barnstar |- |style``vertical-align middle; border-top 1px solid gray;`` | Just to tell Serendipodous that I haven't forgotten about him, I award the original barnstar. After beginning with an initial fascination with the definition of planet, you have quietly become one of our best astronomy editors and deserve great congratulations. (Even if I don't stop by, I still notice your many efforts!) Cheers,   |}`",0,2,0.058456343
  Srebrenica Genocide  If you want to edit Srebrenica Genocide article first read it!  ,0,1,0.05852469
"Tattyworld Hi Jim,  Why did you remove my entry Tattyworld  I created this entry as many other similar entries exist for similar messageboards/forums ( see b3ta.com ) Would love to know why ?  thanks, HD.   ",0,1,0.0587717
   Complete list of band recordings   i think this should be moved to separate article because when the new album comes out this list is going to get considerably larger and it isn't all that necessary so is it OK if i move it to Complete list of Evanescence recordings I'll leave it a day or to for people to respond. ,0,1,0.05923913
"`   It's been fun  Geogre, I'd hoped to get a chance to say good-bye to you ``in person' before heading out to the swing states, but since that , I'll do it in public here. My ``email this user`` link will still work, although what chance I'll have to access email when in the field, I don't know. But if you can, please keep me apprised of major events in your own life.  `",0,2,0.05941752
"43, 28 July 2005 (UTC)   I see your changes, Wasted, and as they seem to be carefully worded, including the reference to when Rodham began to use the name Rodham Clinton, they form an acceptable compromise. Hopefully, both of us are at least somewhat happy with this compromise and will be able maintain it.  18",0,2,0.059581373
   Merchiston   It might be worth mentioning the rivalry with Merchiston but I'm not sure where this would go and how relevant it is.  ,0,1,0.059779022
"Spam  Thanks for experimenting with Wikipedia. The links you added to the page Celebrity have been removed. Please do not add commercial links—or links to your own private websites—to Wikipedia. Wikipedia is not a vehicle for advertising or a mere collection of external links. You are, however, encouraged to add content instead of links.  See the welcome page if you would like to learn more about contributing to our encyclopedia. Thanks.    ",0,2,0.059936613
"Well, it seems we can't come to an agreement. This will probably go on until someone gives in.  I give in, I don't care anymore.  You probably won't hear from me often in this discussion.  Go ahead InShaneee, you are the admin, we can't stop you.  Let me just remind you though The customer is always right.  ",0,1,0.060167816
"Ducru-beaucaillou  Your article Ducru-beaucaillou has appeared in the Dead End Pages list because it is not wikified.  Please consult the Wikipedia Guide to Layout for more information on how to write a good, wikified article.  I would encourage you to revisit your submissions and {{wikify}} them.  Thanks and happy editing!  ",0,1,0.06040237
"Thanks very much, Banno. I really appreciate your continued efforts on my behalf. As for blocking IPs from editing my user page, that's fine with me. In fact, it'd be fine with me if the block lasted forever.    ",0,2,0.06071317
Anarcho-capitalists use Pierre Proudhon's definition.  What definition do you use?  ,0,1,0.060791586
"`   Album categorization   Why is CategoryAlbums by Band Q under CategoryAlbums of genre X.  I think CategoryAlbums by artist is enough.  Generally a band plays the same genre, say ``genre X``, but what if they release an album of ``genre Y``? It shouldn't default into the genre X category.  Could you clarify the rationale behind this for me, or point me to a discussion where this decision was made?  Thanks. −  (  •  • e-mail ) `",0,1,0.06097284
"   Baba Gurdit Singh   Can you help me figure out where you found out all that information about Baba Gurdit Singh?  I saw that for Baba Gurmukh Singh, you used http//www.punjabilok.com/ as a reference, but if you could point to a more specific page, that would be a great help.  Do you know of any sources that would be considered reliable?    ",0,1,0.06097373
"   Weather in 2007   Hello Oghmoir,thanks for contacting me. I think you have done a great job of the Weather in 2007 page, very, very interesting. Any deletions on the page by me were accidental, sorry for this.   I am glad you liked my article, although it is not always easy to write about the weather. But I guess you already know that. I have years of study behind my back but there are things I don't fully understand.  Writing those aricles needs lots of research. I try to be as accurate as possible. I think progress will be slow but this kind of pages are becoming increasingly popular as more and more people want to read more about whats happening to our planet.   ",0,2,0.061307557
"` Raise it on WPAN if you disagree.  We've had two consensus discussions that both agreed upon full sitebanning.  I stepped back from that once on my own initiative, and tried to step back from it a second time.  Nothing bound me to do so and - if anything - I went against consensus by extending so many chances.  This editor has been fully informed about the options for appeal. '''' `",0,1,0.061618023
"   Books?   This article says that Bibire 'has written several books on these and related subjects'. I'm aware of several articles by Bibire, but the only book which comes up on major library catalogues is Sagas, Saints and Settlements, The Northern World, 11 (Leiden Brill, 2004), which, as the article says, he co-edited. So I'm inclined to change 'books' to 'articles' here.  ",0,1,0.0619632
   Arbitration   I have filed an arbitration request concerning Attachment Therapy and listed you as an involved party. You can provide a statement at WikipediaRequests for arbitration#Attachment_Therapy.  ,0,1,0.06252401
" cristibur, Ok i understand that you don't want ot believe me that Tarom has destinations at Montreal, it's okay. I want just ot tell you that the destinations is not me who invented. I took them from the Tarom's official website, at site's map, in update timetable. I also to tell to check on admtl.com and to look at airlines serving Dorval and Mirabel.If you don't want anymore to answer here, no problem, me to I'll not post anymore.I'm sorry that we quarreled.  ArthurNorbert",0,1,0.062547356
"`   Release Date   Although the title says ``Summer 2006``, I've called around EB Games and quite a few other places, and they said Sega intends on releasing Sonic 2K6 the same day as the PS3, at least in Canada (where I am). Shall i add that note to the release date information on the page?    -   `",0,1,0.06257833
"    Your School  hey you go to churchill, do you know a guy named Ahmad Thobani?",0,1,0.0627545
"   Hi          hey Vlatkoto, your vote isnt counted like this. You should put ( ) in the end of your vote to sign in here . Thanx",0,1,0.062823676
"   Hello,  I am the owner of the 2 photos you deleted. perhaps i didn't license it properly because I don't have good English and thought i was putting it by the right category. Mimel took the photo, he and I uploaded the file. He is a photographer in Haifa, Israel.  In which category should I put the photos, considering that you are speaking to the person that took it. We can decide to make it a free licences with Mimel tommorow without any problem. ",0,1,0.06288576
Hi its me again.I saw the page on Canberra.Looks quite interesting to me!Ill check it out on Google Earth  ,0,2,0.06293587
"  Map This Pacific Map is good, but I feel it needs to express some other American claims in the Pacific.  For instance, the claim of the US to Washington and Fanning Atolls has not yet been dropped or ceded in any way, so why not add those islands on the map with disputed sovereignty asteriks?  Also, can we get a map of the Caribbean with at least the three islands that are mentioned here?  This is very nice.  ",0,2,0.06303352
BUT this is exactly what you've done countless times Blanket Rev everything! ,0,0,0.06386894
"  Thank you for your answer. However, I shall wait for Doc's one, before giving my opinion on the matter. ",0,1,0.06412929
"`  {| style``border-spacing8px;margin0px -8px`` width``100%`` |class``MainPageBG`` style``width 55%; border1px solid #084080; background-color#F5FFFA; vertical-aligntop;color#000000;font-size 85%``| {| width``100%`` cellpadding``2`` cellspacing``5`` style``vertical-aligntop; background-color#F5FFFA`` !  Hello JonathanEllis, and welcome to Wikipedia! Here are some recommended guidelines to help you get involved. Please feel free to contact me if you need help with anything. Best of luck and happy editing!   |} {| style``border-spacing8px;margin0px -8px`` width``100%`` |class``MainPageBG`` style``width 55%; border1px solid #FFFFFF; background-color#F5FFFA; vertical-aligntop``| {| width``100%`` cellpadding``2`` cellspacing``5`` style``vertical-aligntop; background-color#F5FFFA`` ! Getting started |- |style``color#000``| * Wikipedia Tutorial * How to edit a page * The five pillars of Wikipedia * Manual of Style * Be bold in editing * How to write a great article * WikiProjects |- ! Getting your info out there |- | style``color#000``| * Cite your sources * Neutral Point of View * Point of View * Verifiability * Uploading images * Image use policy |- ! Getting more Wikipedia rules |- | style``color#000``| * Policy Library |- |} |class``MainPageBG`` style``width 55%; border1px solid #FFFFFF; background-color#F5FFFA; vertical-aligntop``| {| width``100%`` cellpadding``2`` cellspacing``5`` style``vertical-aligntop; background-color#F5FFFA`` ! Getting help |- |style``color#000``| * New contributors' help page * Where to ask a question * Help Desk * Frequently Asked Questions |- ! Getting along |- |style``color#000``| * Wikipedians * Wikiquette * Civility * Sign your posts * Conflict resolution |- ! Getting technical |- |style``color#000``|  * Pages needing attention * Peer review * Utilities * Village pump |- |} |} |} `",0,2,0.0642294
   I have an idea   Hook him up with James McGreevey!,0,1,0.064377695
"   Block?   I received a message that said I edited something...  I have never done that.  I have used wikipedia before, but never tried to edit it.  I don't understand why I received that message.  I did learn something that I thought to add to an entry.  Can you tell me how to go about doing that?  tcox0228@aol.com",0,0,0.0643887
"   Wario   It's been improved since you objected. Could you consider adjusting your vote, even to Weak Oppose? I'd like to know what still can be fixed.   ",0,1,0.06444725
  The two buildings are joined together and Humphrey patrolled them both (and indeed much wider - his main work was at the Cabinet Office. .   . ,0,1,0.06445962
"   Bud Selig   You might want to read up a bit more about using the Neutral point of view with regard to the Bud Selig article; opinions should not be expressed without sourcing them, and even then they should be expressed dispassionately.  Cheers.  ",0,1,0.064721145
"  I'm not making them up! They are real! They were released for anniversary editions, although Sword in the Stone came out for a platinum release. Also, Alice in Wonderland was released 1986 & it has the artwork seen here. It is from 1986.  ",0,1,0.0648334
   The Mix is not a remix album!   It features digitally re-recorded versions of a selection of songs which had originally appeared on their earlier albums. I would remove the tag myself if I had access to the page.,0,1,0.064841904
`  {| class``messagebox standard-talk`` |- | |I am busy in Real Life. I may not be able to contribute to Wikipedia at least for some time as I want to devote more time for my book German Memories in Asia  |}   `,0,0,0.064950556
" One could incorporate Roxas' story into Sora (Kingdon Hearts) if they really wanted to, though. We did the same for Xehanort.   )  ",0,1,0.06497948
"` Heya, I divide between guidelines and rules, and I would assign this to the latter. But I do not want argue with you, finally style is not important at all.  I have removed the TOC on my userpage, since it has made the page a little bit too messy. Tomorrow I will move the entries of the last month to the archive, so you will have a lot of space to write -) ~~    ~~ `",0,0,0.06498781
"You guys can still put it in, you just need to mention that it existed only in Snorri's imagination.    ",0,1,0.06510392
" FisherQueen, I feel obliged that you apologise first, thank you.  ~ ",0,2,0.06563346
"` {| style``border-spacing8px;margin0px -8px`` width``100%`` |class``MainPageBG`` style``width 55%; border1px solid #084080; background-color#F5FFFA; vertical-aligntop;color#000000;font-size 85%``| {| width``100%`` cellpadding``2`` cellspacing``5`` style``vertical-aligntop; background-color#F5FFFA`` !  Hello Wagerweb, and welcome to Wikipedia! Here are some recommended guidelines to help you get involved. Please feel free to contact me if you need help with anything. Best of luck and happy editing!    |} {| style``border-spacing8px;margin0px -8px`` width``100%`` |class``MainPageBG`` style``width 55%; border1px solid #FFFFFF; background-color#F5FFFA; vertical-aligntop``| {| width``100%`` cellpadding``2`` cellspacing``5`` style``vertical-aligntop; background-color#F5FFFA`` ! Getting started |- |style``color#000``| * Wikipedia Tutorial * How to edit a page * The five pillars of Wikipedia * Manual of Style * Be bold in editing * How to write a great article * WikiProjects |- ! Getting your info out there |- | style``color#000``| * Cite your sources * Neutral Point of View * Point of View * Verifiability * Uploading images * Image use policy |- ! Getting more Wikipedia rules |- | style``color#000``| * Policy Library |- |} |class``MainPageBG`` style``width 55%; border1px solid #FFFFFF; background-color#F5FFFA; vertical-aligntop``| {| width``100%`` cellpadding``2`` cellspacing``5`` style``vertical-aligntop; background-color#F5FFFA`` ! Getting help |- |style``color#000``| * New contributors' help page * Where to ask a question * Help Desk * Frequently Asked Questions |- ! Getting along |- |style``color#000``| * Wikipedians * Wikiquette * Civility * Sign your posts * Conflict resolution |- ! Getting technical |- |style``color#000``|  * Pages needing attention * Peer review * Utilities * Village pump |- |} |} |} `",0,2,0.065856375
"`welcome {| style``border-spacing8px;margin0px -8px`` width``100%`` |class``MainPageBG`` style``width 55%; border1px solid #084080; background-color#F5FFFA; vertical-aligntop;color#000000;font-size 85%``| {| width``100%`` cellpadding``2`` cellspacing``5`` style``vertical-aligntop; background-color#F5FFFA`` !  Hello , and welcome to Wikipedia! Here are some recommended guidelines to help you get involved. Please feel free to contact me if you need help with anything. Best of luck and happy editing!   |} {| style``border-spacing8px;margin0px -8px`` width``100%`` |class``MainPageBG`` style``width 55%; border1px solid #FFFFFF; background-color#F5FFFA; vertical-aligntop``| {| width``100%`` cellpadding``2`` cellspacing``5`` style``vertical-aligntop; background-color#F5FFFA`` ! Getting Started |- |style``color#000``| * Wikipedia Tutorial * How to edit a page * The five pillars of Wikipedia * Manual of Style * Be bold in editing * How to write a great article * WikiProjects |- ! Getting your info out there |- | style``color#000``| * Cite your sources * Neutral Point of View * Point of View * Verifiability * Uploading images * Image use policy |- ! Getting more Wikipedia rules |- | style``color#000``| * Policy Library |- |} |class``MainPageBG`` style``width 55%; border1px solid #FFFFFF; background-color#F5FFFA; vertical-aligntop``| {| width``100%`` cellpadding``2`` cellspacing``5`` style``vertical-aligntop; background-color#F5FFFA`` ! Getting Help |- |style``color#000``| * New contributors' help page * Where to ask a question * Help Desk * Frequently Asked Questions |- ! Getting along |- |style``color#000``| * Wikipedians * Wikiquette * Civility * Sign your posts * Conflict resolution |- ! Getting technical |- |style``color#000``|  * Pages needing attention * Peer review * Utilities * Village pump |- |} |} |}  `",0,2,0.06585693
"  Reply to Dunc_Harris OpenOffice is a word processor indeed. As the text ist authentic, I have no further sources to mention but myself, Mihai Nadin and Elvira Nadin.  ",0,1,0.06587625
"` A welcome from    Hello, , and welcome to Wikipedia! Thank you for your contributions; I hope you like the place and decide to stay. We're glad to have you in our community! Here are a few good links for newcomers  *If you haven't already, drop by the New user log and tell others a bit about yourself. *Always sign your posts on talk pages! That way, others will know who left which comments. *The Five Pillars of Wikipedia *Simplified Ruleset *How to edit a page *Editing, policy, conduct, and structure tutorial *Picture tutorial *How to write a great article *Naming conventions *Manual of Style *Wikipedia Glossary *If you're ready for the complete list of Wikipedia documentation, there's also the Topical index.  I hope you enjoy editing here and being a Wikipedian! Though we all make goofy mistakes, here is what Wikipedia is not. If you have any questions or concerns, don't hesitate to see the help pages or add a question to the village pump. The Community Portal can also be very useful.  Happy Wiki-ing!      P.S. Feel free to leave a message on  if you need help with anything or simply wish to say hello. )`",0,2,0.06611811
"` {| style``border-spacing8px;margin0px -8px`` width``100%`` |class``MainPageBG`` style``width 55%; border1px solid #084080; background-color#F5FFFA; vertical-aligntop;color#000000;font-size 85%``| {| width``100%`` cellpadding``2`` cellspacing``5`` style``vertical-aligntop; background-color#F5FFFA`` !  Hello Anniefrankenstein, and welcome to Wikipedia! Here are some recommended guidelines to help you get involved. Please feel free to contact me if you need help with anything. Best of luck and happy editing!   |} {| style``border-spacing8px;margin0px -8px`` width``100%`` |class``MainPageBG`` style``width 55%; border1px solid #FFFFFF; background-color#F5FFFA; vertical-aligntop``| {| width``100%`` cellpadding``2`` cellspacing``5`` style``vertical-aligntop; background-color#F5FFFA`` ! Getting started |- |style``color#000``| * Wikipedia Tutorial * How to edit a page * The five pillars of Wikipedia * Manual of Style * Be bold in editing * How to write a great article * WikiProjects |- ! Getting your info out there |- | style``color#000``| * Cite your sources * Neutral Point of View * Point of View * Verifiability * Uploading images * Image use policy |- ! Getting more Wikipedia rules |- | style``color#000``| * Policy Library |- |} |class``MainPageBG`` style``width 55%; border1px solid #FFFFFF; background-color#F5FFFA; vertical-aligntop``| {| width``100%`` cellpadding``2`` cellspacing``5`` style``vertical-aligntop; background-color#F5FFFA`` ! Getting help |- |style``color#000``| * New contributors' help page * Where to ask a question * Help Desk * Frequently Asked Questions |- ! Getting along |- |style``color#000``| * Wikipedians * Wikiquette * Civility * Sign your posts * Conflict resolution |- ! Getting technical |- |style``color#000``|  * Pages needing attention * Peer review * Utilities * Village pump |- |} |} |}`",0,2,0.06628318
 **Could you provide an abstract of what this book discusses and how it's relevant to Churchill?  ,0,1,0.066454105
Giles Farnaby's year of birth is sometimes given as 1565 *http//www.hoasm.org/IVM/Farnaby.html  sometimes as 1562 *http//www.musicweb.uk.net/classrev/2006/Mar06/Farnaby_Fantasias_8570025.htm  sometimes as 1563 *http//www.musicweb.uk.net/classRev/2003/Nov03/farnaby.htm  What is the basis for claiming his year of birth was 1560?  ,0,1,0.06669073
"   Vandalism Revisited   Thanks for experimenting with Wikipedia, Mr. AOL address 152.163.101.14. Your test worked, and has been reverted or removed. Please use the sandbox for any other tests you want to do. Take a look at the welcome page if you would like to learn more about contributing to our encyclopedia. Thanks. It's on WikipediaRequests for comment/NicholasTurnbull, please don't add irrelavent content on it Thanks.  ",0,2,0.06681036
"`  He is an Alumnus, a scientist and an Interaction Design pioneer.  If you want to reword the article, by all means   call Carnegie Mellon for verification.  Also, if you read CategorySuspected_Wikipedia_sockpuppets_of_Young_Zaphod it mentions ``Herb Gilliland`` because of an article involving Mr. Gilliland.    `",0,1,0.06705598
"`Hello Summer song, I have reverted eschatology back to the main page. Eschatology has nothing whatsoever to do with ``opposition to Jehovah's Witnesses``. Eschatology is about signs, predictions, and biblical text about the keen interest Christians have about the coming of Christ's Kingdom. It is about the history of those looking towards that Kingdom, and signs that it may be imminent. It has nothing at all to do with ``opposition``, so I really don't know why you put it in that separate page that you created about ``opposition``. Kind regards,  3rd of August 2005  `",0,1,0.06720492
"Here are some reviews. I haven't posted them on my main page because I cannot judge whether this is self-promoting or not. Would they be appropriate?  * Slashdot * Linux Journal * Linux Security.com * OS News * USA Linux Users Group * Internet Tools for Lawyers  I can provide more if desired.   The oreillynet.com Author Bio provided by Shot Info (above) is official, but FYI I wrote it on request from O'Reilly, so it might not be the best reference due to COI.     ",0,1,0.06720539
  -  I got my data about Dodd designing the Chat. house on 4th Street from a house rehabilitation info banner in front of the blue house at the corner of 4th & Belgravia Ct. It states that Dodd designed the house for jeweler Joseph Wyrne. I can upload a picture of the banner if you want it. My landlord was also state that Dodd is the designer of the Chat. grouping.  ,0,1,0.06730452
"Regarding edits made during July 15 2006 (UTC) to Jack Abramoff Thank you for experimenting with Wikipedia. Your test worked, and it has been reverted or removed. Please use the sandbox for any other tests you want to do. Take a look at the welcome page if you would like to learn more about contributing to our encyclopedia. If this is an IP address, and it is shared by multiple users, ignore this warning if you did not make any unconstructive edits.   ",0,1,0.067725666
"` {| style``border-spacing8px;margin0px -8px`` width``100%`` |class``MainPageBG`` style``width 55%; border1px solid #084080; background-color#F5FFFA; vertical-aligntop;color#000000;font-size 85%``| {| width``100%`` cellpadding``2`` cellspacing``5`` style``vertical-aligntop; background-color#F5FFFA`` !  Hello , and welcome to Wikipedia! Here are some recommended guidelines to help you get involved. Please feel free to contact me if you need help with anything. Best of luck and happy editing!   |} {| style``border-spacing8px;margin0px -8px`` width``100%`` |class``MainPageBG`` style``width 55%; border1px solid #FFFFFF; background-color#F5FFFA; vertical-aligntop``| {| width``100%`` cellpadding``2`` cellspacing``5`` style``vertical-aligntop; background-color#F5FFFA`` ! Getting started |- |style``color#000``| * Wikipedia Tutorial * How to edit a page * The five pillars of Wikipedia * Manual of Style * Be bold in editing * How to write a great article * WikiProjects |- ! Getting your info out there |- | style``color#000``| * Cite your sources * Neutral Point of View * Point of View * Verifiability * Uploading images * Image use policy |- ! Getting more Wikipedia rules |- | style``color#000``| * Policy Library |- |} |class``MainPageBG`` style``width 55%; border1px solid #FFFFFF; background-color#F5FFFA; vertical-aligntop``| {| width``100%`` cellpadding``2`` cellspacing``5`` style``vertical-aligntop; background-color#F5FFFA`` ! Getting help |- |style``color#000``| * New contributors' help page * Where to ask a question * Help Desk * Frequently Asked Questions |- ! Getting along |- |style``color#000``| * Wikipedians * Wikiquette * Civility * Sign your posts * Conflict resolution |- ! Getting technical |- |style``color#000``|  * Pages needing attention * Peer review * Utilities * Village pump |- |} |} |} `",0,2,0.06777515
"`  Markstreet and Mauco Was there ever a ip check on these users? This reply of Street is surprisingly simmilar to how Mauco reverted and argued that the version to which he reverted to is the one ``agreed on``. Also, I find certain talk patterns in Street, which I also noticed in Mauco... It`s clear (at least for me) that Mauco works for ICDISS, and considering that Street works for TiraspolTimes (itself a ICDISS site), than I think all chances are Street and Mauco are the same person... What do you think?  `",0,1,0.06778878
" what do you mean by a good intro? can you rewrite it? *about the fair use i use the logo picture just in order to show the development link between the Grand Duc and nEUROn. if you can design a 3DCG of the nEUROn scale model do it. i used this one because as a correction since the previous pic was an  outdated prototype, namely the Grand Duc. i have updated this article and i am responsible for the LOGIDUC, but i'm currently too busy to spend time on wiki. so good luck.  ",0,2,0.06780266
 I still can't edit my own talk page and can't respond to comments by Jersey Deveil.  Do you know what I have to do to get this lifted? ,0,0,0.06782102
"  I am sorry you feel that way, and apologise unreservedly if anything I have said has caused offence.  We really do value your contributions.  For what it is worth, it is entirely possible to be involved in WPCRIC without being listed as a participant.    ",0,1,0.06792408
" April 2007 (UTC)  Monday April 23rd Homework Complete. User1013-alex/draft  1434, 23",0,1,0.06802711
"`   Mark 169-20   Hi,   There may be an inconsistency with the article linked in Mark_16, because that article mentions Irenaeus, a 2th century church father quoting from that questioned ending, so he originally used a manuscript with that ending before the so-called ``earliest`` manuscripts.  You can find a good discussion on Mark 16 at http//www.new-life.net/faq011.htm . Though the author believes that part is in the original texts, he presents a detailed explanation, why.  Thanks,  `",0,1,0.068207845
"`Thank you Siafu.  The VoiceOfAll version of the page is quite fine, and I am sure consensus will verify that (just take a look at the history).  I will revert to that version as the ``dubious`` tags are simply one person's objections, rather than actual dubious passages. Notice the page was changed to that point after only hours of it being reverted before.    `",0,2,0.068237096
"   Thanks for your message   Hi Ray. I was not unhappy to be working with you. My withdrawal relates entirely to the nature of AMA. I recognise many of the criticisms of the project, and feel that it can sometimes be damaging. I am considering the new scheme of WikipediaEditor assistance. You may wish to leave a request for assistance there. Warm regards  ",0,1,0.06837944
"`   CJ pics/ fair use    Is it possible that some of the graphics appearing in the Courier Journal (like the ones for Museum Plaza,  River Park Place, or parks expansion could be used on Wikipedia  by claiming fair use?  Also, I don't see an article yet about the greater Highlands nightclub and eclectic area, so I may try to create one today.   I was also wondering about dividing up the cityscape article by defining the city by 4 regions South, East, West, AND ``Inner East side`` (The area from Old Louisville, Germantown, the Highlands, and Crescent Hill which is predominatly young profs.) While the Highlands and Clifton/ Cres. Hill are on the east end and Old Lou. is on the S. side, I feel that they are culturally and physically different from other parts of town and associate more with each other. Any suggustions?   Brando03`",0,1,0.06849004
"There is absolutely no copyright on the 1879 Yarri story.  Its still appropriate to note its origin though so it can be checked, plus also polite to do so re original author/publisher.    ",0,1,0.06849529
  The alternative term was in the summary of 9 December and was added to Pathoschild's edits of that version on 10 December.  ,0,1,0.068535976
`   Science Collaboration of the month   {| class``current`` style``background #E6E6FA; border 1px solid #000000; padding .5em; margin-bottom 3px; font-size 95%; width auto;`` | style``padding-right 4px; padding-left 4px;`` |  | You voted for  and this article is now the current Science Collaboration of the Month!Please help to improve it to match the quality of an ideal Wikipedia science article. |}  e   `,0,2,0.06866401
"  Tajik, in response to your posting on my talk page, I am not starting an edit war, but you should not be editing the page, when we are involved in an unresolved dispute on talk page. That's normal way this page has been operating to avoid edit wars and all consequences thereof. Disputes are resolvable, and the version currently there is not even final by me, but by Sa.Vakilian and supported by Ali Doostzadeh and few others. Even Kiumars agrees with many points, while you try to change very sensitive information without final decisions. Let's get back to discussion and exercise some patience and understanding of opposite points, just like most of us do.  ",0,1,0.06881968
"   Re Sarah Garnett   Well, it's SOMETHING, but pretty general.  Verifiability is a necessary but not sufficient criteria.  Check my additional comments at the AFD discussion.  ",0,1,0.06915258
"  I did not delete anything.  I moved to Critiques to keep the logical order of the artcle, and I even added a section summarizing criticism for the Overview.  I resent your characterizations of my edits.  I have not deleted relevant text and I have explained my edits based on relevancy, which is fully consistent with Wiki policy.  Mr. Pitchford did, on the other hand, delete very relevant text, with no explanation and no attempt to work constructively.  If you want to revise the brief summary of criticism in the Overview, please do, but please keep it brief.",0,1,0.069293715
"  * Ehhhh, It's growing. Give it a month, maybe 2 and there will be a lot more information. All games (and their pages) gotta start somewhere and we're at that point here. I'd say to link here from the Command and Conquer Series page, since the Tiberian Twilight page was already redirected here (hats off to whoever beat me to it). I can't wait for more stuff like screenies and concepts to come out.  ",0,2,0.06936088
"`   Hi there, OK, I see what you've done here - almost a 'pseudo-link' that refers you to a list of references at page-bottom as opposed to inserting the titles, authors, etc, in brackets in the actual sentence. Could you forward me the ``code`` to use in order to have, for example, this reference linked to the bottom of the page  Como Llego La Noche, Matos, Huber, Tusquets-2004  Thanks much - this seem to read much more easily when referencing in this manner.`",0,2,0.06937887
"` {| width``100%`` style``backgroundtransparent`` {| width``100%`` style``background-color#`` |style``width 50%; border1px solid #; background-color#; vertical-aligntop``| {| width``100%`` cellpadding``2`` style``vertical-aligntop; background-color#`` | Hello T073009, and Welcome to Wikipedia! Please remember to sign your name on talk pages by clicking  or using four tildes (~~~~); this will automatically produce your username and the date. Also, please do your best to always fill in the edit summary field. Below are some useful links to facilitate your involvement. Happy editing!   |} {| width``100%`` style``background-color#`` |style``width 50%; border0; background-color#; vertical-aligntop``| {| width``100%`` cellpadding``2`` style``vertical-aligntop; background-color#;`` |- ! Getting started |- |style``color#000``| * Introduction * The five pillars of Wikipedia * How to edit a page |- ! Finding your way around |- | style``color#000``| * Table of contents * Department directory |- ! Editing articles |- | style``color#000``| * How to develop an article * Manual of Style |- |} |style``width 50%; border0; background-color#; vertical-aligntop``| {| width``100%`` cellpadding``2`` style``vertical-aligntop; background-color#`` ! Getting help |- |style``color#000``| * Frequently asked questions * Cheatsheet * Where to ask a question * Help pages * New contributors' help page |- ! How you can help |- |style``color#000``| * Contributing to Wikipedia * Community Portal * Follow Wikipedia etiquette * Practice civility |- |} |} |} |}`",0,2,0.06960604
"Well..........I totally need to see SANTA CLAUSE 3 so badly! every1 says its so good. tell me wat every1 thinks about it. Just say wat u think about the movie on this page. ASAP please! O......and wooever can sing really well, we are looking 4 great singers to perform and  act (be a part of) a Disney Channel Movie for the year 2008. Well this is Ashley Tisdale Speaking.   o and  i forgot to mention, if u r intrested in the acting and singing part, just come 4 auditions at 362 Greenfield Drive on Burbank California on May 7, 2007                   This is Ashley Tisdale! Catherine........ thnax! ",0,2,0.06969962
" Boba Fett seems like a good addition to me, but I think Hiro Nakamura is far more of a breakout character for Heroes, and you just glossed over him.  Hayden Panatierre may be on the covers of magazines (she is a photogenic young lady), but almost every article I have read regarding Heroes has mentioned Masi Oka, and a fair number of them have been about him exclusively.  That said, I am not sure that either of them are true breakout characters.  While the Petrelli storyline is central to the story, both characters have had a great deal of screentime from the very beginning, and I don't think they were ever intended as minor roles.",0,1,0.06972867
"   You can edit the article then as you wish, I however think this section is very important in regards to Mr. Rasmussens premiership. ",0,1,0.0697496
"  Requested move For reasons cited above, though it doesn't matter much to me whether they are all at Pippin or Pepin, consistency would be nice. And I think Pepin is more common (at least historically) in English than Pippin. Either way, each page should mention the variations.  ",0,1,0.06982719
", 28 February 2007 (UTC) Ah, didn't realise it was as long as three months.  I should have looked back on what happened with Chetwynd, British Columbia, where I was slightly controversial by listing it on FARC (as it was then) seven weeks after it was promoted.  Well, let's just say that when I said 'a few', I meant 'about twelve'...   1858",0,1,0.070097186
"   Just because you are not familiar with Web technologies doesn't mean we should deny the world of their descriptions. The Web of Contacts was the model used by SixDegrees.com, and was an agent that built social networks. The Circle of Trust was a model that allowed people to indicate the users they trusted. The Circle of Friends, which is used on Friendster and MySpace allows people to manage their social network. The Old School Tie, used by Classmates.com is a social networking system that allows you to link up with old school friends  ",0,1,0.07016398
"`   Vilem Flusser   Hi, done. Feel free to edit these changes.  `",0,1,0.0702133
"      The is an article about Duluth on uncyclopedia, and if that is worth mentioning then it should be added.",0,1,0.070255786
"  Aside from the municipal election, I don't know about Ruffolo but Frankl and Shahaf both deserves articles based on their past accomplishments, both have very impressive backgrounds.  But all the articles are now deleted so in all fairness I will leave it at that, as I mentioned before there is two options either all have articles or all articles deleted, you guys chose all deleted which is ok with me.  Anyway this ward 5 race will be something to keep an eye on, should be interesting. ",0,2,0.070345856
" Survey Q Have you ever been to the southern hemisphere?  Deadline is December 15th.   Dude, my favorite subject is astronomy too.",0,2,0.07052083
"` This is true, but it is the Labor Day Weekend...three day weekend )  So, it's kinda the weekend still....and kinda not )  Take Care...  `",0,1,0.07070448
 Should we add an example of the inconsistencies of Wolverine's healing factor?    ,0,1,0.070773974
  The requested reference for Spring Heeled Jim located and added. ''''  ,0,1,0.07101929
" It's all a matter of how you look at it, I reckon. If I got a job with additional responsibilities after a really arduous interview process, I'd sure want to celebrate, & hope to have friends to celebrate with me. Even though the next day the candidate who got through that process has more work to do.  But there's joy too in a task taken up willingly, no matter how utilitarian; & since Dreadstar took it up willingly, I wish him continuing joy of it, & satisfaction in doing the added work he's taken on in full view of the rest of Wikipedia with competence, responsibility, & integrity. And an occasional beer.  ",0,2,0.07106276
"  I have a copy of the 'Encyclopedia of Rugby League Players', this will have all of John Quayle's stats. I will try and add them soon. ",0,1,0.07142764
   Need your feedback   Where have you been?  The goyim are pov pushing on Israel again.  I need your help to stop the whitewashing and Slimvirgin has not been around either.,0,0,0.07150175
"   Your note re V   Hi Jguk, I probably missed the recent event, but I know that as of a couple of weeks ago as well as a few days ago, we were discussing specifically the nutshell box. In that discussion, which I think we had consensus (I initially disagreed and then agreed with the others) the nutshell format was an issue. Today I saw you reverted the nutshell into a bland (and non-standard with the other policy pages) message box. I also saw the disagreement in the Talk page with Jossi. I agree with you that consensus has to be reached a priori for these pages, I guess the question is which version is consensual. IMO at least the nutshell has been there for quite a while over the last few months, survived a lot of upheavals and conforms to the other policy pages.  ",0,1,0.071636625
`   Edits regarding ``System G``   The user making the contributions regarding System G has been posting on my talk page. See the discussion at . I'm trying to clear up the issue the best I can.• `,0,1,0.07201285
  Oh now I get it.  Please have a great Shabbat-I am very sorry to trouble you with this as the sun is setting.  I was so upset over what happened.  Thanks for the nice words.  The environment is hard for me.   ,0,0,0.07211718
"  Thanks Thanks for reverting 's edits to Principality of Seborga. You might want to take note that this editor is currently actively campaigning to delete a large number of other similar articles from WP, including Independent State of Aramoana. Any assistance you can give in roling back these edits is appreciated.  ",0,2,0.07216457
  Ahmedinejad Please use only one account to revert. Thanks  ,0,1,0.07241993
"`   AS like is, Myspace.com/Meerkatmanor_Flower           or Zaphod or Axle or Mozart or kinkajou with Meerkat monor in front THERE  `",0,1,0.07246982
"  As does outwith.  Many Scots live outside Scotland and we use outwith without hesitation, so it is used outside Scotland. I've never had anybody query me on its meaning and that meaning is pretty clear in this sentence.  I see no reason to change it.  If you want to change Wikipedia to Standard English, there are plenty of Americanisms to take up your time but I'd suggest that you accept minor national variants in English spelling, vocabulary and grammar.   |  1925, 2004 Jun 27 (UTC)",0,1,0.07248743
" The split refers to splitting the article in to separate sections such as Gameplay of Counter-Strike or Counter-Strike maps (just as examples) - not the moving of the article to a different name.  Again, whatever the plan, it's probably best to discuss it here first.   ",0,1,0.07257862
Thank you for initiating the page Yifu on Wikipedia.  It has been nominated for speedy deletion as it provides no meaningful content.  Please use the sandbox for any other tests you want to do. Take a look at the welcome page if you would like to learn more about contributing to our encyclopedia. Thanks!   ,0,2,0.072730936
"  They were never intended to be perfected, finished bios. More a starting off point to be refined further and further. The Paige one is a tad long, though.  ",0,1,0.07273908
"  Lewes The county town of Sussexs is not quite so straightfoward. Assizes were held in both Chichester and Lewes, and the county town swapped between them several times. I don't have the details on this though.  ",0,0,0.07333839
  Back up your claims with reputable sources. Are you Michael Lafosse in reality?  ,0,1,0.073728494
"`   Styles  Added Karate Style-lines with Okinawa extraction (1372), New Karate-Styles with Japanese extraction, New Karate-Styles with European extraction.    I have moved this new input by Robzombie to the bottom of this (discussion) page to keep it more chronological...   `",0,1,0.073869236
" hey! look who's comin', another xbox fanboy david fuch. how did you came here? are you reading my edit log as do SeanMoney aka Falcon9x5?   ",1,1,0.073913164
"`  It means that if you're familiar with MVC you'll recognize the architecture, though some things don't go by exactly the same names; the same separation of concerns  data modelling, routing, database interaction and presentation  are all kept in well-separated components just as in a stricter MVC design, but the naming is different. Django's templates, for example, embody the pure presentational logic which is called the ``view`` in strict MVC, and a Django ``view`` actually does most of the duties of a strict-MVC controller (database interaction and selecting a template to use for presentation). These differences arise because, historically speaking, Django is more concerned with ease of use and practicality than with design-pattern purity.  `",0,1,0.07391395
" Sheh-ole   Hi there, and welcome to Wiki. Your recent additions to a few pages with connections to Strong's concordance have been a welcome addition to Wiki, but you seem to be confusing a few things. From my (printed) copy of Strong, Sheh-ole is clearly a pronunciation guide, not an alternative spelling. The standard transliteration is Sheol. So instead of creating a new page, some of the other changes you've made, we need to just slow down with this and get it clear. We need to merge your new page Sheh-ole into the Sheol page, and undo those links you added. If you can do that yourself that would be great; otherwise, do watch out for this before you add more content to Wiki.  ",0,1,0.07394271
  Clearer definition needed I think a clearer definition of POV pushing with clearer examples is needed for the uninitiated because people may not realize what is kosher and what isn't. I don't know enough about what everyone thinks to be much more of a use here. ,0,1,0.07405576
"`  So, I decided to try to find a standard for how an article on an episode should look. The featured article I found on an episode was Pilot (House). The article contains no lists. So maybe, instead of ``Production Notes`` we could do something like their Behind the scenes section. I'm quite sure that the DVD releases come with commentary on a few of the episodes, if not all, and I know that the Pilot for Avatar has commentary.  `",0,1,0.074073926
"   Thank you!   Nick, thank you for supporting my List of atheist Nobel laureates. I am leaving Wikipedia. Goodbye!  ",0,2,0.07411797
" June 2006 (UTC)  Discussing Australia's loss, and Cantalejo's role in it IS improving the article. I think his actions at WC2006 raise a number of significant questions, and I think this article SHOULD discuss them.  0859, 27",0,1,0.07437263
  China and India  I am removing again China and India because of   * Some people consider them as emerging superpowers (one step up a major power);  * There are specific articles (Potential superpowers China and India)  * Clear links were established in the article major power leading you to both specific article;  * Original purpose of splitting the article Superpower was ti make article shorter...(and this one is already long)  * Repetitive material;  Regards,0,1,0.07438103
"` In response to your comment on my ``HOWS MY DRIVING`` RfC page, I just wanted to make note that the votes in the proposed arbitration decision count it is how they come to their final decision.  Of course, if you look at the ``editing restrictions``, you'll see that the Editing restrictions against you and Jayjg did not pass;  only the editing restrictions with respect to you passed.  Thanks.    ,  `",0,1,0.074686766
    ken  to dunc I appended/revised my last post to you.   ken,0,1,0.07478457
" Is this the same Michael Dorosh with 20,000+ posts at the Battlefront Forum ?  The last time I read there six months ago, CMSF was suppose to be released in June 2006 !  ",0,1,0.07482069
"   Girl Scout   What to do with Girl Scouts? There two kinds of Girl Scouts * Girls who are scout and do the same as Boy Scouts, described in this article (WOSM members or WOSM/WAGGGS members) * Girls who are guides but are called scouts like in the USA, Taiwan or Armenia, described in Girl Guides (WAGGGS members) Maybe some kind of Disambiguation page? Egel Reaction? ",0,1,0.075210124
" WPNC suggests that the name should be the most common current name for whatever it is.  This makes me think that as the article is referring to two separate things, there should be a Queen's Bench Division article that goes to the current Queen's Bench and a Court of King's Bench article that refers to the historic court.  Or at least, the article should be titled Queen's Bench as that is the current name.  ",0,1,0.075331695
  Theodora Kroeber was four years old in 1901. Please don't include references you haven't consulted yourself and whose relevance you haven't verified. That's not accepted scholarly practice.  ,0,0,0.07557972
"  It would seem that this information was added by user 80.229.25.1 on July 12, 2006 .  |  ",0,1,0.07579028
  chandramaham Liked the photos you uploaded on the rajput page.  Are you a rajput?  ,0,2,0.07634056
"  Gibraltar  I don't quite see what you were trying to achive by renaming the link to the history of Gibralar 'the dispute' they are two seperate articles and the dispute is part of the history, not the other way around.   ",0,0,0.07643397
"  KV photos   On commonsCategoryValley of the Kings, we've got two pics *ImageLuxor, Tal der Könige, Grab von Thutmosis III. (1, 1995, 800x570).jpg, which claims to be the tomb of Tuthmosis III (KV34) *ImageGrabmalereien.jpg, claims to be from Ramesses II's tomb (KV7).  Can anyone confirm those? I don't know about the first one KV7's never been open when I've been there, but I didn't know it was stylistically so similar to KV2. As for the first one, it just doesn't look like KV34.  ",0,1,0.07648391
"  It's really confusing having separate articles. Look at Sutton Hoo for example - it is a single article about the place, dig site and treasure. I'm sure there other examples on Wikipedia. If we keep Tillia tepe, then we need to move the content from Bactrian Gold and redirect Bactrian Gold to Tillia tepe. Is that a merge you would support?   ",0,1,0.076504186
 And now I see that we're back to citing Hunter-Hindrew/Mama Zogbé as a source. Hadn't we agreed that she does not meet Wikipedia's requirements as a reliable source? —   ,0,0,0.07670291
"  Macedonian (disambiguation) I changed only the demographics section - which I explained in the talk page, even you participated in the talks back then. I don't know who changed the history section (I haven't touched it). As for Greek Macedonians - I told you you could write anything you wish but in English it sounds more like the members of the Macedonian Slav minority in Greece rather than a regional identification of someone who has a Greek national identity...  ",0,1,0.076715745
 I'm not surprised.  I took the photos of the Googleplex and Intuit headquarters and I noticed that they are very close to each other (the northernmost Google building is across the street from the southernmost Intuit building).  It would have been very easy for their execs to bump into each other while jogging around the block or visiting local restaurants.   ,0,2,0.07680385
Joe Castiglione is also the name of a rather prominent athletic director in college sports. He is the former AD at the University of Missouri and is now the AD at Oklahoma University. Could we consider creating seperate pages for the Red Sox announcer with the name and for the Oklahoma AD with the name?  Thanks.,0,1,0.07681287
Management [people] changes as a resust of the Lockheed/Martin Merger,0,1,0.07702265
"  Hmm I did not realize that this is simply a test article on Fowler's page.  Ha, well, you know what will come up when you move this to live version P  ",0,1,0.07708989
"`  Date format  I don't know who told you that day/month/year is new to the British. Your source must have confused it with somewhere else. The British have used day/month/year for centuries. For example, here is an old document from England 1707 and you can read for yourself the style of dating within it.  No ... ``the 22nd of July 1707`` is not an example of the sort of day/month/year form I was writing about (i.e., as you know, the one that someone added to the article about Queen Victoria.    There is a date in the last paragraph of this item signed by William Shakespeare in 1616.  No, those dates are in Latin, not English.    Another document from even earlier has its date in its section 63 1215.  No again.  ``fifteenth day of June`` is not an example of the sort of day/month/year format in the Queen Victoria article that is what this discussion is about.   You get the idea,  The idea I get is that none of the examples you've cited are valid!   and can easily find more if you are interested, on the web or in your university library.  One can find an occasional example in England of month/day/year,  Not just ``occasional``!!  It was the prevailing system in England until recently, as you can see by looking at old books.  `",0,1,0.07745449
`  Coleman and Galloway Please let me know how this can be about Norm Coleman and not about Galloway. This is very blantant POV and you appear driven by some agenda (I will not put an adjective in front of it but it is obvious what it is).  Please refer to any standard biographical technique that would make the material you reverted relevant under ``Norm Coleman`` under circumstances.  You seem to have personal/policical issues that are not relevant to objective biographical writing.  I'll wait a few days for your response before re-editing.   rossp`,0,0,0.077472866
"`   ImageRockstar Leeds logo (2004).gif   Hi. I noticed you had deleted ImageRockstar Leeds logo (2004).gif back in May 23 (IFD nomination; log), but the image was not the intended to be deleted (as it was simply a comparison for the ImageRockstar Leeds (2004).gif), having included the needed licensing and rationale. Could it simply be a mistake? ╫    ╫`",0,1,0.07779628
"   Hi I am wiseblood87 and I just added map-merge to the gliching section, and although it needs revision (I am not good at writing) the glitch described is indeed real and I can verify it. I am writing this to explain that it is a slightly obscure glitch due to being released from one source and it can be easily overlooked as an under the map glitch, however, it is not. I will be willing to verify its authenticity to another witness on the game itself email me your Socom 3 name  (wiseblood_x@yahoo.com) so we can set up a demonstration room. thanks",0,1,0.07781873
" Expressions or not, there is not a strong enough physical resemblance to T.R. Knight's features.  I do apologize, I overlooked the date on the photo, you had in fact provided that information.  However, the date of January 10 in and of itself is evidence enough that the individual in this photo is not T.R. Knight.  The entire cast of Grey's Anatomy, including T.R. Knight, was busy filming in JanuaryT.R. was most definitely not on a filming break.  Additionally, T.R. was in attendance at the People's Choice Awards on January 9, and many reputable agencies (Getty, WireImage) photographed him at that eventwith short hair.  It is impossible that the individual in your picture is T.R. Knightat least not the one this article is about.  ",0,1,0.07781998
"  alright, Yannismarou obviously it wasnt you who changed the article but since it is being re edited so many times on a daily basis by your co patriots, it is not so easy to keep its account about who did what, anyway my apologies ",0,0,0.07828363
"  Hi Pericles, nice to see you here. I surfed a bit through your edits...no offense intended, but do you think it is appropiate to include Chinese material in the life of Eratosthenes? Does that mean we also have to include Greek material in an article on Zheng Hang? Also, I feel legendary material like the supposed invention of a south pointing chariot 2000 vears before the actual invention had been done has little place in an encyclopedia or should we now also include Icarus in an article on the history of aviation? ;-) Regards",0,1,0.07829327
"   Hello   CategoryWelcomeBotResearch Hello, and welcome to Wikipedia. Thank you for writing the article Wildlife Conservation Board. Unfortunately, it doesn't conform to some of Wikipedia's guidelines for new articles, and has, as a result, been marked for deletion.  However, please do not be disheartened by what may or may not happen to your first article, if indeed it is deleted - please continue to edit Wikipedia and add articles which conform with the inclusion criteria. For help, see HelpContents. To find out what will probably be deleted, see WikipediaCriteria for speedy deletion and WikipediaWhat Wikipedia is not. Thanks, and if you have any questions, please ask them on my user talk page.  To do this, click on my name (just after this sentence) and click discussion at the top and then the (+) button at the top. |airports|neutrality ",0,1,0.078398496
`   Barnstar  {| style``border 1px solid gray; background-color #fdffe7;`` |rowspan``2`` valign``middle`` |  |rowspan``2`` | |style``font-size x-large; padding 0; vertical-align middle; height 1.1em;`` | The Resilient Barnstar |- |style``vertical-align middle; border-top 1px solid gray;`` | Meant to give this to you a while ago.  Kudos for keeping your grace despite being treated (IMO) unfairly.  Hang in there.     |}`,0,2,0.07852525
"  IRC Hey Kim. I am not sure whether this was for me or for Cyde. Since I figure that Cyde is on IRC most of the time anyway, I took a liberty to assume that this was for me. Forgive me if I am mistaken. Thanks for your invitation, but I do not go to IRC except to inquire what's wrong when there is a Server problem. You may check here if interested to know why.  BTW, please consider archiving this page. I have an ultra-fast internet and still it took me a long time to load it.  ",0,0,0.07852886
"   Siege of Saragossa (1809)    As the Military Project seeks to improve the coverage of the Napoleonic wars, I would welcome your comments on Siege of Saragossa (1809). Several guys insist on likening the Spanish siege to Battle of Stalingrad. I suggested the comparison with Battle of Borodino or Siege of Sevastopol (1854) might be more appropriate but they disagree. Third opinion required.   ",0,1,0.07868776
"`Provide these sources then.  So far you keep mentioning Persian Cromwell, which we have said over and over again does not constitute a reliable source.  You say ``most sources`` but have yet to provide anything. Surely Persian Cromwell is not all you have, right?     `",0,0,0.078710884
"`  Yeah, I noticed that... I had to because I wasn't sure which edit was edit id 148797275 before I checked myself.  That's also what confused me... just by looking at the edit summary and seeing that number, I would have to search to see which edit was the one that was being reverted, something that I really don't like to do.  But it's not an issue that I'm really concerned about.  Thank you, Davidwr.  '''''' `",0,0,0.07885
"`  I know you are (an independent). That was to Tbeatty, not to you.  `",0,1,0.078900345
"  A tag has been placed on Arlan jordan, requesting that it be speedily deleted from Wikipedia. This has been done under the criteria for speedy deletion, because it is a very short article providing little or no context to the reader. Please see WikipediaStub for our minimum information standards for short articles. Also please note that articles must be on notable subjects and should provide references to reliable sources that verify their content.   Please do not remove the speedy deletion tag yourself. If you plan to expand the article, you can request that administrators wait a while for you to add contextual material.  To do this, affix the template  to the article and state your intention on the article's talk page. Feel free to leave a note on my talk page if you have any questions about this.  ",0,1,0.07896666
"    Was the move of Technicolor all that wise? Most people are aware of the term in association with film, not so physics. Given the large number of links to technicolor from film pages, it might have been better to leave it as it is, and add a link to the minor usage on the Technicolor page. Otherwise, you'll have to go through and edit all of the links from the films.  ",0,1,0.07902665
"R*59 CategoryWelcomeBotResearch Hello, and welcome to Wikipedia. Thanks for writing this article. Unfortunately it doesn't conform to some of Wikipedia's guidelines for new articles.  However, please do not be disheartened by what may happen to your first article, if indeed it is deleted. Please continue to edit Wikipedia and add articles which conform with the inclusion criteria. For help, see HelpContents. To find out what will probably be deleted, see WikipediaCriteria for speedy deletion and WikipediaWhat Wikipedia is not. Thanks, and if you have any questions, please ask them on my user talk page.  To do this, click on my name (just after this sentence) and click discussion at the top and then the (+) button at the top.   ",0,1,0.07905215
"   G, can you please protect Bogdanov Affair again?    's unprotection was premature and the reasons given simply don't wash.  i had put another request on WPRfPP.  the page needs constant defense from the vandal, but the defenders need to be able to rest.  also, there is little need from any legit editors to update the page and what changes are needed can be done in the short period of time between protects, if my suggestion is taken up.  thanks for reading this.   ",0,1,0.079141006
"`   current title of the ``Spiegel``   Hi Rex, as you speak German, I thought you are maybe interested in the recent topic of the magazin ``Spiegel`` ``Die Erfindung der Deutschen`` (please refer to http//www.spiegel.de/spiegel/) which includes inter alia a very intersting passage about Charlemagne. Regards ( )`",0,1,0.0791611
"` *Alright, so the story checks out for Bebebe, but what about Bababa and Bibibi?. Could 2/3 of the Hair Kingdom ``ancestors`` be any of them? And who or what is that flying saucer character in the middle of the second link?  `",0,1,0.07927903
"   guessing that you and    (or something close) are one and the same, since you removed my reference from the H.H. Richardson article I feel that you should also remove my photograps from it too, since they came from that manuscript.  Einar Einarsson Kvaran aka  ",0,1,0.07929269
" edit- also, I believe that brian0918 and FlameViper should be included in the discussion as they are the ones who are directly responsible for the name itself.",0,1,0.07945223
"   Abdullah Öcalan   Hi, could you tell me why you reverted my edit on Abdullah Öcalan. Btw its me,i forgot to sign in.",0,0,0.07963716
" Height How tallwas Tex Beneke, anyway?Tim, 6 January, 2007",0,1,0.07984149
 Copyvio   The first version of this article appears to be a copyvio pasted from two sources  * Turkish Ministry of Culture * and either of  and   (Copyright Chris Kutschera)  Subsequent edits have only made small changes in the text.  —  ,0,1,0.07997982
"  The ArbCom decision  Could you please point out to me what part of the ArbComs decision you are refering to here . I was involved in that case, and if I remember correct there was nothing in the ArbCom's decision that indicated that I, Fadix or Davenbelle could be blocked for 24 hrs, for the alleged reasons that you mentioned on Davenbelles talkpage. But maybe I am wrong. Could you please point out to exactly what part of the decision you are referring to?   ",0,0,0.07998884
" Hope you don't mind that I undid your Louis Zukofsky link, but the two links to him seemed overly close together.  |  ",0,1,0.07999686
"`  Firstly, it isn't up to me to do your research for you. It's your information that you seem determined to insert prominently near the top of the article, so the burden is on you to provide proper cited sources for it. I already made my contribution I prefer to just jettison the entire paragraph, as I already did, or at least move it somewhere much lower in the article. Secondly, some of the stuff you just mentioned are still various rock critics giving their own opinions of ``obvious`` influences. To say ``Coldplay is influenced by Oasis``, we need a source with an actual band member stating words to this effect. Thirdly, why is it so important to you to devote so much time, space, and effort to Coldplay's influences, and why is it important enough to be so near the top of the article?  `",0,1,0.080056
"`  From the look of that copyright notice, and the ISBN numbers for ``hardcover`` and ``paperback`` editions, that appears to mean there's a Vertigo book-publishing division that's distinct than the comic-book division. Why is nothing uncompliated?  - )    `",0,1,0.08006827
`  *Hi Nicholas What are the specfic objections? Are you familiar with what has been going on surrounding the Berel Wein article and its proposed deletion? Are you aware of what UserPZFUN has ``proposed``?  `,0,1,0.080079876
 unlike you tom yes i know who you are O,0,1,0.08015027
"`One more go 'round That is, if you have the time. Your eagle eye is needed in two more places related to the Black Hawk War. These two articles, Sinsinawa Mound raid and Plum River raid are the final two ``battle articles`` currently ready to go through GAC. The final remaining article, Battle of Bad Axe hasn't even been expanded yet, I have put it off to make sure everything else was in line first.  The two articles which require your expertise are somewhat special in terms of this conflict. First there is little research published about them, they are obscure and not very well known. These types of events are what GA was made for. Other articles of the like, albeit with slightly more available information, have made the cut after a bit of work, they are Spafford Farm massacre and Buffalo Grove ambush, you can check those out for your reference. Thanks again, your rigorous editing is highly desirable.   Oh yeah, and this is for you     *Hello again, hope all is well. We are trying to get by without you, as tough a task as it is ). Here, you earned this one, Horseshoe Bend passed GA. {{User Good Article|Battle of Horseshoe Bend (1832)}}  Thanks again.  `",0,1,0.08021332
"   I give permission for Wikipedia to use the material on the Nancy Steinbeck and John Steinbeck IV sites, as well as the John Steinbeck site.   Nancy Steinbeck ",0,2,0.08023517
"`Activision is the publisher, not the developer. The developer is Cauldron.     Offical Site?   What confirmation is there that the offical site is offical and not just a fan site with the logo on it?    I checked the page mercenarieswanted.com and it seems it was registered to an advertising company called ``Gabriel deGrood Bendt`` while a search of doom3.com or callofduty.com shows are registered to Activision(obviously).  you can check by yourself by going to a domain information website like checkdomain.com  Note that if you visit their website http//www.always-thinking.com/ and click on the 'our work' tab you'll find that Activision is a client. The advertising company is located in the same City / State as ActivisionValue (Although that may be purely coincidence). Two games that this company did advertising work for were both published by Activision Value. 'Pimp My Ride' and 'World Series of Poker'.  Mystery solved I think.  `",0,1,0.080363095
"`     {| class``messagebox standard-talk`` | Important notice Some common points of argument are addressed at Wikipedia's Evolution FAQ, which represents the consensus of editors here.  Please remember that this page is only for discussing Wikipedia's encyclopedia article about evolution.  If you are interested in discussing or debating evolution itself, you may want to visit talk.origins or Wikireason. |}      {|  |- |This article was reviewed in the July 2006 edition of Discover |}     {| class``wikitable`` width``250px`` cellpadding``3`` align``right`` |- !align``center`` colspan``2``|Archives  |- style``font-size 90%`` |  Historical POV forks  September 24, 2003–February 23, 2005  December 31, 2004–June 6, 2005  June 12–October 24, 2005  October 24–November 23, 2005  November 28–December 14, 2005  December 14, 2005–January 10, 2006    January 2–February 6, 2006  February 6–March 23, 2006  March 3–April 5, 2006  March 31–May 4, 2006  April 20–July 7, 2006  June 24–August 25, 2006  June 27–August 26, 2006  August 18–October 2, 2006  October 1–November 16, 2006  November 6–27, 2006  November 26–December 20, 2006  December 11–23, 2006  December 19, 2006–January 6, 2007  December 20, 2006  December 26, 2006–January 6, 2007    January 6–9, 2007  January 9–11, 2007  January 11–15, 2007  January 15–20, 2007  January 21–February 8, 2007  February 8–February 18, 2007  February 19–March 12, 2007 [[/Archive 34 | March 12–March 28, 2007]] [[/Archive 35 ",0,1,0.0803963
"  Hinduism and Sikh panth  Hey I put the reason up their, Im quite new to requesting a article for deletion but the reason is still valid. If not for a speedy deletion at least it will still be put up for it.  Elven6 July (utc)",0,1,0.080881484
"   and  Benon, perhaps you could explain why are are now seeking to have me banned from editing certain pages?  My reply to your motion can be found here.  Please tell me how I have been uncivil to T-Man since the block lifted, with a link to that uncivil edit, or how I have wikistalked, since both Batman and Enemies of Batman are on  my usual edit lists without any need for me to refer to T-man's edits.  Thank you.  ",0,1,0.08090629
" A tag has been placed on Life of landon, requesting that it be speedily deleted from Wikipedia. This has been done under the criteria for speedy deletion, because it is a very short article providing little or no context to the reader. Please see WikipediaStub for our minimum information standards for short articles. Also please note that articles must be on notable subjects and should provide references to reliable sources that verify their content.   Please do not remove the speedy deletion tag yourself. If you plan to expand the article, you can request that administrators wait a while for you to add contextual material.  To do this, affix the template  to the page and state your intention on the article's talk page. Feel free to leave a note on my talk page if you have any questions about this.  ",0,1,0.08094634
"  At Pigman we believe in good food for good people. We work with nature to achieve the best quality with minimum intervention. Modern demands for cheaper, faster food has resulted in exploitation of the land and the people who work it, with little thought for the future health of our environment or nation.      ",0,1,0.081025764
"   You revert an entry when I really need it?   Look, I'm trying to get help. Esperanza is a type of Wikipedian support group so I joined out of necessity. If I can't post what I'm stressed/depressed about here, then where on Esperanza can I?  ",0,0,0.0812305
"  Other connections  Incidentally, he was an EFnet #c regular and (I believe) one half of [Nullsoft] before [Winamp] turned it into a commercial entity.  No citation, that's why I'm putting this on Talk instead. ",0,1,0.08125087
"  Notability You recently edited an article for Dekker Dreyer... the article is up for deletion based on notability, and I would like to ask you to chime in on the discussion of that deletion. Wikimegamaster ",0,1,0.081671044
"  Category Panonian... The categories should be divided in this case into History of Macedonia (region) and History of the RoM (for example). The associations the present entry creates is History of the RoM. I will not revert u, when I get the time, I am going to split the category myself.  ",0,1,0.082078375
"`   Prefixed-Style of Formal Address  Per current Wikipedia policy, as claimed by  to have been adopted by a prior consensus, I am prefixing the formal title of ``President`` to the present biographical entry. Do not revert this edit unless you can dispute the existing WikipediaManual of Style (biographies) policy regarding Honorific Prefixes, and the entry on Style (manner of address) containing examples.  A survey is currently being conducted at Wikipedia talkManual of Style (biographies)/Survey on Style-Prefixed Honorary Titles in which I encourage you to participate.  `",0,1,0.0821718
" My views IS INCORRECT? Learn grammar, my views are is proper view, no my views are correct, you have special agenda here, because you spend all time doing something here, typing and reverting things, you did not explain anything, i simply corrected few things, added info on time, and you reverted.",0,1,0.082250774
"`   ``You may want to read WPV, and do keep going past the title.`` - A Man In Black  -.- What's with the insults? Did I lower my standards when I was speaking to you in my last entry? Because I see nothing of the sort. As for the information I had provided with the sites, and video... It seems that nothing I had for reference seemed to be not good enough, and if these are the rules of Wikipedia, then this source isn't the best to turn to. Although, I am still continuing on my search to find anything else that could be used. (I am looking for the facts of the episode of Gamdhead, etc.)Anyways, thank you for your advise once again, Ex-Nintendo. -  `",0,0,0.08276973
"   Random IP   Thanks for the reply. Was probably the IP. AOL generates a random one for each sign on. Must have hit the same sequence and caught his block, seem to be okay now. Thanks.   Ashida Kim",0,2,0.082830176
" *Opppose.  Consensus is that he deserves an article, and I'm not sure that the best route is the page suggested.  Perhaps the page suggested should link to here, sure, but this page shouldn't disappear.   ",0,1,0.08283475
"`    Barry Popik here. My ``smoothie`` work had been in the American Dialect Society listserv archives, but I finally did an entry on it. The person that you mention did not coin the term ``smoothie.``BP, June 28, 2006. http//www.barrypopik.com/article/1674/smoothie-smoothee-smoothy`",0,1,0.08285849
   Dan Sikorsky   You recreated the article after it was deleted. Please can you review the guidelines on notability before you do this again. I imagine that the new article will be disappearing shortly.  ,0,0,0.08305725
"    Hi all, *I corrected chronology section as much as I can.  *map of Antiochia, according to map, Antiochia is absolutely Antakya. Therefore, it must have been remowed. *Armenian Kingdom falls middle ages. so I moved related info.. *I added Etymology section and deleted section of names. Happy ? ",0,1,0.08320879
"  merge tagging I am merging Ismaili District Boy Scouts Association here, as per WikipediaWikiProject Scouting MoS, districts and smaller entities do not warrant their own articles. If there were articles on the Sindh Boy Scouts Association, for instance, those would be acceptable.  ",0,1,0.08324112
", 14 May 2006 (UTC)hganesan   LOL LOL LOL. You know why I can't tell anymore good things??? BECAUSE... everything good about him has already been told, retold, and emphasized here! 2107",0,2,0.08333773
"  Actually Darren Ambi he changed to Student organisations at University of Melbourne. This is a better title than Melbourne University student organisations I think. No-brainer must be organisations. Unions is old fashioned names. My preference is Student organisations at University of Melbourne, looks good.  ",0,2,0.083430015
After Deluge reaches a certain point of maturity we should add Deluge to http//en.wikipedia.org/wiki/Comparison_of_BitTorrent_software in order to increase cross-linking so that this page becomes easier findable in Wikipedia. ( ),0,2,0.08353607
   Nice meeting you.   Hi. I have noticed that you almost never reply on your talk page. Perhaps you are a software? A very clever software indeed. Most likely made by Opal Koboi. Aurum est potestas- Gold is power. ( ),0,2,0.08361179
  User Alkiviadis I uploaded a wrong logo and replaced by mistake the logo of BNP Paribas. I uploaded then one from it's site but it doesn;t look the same. I am sorry for the mistake and I would be thankful if you could re-upload it.,0,0,0.08368082
"   NPOV Dispute on Alvira Arellano article Hi, I am asking you, Will and Chicaneo to take a look at the aforementioned section on the talk page and offer your opinions. I think there is nothing violating NPOV in my additions. Basically, it is a recitation of the facts as stipulated to by Ms. Arellano in the legal brief filed on behalf of her son. If I'm wrong, fine, but if not, I think the tag needs to come off the article. I also would like to request that you call for a vote on the categories. I would myself but if I am involved in that at all, I am sure Evrik will not even participate in it. Thanks ",0,1,0.083760895
"Re your edits to Kerry Katona. The given sources  and   both state that she lost goods worth £150,000. Please do not revert to £100,000 again unless you can supply sources of your own to support this.  ",0,0,0.08378911
"    Looking for Alibrandi   Did you edit Looking for Alibrandi into an article solely about the movie? As the movie came after the book, was of arguably lesser quality and had a number of differences in plot, do you not think this was inappropriate? Instead of getting rid of all the information regarding the book, you could have instead split the article into Looking for Alibrandi and Looking for Alibrandi (movie).  Kronecker ",0,1,0.08386607
  Minor Edit You really need to understand what Minor edit means!,0,1,0.0838854
"    And in the event that the Supreme Court affirms Ms. Bruker's appeal, this Court of Appeals case will be moot because the Supreme COurt if the highest Court in the land.   ",0,1,0.084099256
when are you going to actually make a start? Has Filll abandoned the previous edit task? what is happening? it all seems to have gone dead. thanks    ,0,0,0.08416086
" A tag has been placed on Bowling Alone The collapse and Revival of American Community, requesting that it be speedily deleted from Wikipedia. This has been done under the criteria for speedy deletion, because it is a very short article providing little or no context to the reader. Please see WikipediaStub for our minimum information standards for short articles. Also please note that articles must be on notable subjects and should provide references to reliable sources that verify their content.   Please do not remove the speedy deletion tag yourself. If you plan to expand the article, you can request that administrators wait a while for you to add contextual material.  To do this, affix the template  to the page and state your intention on the article's talk page. Feel free to leave a note on my talk page if you have any questions about this. ",0,1,0.084441714
"I know Arwel, it's just a FYI thing. I am really (too) uptight with these protocol things.    ",0,0,0.08454957
"`  I don't think a vote is necesary, but that was a good suggestion. The best (and simplest) thing to do is just un-protect it in about 3-5 days, see how much vandalism we get, and protect it again if It's un-controlable. I go to school too, so I'd prefer to un-protect it on Friday evening or Saturday. Any objections, Sasuke? (viva la BAM!) `",0,1,0.08465349
"  There is little to disagree with Terryeo's NPOV over the definition of Suppressive, to introduce the concept of Suppressive Person.  ",0,1,0.084835045
"  Hey, Madsy Wadsy, I haven't seen you for a while!",0,1,0.084929526
"` Thanks for the article , I think we should have no problem to accept that this bridge is Adam's Bridge as on 26.6.74. But, on 31st Aug 2007 Supreme Court Addresses this bridge as ``Alledged Adam's Bridge/Rama's Bridge``, so there's something that's officially needed to come. That agreement is dated 26.6.74. Bombay was re-named to Mumbai later. Currently the article should be ``Alledged Adam's Bridge`` or get something that's current. There are older maps showing ``Ramarsetu``, Which I did not present.   `",0,1,0.08519937
"`  I expect there are many methods, one is to put them in a table  {| class``wikitable`` !a title line if you want one |- |{{User Helpful People}} |- |{{User Happy People}} |}  or  {| class``wikitable`` !A multi column table !Column two title |- |{{User Best Editor}}||{{User Great Guy}} |}   `",0,1,0.085223906
"   Number of Túatha?  Does anybody have any knowledge of how many túatha there were in Ireland? Obviously it was constantly changing, but does anyone know the average number through the period they existed? I remember hearing from school that there was about 100 túatha in Ireland in the middle ages. And if, as this article says, a Túath had about 10,000 people that would mean about 1 million on the whole island, which sounds about right from what I've heard of population estimates of the time. So should I just add in the 100 figure, as I do distinctly remember being told that number in school?  ",0,1,0.08549483
"    Date Error   I noticed that some of the dates for these are incorrect.  For example, I quit earning merit badges around 1979, and one of those was Wilderness Survival, yet it had a creation date of 1984. It was relatively new badge when I earned in in 1977.   ",0,0,0.08556374
"`  I added a blurb about the Gary Jules version being used in the TV series ``Without a Trace`` 130, 7 November 2006`",0,1,0.08573978
`  Ali the Warrior Salam Alaikum. Let we discuss in the talk page of that article.- `,0,1,0.085963376
"`, 16 March 2007 (UTC)  BTW, are you aware of what Uncle Tom is? Obviously you aren't, otherwise you wouldn't have said it.    1442`",0,1,0.08602762
"   Fansubs Speedy/AFD   I've placed Lunar Anime on speedybio and I've noticed you had strong feelings about fansub groups on wikipedia in a previous AFD. Maybe you're interested in deleting this one, too?  ",0,1,0.08603376
   Yes NEMCO SHOULD ba a part of this I do believe that there is a seperate article already Nemco motorsports. But it should be on Joes page,0,1,0.08611804
"`SSS108|talk]]-email  The vandalism is currently continuing by user 209.200.60.124. This person is removing court records, which are reputable sources that can be included in the article.  -email   Hello       has smiled at you! Smiles promote WikiLove and hopefully this alk`",0,1,0.0861845
" 2007 (UTC)  Fiona went with Scourge...   1131, 2 October",0,1,0.08633388
"  It is notable for being a building and Monument historique by architect Hector Guimard, and other reasons too that I don't know yet. The article needs better vocabulary though, and yes sources. I'll look into sources and names, if you do the vocab? Consistoire, cultuel, and liturgiques, all sound very Catholic to me when they should sound Jewish. I just found an even smaller version plSynagoga de la rue Pavée w Paryżu. Here's another one I want to bring over next frSynagogue de la rue des Tournelles à Paris. + ",0,1,0.08641663
Can we mention that they sound very similar to Cake?   ,0,1,0.08667003
"`   It shows in your reverets; which is why I asked. Editing, and writing is an ongoing thing, and I do not consider my additions, with sources, I add, to be ``wrong`` or ``disrespectful`` to anyone. I kow how to edit, and how to write, and am not ``revert warring`` as you claim. I would suggest you re-read Jimbo Wales for more on what Wikipedia is about. I did, and am am applying his policies and guidelines in my writing, editing, and citing sources. Thanks. `",0,1,0.08678855
"`   Copyright problems with  ImageFigo Internazionale.jpg    An image that you uploaded,  ImageFigo Internazionale.jpg, has been listed at WikipediaCopyright problems because it is a suspected copyright violation. Please look there if you know that the image is legally usable on Wikipedia (you may have to search for the title of the image to find its entry), and then provide the necessary information there and on its page, if you are interested in it not being deleted. Thank you.    `",0,1,0.086789906
"`   History of the term   When was the term ``bullet time`` first used?  The first time I remember hearing it was in Max Payne.  And if 3D Realms held the rights to the term originally, that would seem to support the idea that they came up with it.  `",0,1,0.0868585
"   I don’t think I am saying anything more than I have explicitly stated above. When we have the Homeopathy article explaining every single concept and aspect of homeopathy, except for only two short and simple definitions explained somewhere else, both of which can be written as single paragraphs, which are both referenced only in one paragraph of the main Homeopathy article, then it seems rather obvious that those paragraphs should be included in the main article itself. Note that besides the List of homeopathic remedies there are only two articles with “homeopathic” in the title Homeopathic repertory and Homeopathic proving. Every other concept is explained in Homeopathy. Their what links here pages show that they are needed for only one purpose to explain one paragraph of Homeopathy article, the first paragraph of Homeopathic remedies section. But I think I’m repeating myself.  ",0,1,0.08755621
   Schematics   Maybe some basic conceptual schematics for the basic types of generators should be present (like the Faraday generator or the Dynamo). It would greatly increase the information the article gives with very little extra work,0,2,0.08757667
" Who are you, Melsaran? I talk to Ryulong, not you.  ",0,1,0.08760727
"   Z I have heard this before from sources far more savory than Somoza, when I run into a citation will place it here.  El Jigue 1-27-06",0,1,0.08788484
  nice pictures on rajput page. Specially Pratap riding Chetak.  Are you a rajput?   ,0,2,0.087913096
"  Arvanitas are autochthones  Karaguni withour ‘s’ you have got a original Arvanitiki surname , do you consider yourself autochthones ? If yes give me support in article  Arvanites and do not delete my statement. Dodona",0,1,0.08821743
`  Lal Masjid is not a unique name. It's two regular words that can and should be translated. Most newsmedia I've seen use ``Red Mosque``.  `,0,1,0.08831478
"   Budget   In the DVD commentary track Gilliam says the budget was 230 thousand, so I believe the 150 thousand that's currently in the article is incorrect and will be changing that. ",0,0,0.08837208
"   Thanks   Yo yo, Halo man! Thanks for sorting out my talk page. It had gone a little wiggedy. Anyway, you should see my Smiley's People userbox! It's awesome! I'd like a diferent image, so maybe I'll get round to that one day. Anyway, thanks again!  1035, 15/03/06",0,2,0.088438384
" It's not social networking - as it's a music page, it's music promotion. Also, the copyright on Franck's music expired in 1965, so the Copyvio claim is without foundation. It's not a blog, either. The 'blog' function is used solely to educate its readership about the music. The own website thing hardly applies, either - I merely run the page. It is in effect Franck's website. I get no glorification from that page. ",0,1,0.08853089
"` Half-orcs (Middle-Earth) A tag has been placed on Half-orcs (Middle-Earth), requesting that it be speedily deleted from Wikipedia. This has been done under the criteria for speedy deletion, because it is a very short article providing little or no context to the reader. Please see WikipediaStub for our minimum information standards for short articles. Also please note that articles must be on notable subjects and should provide references to reliable sources that verify their content.   Please do not remove the speedy deletion tag yourself. If you plan to expand the article, you can request that administrators wait a while for you to add contextual material.  To do this, affix the template  to the article and state your intention on the article's talk page. Feel free to leave a note on my talk page if you have any questions about this. You might also want to look at what Wikipedia is not - specifically, the section on plot summary. Thanks! Happy editing. '''''''''' // `",0,1,0.08855164
"   Not owned by gov't   Bermuda broadcasting corporation is not owned by the Bermuda government, although the government has plans to create a new station for informational purposes.",0,1,0.088650905
" (UTC)  Here in Ireland, one generally expects Alt-Gr + 4 to work on a reasonably new PC keyboard with Windows. The reason Alt-Gr + E is not used in Ireland, is that here we use Alt-Gr + AEIOUaeiou to produce the Irish accented characters ÁÉÍÓÚáéíóú. All new keyboards have a € symbol to the right of the 4. I would have thought some of this is true for UK keyboard layouts also, but I don't know.  2140, 14 Jul 2004",0,1,0.08877052
 Can you transfer all contributions of Green Owl to Zan Biedro and block Green Owl? ,0,1,0.08877106
`You already said that in your user page. You can just forget it about Gabrielkat telling you about the ``Coming Soon to Theaters`` & ``Coming to Theaters`` logos 'cause they don't exist! Even Gabrielkat knows there aren't any logos as those.    `,0,0,0.08881033
"` I have given you a one hour time-out block for continuing to remove the IFD message from ImagePoke Clean Up.gif. Do not remove the template again, as doing so would violate the 3-revert rule and result in a block at the blocking admin's discretion, usually 24 hours. smurrayinchester(),  `",0,0,0.08894158
  Yes its reasonable. Baba said (paraphrasing here)if you are the highest of the high then you are beholden to say so. Put it back Nemonoman.  ,0,1,0.08921656
"`SQUEAKBOX - CAN YOU READ PHONETICALLY, SYLLABLE BY SYLLABLE?  ``Maradiaga`` is certainly NOT the same name as ``Madariaga``   read it closer! Cumbey  `",0,0,0.08931294
"   Mahameru   Hey there, the image of mount Mahameru was shot by a friend of mine. There is not really any other source information to provide than his name, which is Jan-Pieter Nap. Thank you. \ ",0,1,0.08940266
"`  ?? I did reference page 14 of the original report in my reply   I only used the Green Facts ref because it had the SPM-5 chart separated out from the IPCC report as a direct link, negating the need to load the entire PDF and then go to page 14. And I did mention 1980-1999 as being used for reference. Like I also said, it's not a very well-written ``summary`` for its intended audience. Maybe we should add a somewhat less ambiguous ref for better clarity. -BC aka  `",0,1,0.08945026
"` I understand your concern. This image of Adi Shankara is just held be to genuine all over India. I don't know if it is indeed a portrait of his. In fact all the sannyasis (monks) of the Dashanami Sampradaya founded by him look the same as he does in this and other pictures (with saffron clothes, a danda (stick)) and three lines of vibhuti (sacred ash)). So it is very likely that he looked like this, but noone can say for sure that this is exactly the way he looked. Could this be a fair use rationale/ reference?   `",0,1,0.08977893
"   Resoulution   That was real cute, reporting me to wikipedia! Whatever. But obviously, you did read the article you submitted to me! We have to come to a resolution. I obviously want the work I submitted included in Triple H's page, you do not! So I suggest we keep the information in Triple H's page, however you can edit it however you want (without totally omitting it), because oviously want change. The reason I wanted this included, is to totally show a conclusion to the Triple H and Batista feud. The fact about what happened during the post-hell in a cell match is a little fact, that many may not know. This was not fake information (if that is what you are worried about), it is shown on the Vengeance DVD, if you have it, watch the extras. If not you could possibly buy it, but if not, you really need to trust me on this one. Like you, I want my work to be read, and enjoyed, so we must come to an agreement on this one.   Got any other ideas?   ",0,1,0.09004168
"`The beautiful photo ``ImageUria Lomvia 1 9.jpg`` does not depict Uria lomvia but Uria aalge. You can see there are several ``ringvia`` among them, they have long thin bills and not the typical white stripe on the side of the bill.  `",0,1,0.09011707
"  Shotokan Dispute Feb thru Apr 2006 *(Original Message) Howdy. I have been asked to look at some issues regarding edits as related to a content dispute with   in the Shotokan article. I noticed you posted here regarding an email you claimed to have recieved from Southwick. In your note to  you didn't include the email addresses, claiming they were snipped, I suppose to protect others from having their privacy invaded. Is the wording as you posted exactly as it was recieved by you in email? I would need some kind of proof that this is the case. I will be on and off line for the next couple of days, but often enough I can check back here or on my talk page if you prefer.  *(Reply) I could forward you the email message with complete header. Could you give me some email address of yours to use? ...or please specify a method of proof that I could supply. Regards,  ",0,1,0.090617105
   Re James Scott Richardson Article   I readded the request for speedy deletion. Please review the information submitted in the Talk page as to why the article should be speedily deleted. Also   please note that vote on deletion was based on unsourced information.,0,1,0.09068241
"The article Between us girls has been or soon will be deleted from Wikipedia. This happened because the article seems to be about a subject but it does not indicate how or why the subject is notable. If you can indicate why the subject is really notable, you are free to re-create the article, making sure to cite any verifiable sources. Feel free to leave a note on my talk page if you have any questions about this. You might also want to read our criteria for speedy deletion, particularly item 7 under Articles.    ",0,1,0.09096561
   Gen Hagee  Geb Hagee has not stepped down as the CMC yet.  He is still in office as the Commandant.  ,0,1,0.09100087
"Since a Wikipedian in Scotland (right the far end of Britain from Leatherhead, the small Surrey market town where I live) was blocked from editing on a PC that supposedly had the same IP as I had been using when blocked (and, as far as I am aware, was from a different number series to the one that the few IPs I have had), I have been unblocked. i have decided that, with major exams coming up, i will only be an occasional Wikipedian and that the few edits I do make will be fairly major ones, mainly creating new articles.   ",0,1,0.091088355
   Headline text    Headline text  #REDIRECT Insert textLink titleHOW DO I PLAY,0,1,0.09111309
"   Please stop removing speedy deletion notices from articles that you have created yourself. If you do not believe the article deserves to be deleted, then please do the following # place  {{hangon}} on the page. Please do not remove any existing speedy deletion notice(s) # make your case on the article's . Administrators will look at your reasoning before deciding what to do with the article. Thank you.     |  ",0,1,0.091213025
"`  In his letter of resignation, Sanger didn't call himself cofounder, but ``Ex-chief organizer, Wikipedia``. Could this be a compromise position? | `",0,1,0.091321565
"` And what good work is that, Tbeatty? Right-wing POV pushing?  `",0,0,0.091324985
"` Your edit to Michaelas10's RfA Hi LuciferMorgan! Noticed you supported the RfA, but placed you support in the neutral section. Could you fix that up? Otherwise the bot which maintains the RfA tally doesn't catch it. Also, instead of using a * in front, which gives you a bullet point, you should use a #, which puts your comment into the numbered list. Thanks ) –   `",0,1,0.091375016
specific event. Reference Boy Scouts of America The Language of Scouting}}   ,0,1,0.09142111
" Its very relevant. Its why we say Empire Strikes Back is the second film in the Star Wars trilogy, not 'film the second'.  ",0,2,0.09157214
" For information about voting in Afd (i.e. Articles for deletion), see WikipediaArticles_for_deletion#How_to_discuss_an_AfD.2FWikietiquette.  ",0,1,0.09182083
  St Ethelburga's Bishopsgate Done - deleted the target redirect; moved St Ethelburga's Bishopgate (sic) to St Ethelburga's Bishopsgate; edited St. Ethelburga's Bishopsgate to redirect to the right place.    ,0,1,0.09190864
  Dundee is often counted as one of the ancient universities of Scotland due to its former status as part of St Andrews - see the University of Dundee page.,0,1,0.09194156
"    A tag has been placed on ImageBreann Mcgregor.jpg, requesting that it be speedily deleted from Wikipedia. This has been done for the following reason  inappropriate image  Under the criteria for speedy deletion, articles that do not meet  basic Wikipedia criteria may be deleted at any time. Please see the guidelines for what is generally accepted as an appropriate article, and if you can indicate why the subject of this article is appropriate, you may contest the tagging. To do this, add  on the top of the page and leave a note on the article's talk page explaining your position. Please do not remove the speedy deletion tag yourself, but don't hesitate to add information to the article that would confirm its subject's notability under the guidelines.  For guidelines on specific types of articles, you may want to check out our criteria for biographies, for web sites, for bands, or for companies. Feel free to leave a note on my talk page if you have any questions about this.   ",0,1,0.092006005
"` A whole week off...I'll take that )  That's one thing you will never see over here.  Three day weekends are about it, unless it snows. -   `",0,1,0.092100635
   Congrats on your first Headley experience Fainites. I think your voice as a new and independent editor in this headley saga made a huge difference and completely deflated his cabal theory stories. He really is utterly delusional. And thanks everyone for your continued diverse yet civil opinions on representing this controversial/criticized topic of NLP. I'm sure we'll create a balanced and useful article yet.  ,0,2,0.09210406
". In fact, check the wiki article on Constantius...",0,1,0.092131525
"  I am sorry i am not going to discuss this any further, as it seesm you don't want to give up until you erased eminent. I said before that you can take out well-known because he is not well-known and later me and zora agreed to that, she herself changed it, now your telling me again that's not good enough! lol. The word eminent stays as agreed. PS moshe i still don't read your profanities on my talk page here or in history edits.  ",0,0,0.09217215
`Sandbox Don't take the template out of the sandbox. It says ``don't remove`` for a reason.    `,0,1,0.092357956
` {| align``center`` class``notice noprint`` style``background none; border 1px solid #aaa; padding 0.5em; margin 0.5em auto;`` |- | valign``top`` style``padding 0.1em`` |  | style``padding 0.1em`` |   Your request to be unblocked has been granted for the following reason(s) OK  Request handled by    |}`,0,1,0.09249664
 You reverted in error. I didn't remove any material. I a) changed comic punctuation marks as per MOS and added pertinent info about Hoffman; b) added info about levitation claim on packaging. ,0,1,0.09252796
"`   Willebrord Snellius   Newer editions of the Winkler Prins and the Grote Oosthoek give his name as ``Snellius, Willebrord (eigenlijk W. Snel van Royen)``. When moving a page please do not copy and paste and paste the content as this causes the page history to be lost. See HelpMoving a page. Cheers, —'''' `",0,0,0.09255004
"  The article Knoxx has been or soon will be deleted from Wikipedia. This happened because the article seems to be about a subject but it does not indicate how or why the subject is notable. If you can indicate why the subject is really notable, you are free to re-create the article, making sure to cite any verifiable sources. Feel free to leave a note on my talk page if you have any questions about this. You might also want to read our criteria for speedy deletion, particularly item 7 under Articles.    ",0,1,0.092554085
"A tag has been placed on Isaac Rudder, requesting that it be speedily deleted from Wikipedia. This has been done because the article seems to be about a person, group of people, band, club, company, or web content, but it does not indicate how or why the subject is notable (see the guidelines for notability here). If you can indicate why the subject of this article is notable, you may contest the tagging. To do this, please write  on the top of the page and leave a note on the article's talk page explaining your position. Please do not remove the speedy deletion tag yourself.  Please read the criteria for speedy deletion (specifically, articles #7) and our general biography criteria. Feel free to leave a note on my talk page if you have any questions about this.   ",0,1,0.09261154
"`  Indeed they have. And you are right about Ceausescu. But it just seemed a bit weird to me as I don't know any other page with a section called that. Don't worry about it - on a closer look it's fine. I think I misinterpreted the word ``humanity``. Alex    On another note, you may be interested in this  It is a Romanian to Aromanian dictionary/glossary. It may come in handy.`",0,1,0.09267525
"   Given Jmcnamera's history and some edit histories on the Killian wiki's, I do believe I have a potentially strong case for showing that this was gaming attempt to get around a 3RR block. Unfortunately I don't have too much time today for this fun stuff, but I'll will make a shorter entry and see how that fares. -BC aka  ",0,1,0.09271384
"   Another welcome!   Hi there - Welcome to Wikipedia! I saw your edits to Peter Rawlinson, Baron Rawlinson of Ewell - I had been planning on updating the article with news of his death - he was on the list of those whose souls should be prayed for as they had recently died, at his local church, St. Mary the Virgin, Ewell, where [www.organum.org.uk my mum] is Director of Music. What is your connection with Ewell? PS. Get yourself an account.  ",0,2,0.09276364
"`  Further thoughts  I did a look-up for the Seinfeld show; this show has one page for all episodes.  You can use it for a model.  If a nine-year-running show, the most talked about and watched in history, can accommodate all episodes in one page, then so can The Fairly OddParents.  Remember, this isn't a hobby site for you to collect your private thoughts and feelings on arcane matters.  Some of your ``trivia`` items are really reviews of the show.  This is not in keeping with Wikipedia.  Any opinions about episodes should be deleted.  Follow the Seinfeld model and you'll do well.   Good luck.    `",0,2,0.09300856
"   Yes, it's a good suggestion. I thought the image was too big myself. In accordance with your suggestion, I made the text bold and made the lines thicker to improve visibility, resized it to 300px (a little larger than you suggested) so that it's compact and visible at the same time. If you feel it should be smaller, feel free to resize it. lol about the (m), (n) and (m+n) labels! They aren't even remotely supposed to indicate lengths of sides. They're supposed to indicate which number to multiply each of the sides with; I thought it would be helpful in understanding Apollonius' theorem. Anyway, since you think the labels are confusing, I changed them to (times m), (times n) and (times (m+n)). If you still think they're confusing/ unnecessary, feel free to take the image down and manually erase those labels with a graphics suite like GIMP. I'm not sure I will be able to respond quickly for the next one week or so, as I'm busy in real life; so please excuse my late replies.",0,1,0.09306505
"  Family section The Family section is backed by only one source, a list of VM recipients which includes Antoni Dunin, and doesn't mentione Rodryg Dunin at all. It seems that, minus the original research, there will be no article left. ",0,1,0.09307012
"`  ImageFunnelsmall.jpg has been listed for deletion  {| aligncenter border0 cellpadding4 cellspacing4 style``background-color #E1F1DE`` |- | An image or media file that you uploaded, ImageFunnelsmall.jpg, has been listed at WikipediaImages and media for deletion. Please look there to see why this is (you may have to search for the title of the image to find its entry), if you are interested in it not being deleted. Thank you. |}`",0,1,0.093199484
David Smalling is a High School Student from Kingston Jamaica,0,1,0.093289636
" (UTC)   Changlc, you should recognize the NPOV!!! Is Jiang your sockpuppet?? 0513, 20 May 2005",0,1,0.09335116
" I suppose you're right, the keyword here with the keyword in this article being 'lore'. Thanks for the consideration, I am still a pretty mad Vikes fan and the 98 season was a lot more important to us and Atlanta than any other team.",0,2,0.09363546
"   Peson chemistry   Hi!  I am a Swede, who has started to learn more about how to use Wiki. I searched for Person Chemistry and found nothing. Therefore I did an article, but obviously with many mistakes. Then I searched for Personal Chemistry and was redircted to Interpersonal Chemistry and learned a new word in English. The word is very useful to me, because I have worked with Interpersonal Chemistry since 1988 with a certain methodology, which I have developed myself. It is based on the fact that the personality influences a lot the Interpersonal Chemistry between two persons.  My wishes is now  -to add a redirection from person chemistry to Interpersonal Chemistry (good for at least Swedes) -to add to the Interpersonal Chemistry article about my findings that similarities in personality goes along well, except for people with a lot of exposure need, because they could be rival about the audience. Differences in personality can cause irritation/conflicts. However persons with high self-esteem see most often the differences as complementary, but for persons with low  self-esteem the difference can cause a thret, because they don't understand the other person's personality.  All the best Rolf  p.s. Google me, if you wish information about me. d.s.",0,2,0.0937984
  with some help from a librarian they borrowed the only Torah available in town. Are you sure it was a scroll?   ,0,1,0.09400853
  Thanx  Thank you for your concern. Yes unfortunately wikipedia is a battleground for some people. Look here and see what i mean about Khoikhoi. ( ),0,1,0.09434241
" Never mind, apparently that's no longer believed to be right, see Matthew_34.    ",0,0,0.09439229
"`Well, just to give my two cents worth, the reason evangelicals need to mention here is not because of their growth rate and population but because of the political ``christian-right movement`` the represent. Evengelicals have come under the socio-political spot-light and are therefore a demographic that should be mentioned here. The ongoing debates over the seperation of church and state as well as creationism vs. the truth (evolution ;-) [yay for free speech!] should mentioned as well... then again this article is already long. Regards,    `",0,1,0.094477825
"  That does not mean anything. Seek consensus before making extensive changes.    WP is not a place of advocacy Andries, please note that WP is not a place of advocacy of any kind. If you want to advocate against Gurus and warn the public about the dangers you see, or to tell your personal story, you have all right to do that but not in WP. Get a website or even your own wiki for that. Thank you.  ",0,0,0.09450036
"   The article Harry Macafee has been speedily deleted from Wikipedia. This was done because the article seemed to be about a person, group of people, band, club, company, or web content, but it did not indicate how or why the subject is notable, that is, why an article about that subject should be included in Wikipedia. Under the criteria for speedy deletion, articles that do not assert notability may be deleted at any time. If you can indicate why the subject is really notable, you are free to re-create the article, making sure to cite any verifiable sources.  Please see the guidelines for what is generally accepted as notable, and for specific types of articles, you may want to check out our criteria for biographies, for web sites, for bands, or for companies. Feel free to leave a note on my talk page if you have any questions about this.   ",0,1,0.09465476
"`  Multiple Logos Honestly, why do we need three logos? The phoenix emblem is the logo that is primarily associated with the band. The skulls logo is simply for the most recent album  why have it on the 30STM page instead of the one for the album? The page simply does not look good at all. It does not show the progression of the band's logos. The first is not even the ``original`` logo... it's simply another promotional image for the most recent album.   Yes, sports teams have multiple logos. This is not a sports team though, now is it? Do you see the Linkin Park page with all of Linkin Park's numerous logos? No, it simply has pictures of the albums and bands. It is a far lengthier article as well. Look at similar articles of similar length Adema, Slipknot, 311 (band), Alkaline Trio, Audioslave, Velvet Revolver, Blink-182, Cold (band), Disturbed, Evanescence, etc.  None have as many pictures, and they're all longer.`",0,0,0.09472532
" A tag has been placed on Pintculture, requesting that it be speedily deleted from Wikipedia. This has been done because it is an article about a certain website, blog, forum, or other web content that does not assert the importance or significance of that web location. Please read our criteria for speedy deletion, particularly item 7 under Articles, as well as notability guidelines for websites. Please note that articles must be on notable subjects and should provide references to reliable sources which verify their content.  Please do not remove the speedy deletion tag yourself. To contest the tagging and request that administrators wait a while for you to add contextual material, please affix the template {{hangon}} to the page, and put a note on TalkPintculture. Feel free to leave a note on my talk page if you have any questions about this. Thanks.    •  ",0,1,0.09480732
"` Welcome!  Hello, and welcome to Wikipedia. Thank you for your contributions.  Currently, you are editing without a username. You can continue to do so, as you are not required to log in to Wikipedia to read and edit articles; however, logging in will result in a username being shown instead of your IP address (yours is 70.19.216.156). Logging in does not require any personal details, and there are many other benefits for logging in.  When you edit pages  * Please respect others' copyrights; do not copy and paste the contents from webpages directly. * Please use a neutral point of view when editing articles; this is possibly the most important Wikipedia policy. * If you are testing, please use the Sandbox to do so.  * Do not add unreasonable contents into any articles, such as copyrighted text, advertisement messages, and text that is not related to an article's subject. Adding such content or editing articles maliciously is considered vandalism.  The Wikipedia Tutorial is a good place to start learning about Wikipedia. For now, if you are stuck, you can click the edit this page tab above, type {{helpme}} in the edit box, and then click Save Page; an experienced Wikipedian will be around shortly to answer any questions you may have. Also feel free to ask a question on . I will answer your questions as far as I can! Thank you again for contributing to Wikipedia. `",0,2,0.09487783
"  Louis Bachelier explained Brownian Motion  See Louis Bachelier who explained Brownian Motion five years before Einstein, and of course Einstein lived in isolation and knew nothing about it.  The same goes for Olinto de Pretto who published Emc2 three years before Einstein.",0,1,0.0948902
"`Delta's gone all the way back up to its peak strength! Well, that was unexpected. We could still see the 14th hurricane of the season, and maybe a non-extratropical Africa landfall. Might need to start a ``Northeast Atlantic Hurricane basin`` if more Vince- and Delta-like storms form in the future! -    `",0,2,0.095197454
`  That member is not the Copyright holder. He or she has no justification in allowing you to use the image.  | `,0,0,0.09536184
"    Cheesebot   Cheesebot does not need to fight you, nor wikipedia. I'm sure you verify your existance unduely through the editing, monitoring and generally authoritarian control of other people's ideas and conceptual fodder; However, that alone will not release you from the innovation of a burgeoning youth culture and the revolutionaries involved in such movement. Wikipedia has won the war against Cheesebot, for Cheesebot has no battle to fight.",0,1,0.09546132
`If you want to do that I will support you ) Wikipedia is not and should not be censored for anyone.  ( ¦ ⇒✉)   `,0,1,0.09559555
"`  Was news to me to when I found this page last night. My first thought was to move it to ``Bell UH-1Y``. However, I Googled ``UH-1Y Venom, and cam up with lots of hits. (Alot more than a similar search for ``ARH-70 Araphaho`` (sp) will bring up.) This site (Department of the Navy RDA) seems fairly official, being on a Dept. of Navy domain name. Check it out and see what you think.   I was suprised at how good this page actually is. It solves a problem I've been noticing, in that info on the UH-1Y is spread out among the Bell Huey articles (UH-1, 212, and 412). The only problem is, there are NO links to this page in those articles. I had planned to take care of that today, and still will if you see no problems keeping this page. -  `",0,2,0.09582344
"  Hello Ziggurat. Yes, spooky. I've decided to go to Village Pump technical about my recent woes - but haven't done so yet - been a bit pushed for time.  Regarding the above, you'll have spotted that this was simply (re)moved from a long list of dabs in Langtree when the dab article was created - see for example my corresponding edit from last October  I have no independent information about (and presumably at that time couldn't disprove) the movement. You're most welcome to delete it if you decide to.  ",0,1,0.09584492
   Privateer   Isn't there allowed to be more than one use of the term? You sure the piratical definition is the only one?  ,0,1,0.09589785
"`  Placement of Traditional Narratives Hi, Goldenrowley.  I'm in the process of contributing sections on traditional narratives for all of the California groups. Initially I had thought of making them separate articles, but because I don't anticipate that they will contain extended discussions of the contents of the narratives (at least for now), their content seemed a little thin to stand alone. So I decided to go with sections in the general articles for the ethnic groups. Because I'm keying them through a template in the general ``Traditional narratives (Native California)`` article, it's probably desirable to be consistent, one way or the other. I'm open to discussion as to which way would be better, and I'm willing to change the ones I've already posted. Let me know what you think.  As to the title, I think ``traditional narratives`` is preferable to ``mythology``. Many of the narratives involved (for instance, many of the trickster stories) technically aren't myths; they're tales or legends, in the terminology of folklorists, anthropologists, and Wikipedia itself. `",0,1,0.0959298
  *I do agree it should be moved to [[Hummer H3] page.  ,0,2,0.09609472
`     Velotaxi → pedicab {reason for move}     * Support/Oppose - reasons for your vote (optional)    The word ``Velotaxi`` is a registered trademark and the usual name for this kind of vehicle is PEDICAB.  The redirection Pedicab to Velotaxi is not correct. It  should be vice versa.`,0,0,0.09613092
"Mr. Industrial Torque Tools.  Please let me know who you are; area managing, or your initials so that we can discuss this personally with Kovac's and copy Mr. Junker's on our discussion.  Monopolizing the wikipedia definition and pictures of hydraulic torque wrenches is not helping anyone.  I will be on the phone with Kovac's in the morning.  Good luck explaining to Mr. Junkers why as one of his employees or sub-contractor's you find it necessary to delete any picture showing the tools that he invented.    ",0,0,0.09616258
"  OK, Sarfatti called me worried about it. Is there an official policy on this? What do the Wiki lawyers say? I will call Sarfatti back and tell him it's done routinely as he tends to get paranoid about all this right now. -)  Note I found some exact references some of the papers with ISBN numbers and corrected my earlier inaccuracies on the exact names of those papers written during the Joe Firmage ISSO operation in which several million dollars were spent attempting to develop exotic propulsion systems.  Joe Firmage now runs ManyOne and formerly was CEO of USWEB that was briefly a multi-billion dollar corporation on paper before the bubble burst. ",0,1,0.09620063
"   CVU Polish translation   Here it is. i created Polish translation of CVU bot.  BTW This bot is on #pl.wikipedia channel, not #pl.wikipedia.vandalism. I think that $remove($chan, .vandalism,$chr(35)) could be cutted to $chan. It is up to you, because with first code will work anyway.    Thank you! I have applied the changes.   ",0,2,0.096237995
" It came from the fifth issue, Wolff. Black Panther made the theory, so it should be consider a valid entry for the article. ",0,2,0.096276194
 Just been looking through the 960 references in Ganser's book. Can't see any `tabloids'. Which ones are your referring to specifically? ... al  bin  (Hows my driving?) ,0,1,0.096316114
". That would do, why don't you go to every store that every chain has and figure the national average price on everything, then ignore the wages that their employees make (to be spent at the other business in town, maybe even funding your job), and draw up an addition to the article determining who benefits from shopping where. Let's say Company X has a store, with 500 jobs, paying $10 an hour, then Company W comes in,  adds 500 jobs, paying $6 an hour, drives Company X under, now the wages that Company W pays are the ones being spent in the area, guess everyone benefits from a 40% drop in the spending from 500 people's incomes.  ",0,1,0.09640158
"` July 2007 (UTC)   Welcome to Wikipedia! I am glad to see you are interested in discussing a topic. However, as a general rule, talk pages such as Tibet are for discussion related to improving the article, not general discussion about the topic. Please refrain from doing this in the future. Take a look at the welcome page to learn more about contributing to this encyclopedia. Thank you. ♦Tangerines♦·Talk   Retrieved from ``http//en.wikipedia.org/wiki/User_talk81.155.103.36``  I have received your message above and looked at the page suggested. I don't know what you are trying to say, but if you are saying what I think you are saying, then there is nothing in Wiki to back up what I think you are trying to say. If you wish to be an editor and contribute, then please refrain from making up your own Wiki policies and rules and deleting other people's contribution in the discussion part of Wikipedia. And yes, you should read the bit about deletions. If you follow your own made up rules, then you should delete a very large chunk of your own (Tangerines) and Nat Krause's discussions in the discussion section of the article.  0251, 30`",0,1,0.096453704
"`   Notice to Zscout370 about SimonP's and GroundZero's Arbitary Deletion  Howdy Zscout370,  This is just to let you know that I enjoyed our conversation very much about my contribution to the Flag of Canada page.  You very very professional, easy going and nice to talk too.  However, SimonP and GroundZero have seen fit to arbitarily deem my additions as ``POV warranting Deletion`` without any discussion.  I am not happy about such ``blatant editoral presumption`` on their parts.  I have have no prior dealings with GroundZero, but I am ``well acquainted`` with SimonP's style.   He loves to add material without references and that retort that they are available in comtemptary Newpaper Articles.   A claim that is quite difficult to double check, as most people are not career librarians, or such.    At any rate for the time being, I have taken the liberity to move my Republican Tricolour contributions to a separate page, linked below,   See also French Republican Tricolour form of Canadian Maple Leaf Flag.   Just to let yaa know, any blatant deletion/editing of this new page or the link to it on the Flag of Canada page, and I shall be asking you to contact the Administrations TO LOCK BOTH PAGES for Dispute Resolution.   Take care, and best wishes eh,   `",0,1,0.096506625
"`  Pharos may not have used ``brooklyn on line`` as a source, but Howrealisreal did, and Pharos used wikipedia's brooklyn article as a source link and if you read that article you will see that some of the ``factual`` information is from ``brooklyn on line``. (By the way, as for IP addresses, I guess pharo is a newbie as well...fyi IP addresses registered to AOL are shared by multiple users.).Jess 0932, 27 June 2006`",0,1,0.09652055
"OPPOSE This has been talked about before, and the English Manga uses the Japanese name order, so it should not be moved. Also Uchiha Sasuke, Haruno Sakura, Yamanaka Ino, and many more characters are re-ordered in the dub of the Anime, yet used like above in the english manga, and all these are found on Wikipedia as above as well. ~~~~  ",0,1,0.096529335
"  Please read WPV and WPRS.  Info boxes on Wikipedia are not reliable sources.  Please note that the text in the Hugo Chávez article is accurate, even if the situation is too complex to present in the presidential info box.  There are about twelve sources now which state Carmona was interim president, very reliable.  ",0,1,0.09654334
"  Now I am going to throw the ball into your court. Prove to me that what is even written on the Barbaro page now is valid. There are no sources. You seem to be the expert on what is there. You put it there. If I'm correct the advice of keeping the first parragraph was given by Genio to you. Who was already proven to have no credit. Why should anyone take your word that what is on there now is eve If you can not prove to me that what is up there now, than I will flag the whole page to be deleted. Prove to me that what you have placed there is valid and provide me with the exact sources for those points that are on there now. ",0,1,0.096586026
` ``Transnistria believes``  great example of POV    `,0,2,0.09675775
"`   ImageRodney Alexander portrait.jpg  Thanks for uploading ImageRodney Alexander portrait.jpg. I notice the 'image' page specifies that the image is being used under fair use, but its use in Wikipedia articles fails our first fair use criterion in that it illustrates a subject for which a freely licensed image could reasonably be found or created. If you believe this image is not replaceable, please  # Go to the image description page and edit it to add {{Replaceable fair use disputed}} # On the image discussion page, write the reason why this image is not replaceable at all.  Alternatively, you can also choose to replace the fair use image by finding a freely licensed image of its subject or by taking a picture of it yourself.  If you have uploaded other fair use media, consider checking that you have specified how these images fully satisfy our fair use criteria. You can find a list of 'image' pages you have edited by clicking on [ this link]. Note that any fair use images which are replaceable by free-licensed alternatives will be deleted one week after they have been uploaded, as described on criteria for speedy deletion.  If you have any questions please ask them at the Media copyright questions page. Thank you.    `",0,1,0.09727819
"` Please be alert See discussion above, i.e. the manyfold problems (with utmost costs involved) with paticularly the Budapest and Amsterdam ``Combino's. Further for the last, see Dutch version. Ing. D.A. Borgdorff, Rtd. C.R&D.O.; HTMnlGTL8, EL.PEng. > `",0,1,0.09752816
`   ``Tapering``   Doesn't ``tapering`` refer to the practice of decreasing milage prior to a race in order to rest and repair the body so the runner can perform at her peak?  Carbo loading just refers to eating a lot of pasta a day or two before the marathon to maximize energy stored.  Anyone disagree?`,0,1,0.09755613
"`  Merger strategy Lok satta could be merged with Loksatta (party), in the worst case, but even this is unadvisable. Please consider.  0513, 12 April 2007`",0,0,0.09759194
"`   The Juno Award?   On the main page where this article is featured, it says ``Rush has been awarded the Juno Award several times`` well, there's lots of dirrefernt types of Junos, thats like saying they won the Grammy Award several times. I'm prety sure that should be reworded...  `",0,1,0.0976436
   Matrixism Stuff Deleted by Rogue Administrator  The Matrixism re-direct and section on Matrixism in The Matrix (series) were summarily deleted by UserPhilwelch. They have been restored (temporarily?) by UserNeil but I imagine this is not the end and you might want to chime in on the subject. Philwelch's administrator status is apparently under arbitration for various violations. You might want to have a say there also.  ,0,1,0.09811022
"`   Second try   Pm_shef, this is a second attempt to try to resolve the NPOV issues already mentioned. As stated the first time,  ``no (editing) of an article related to anything political in Vaughan, no AfDs, RfDs, Deletion Reviews, talk page editing and vandalism, endless article edits and reverts`` are to be allowed.  There are no exceptions. Anything that you are involved in on Wikipedia that has to do with something or someone in Vaughan should stop totally. That includes the RfD. That doesn't mean you have to remove it, but just leave it alone. Trust the admins.   Leotardo, I thank you for agreeing with this proposal in principle. I'm glad you are willing to participate in the process. I agree with your ends. So to Pm_shef you must agree to concede the two concerns Leotardo has, in the spirit of co-operation.  Pm_shef mentioned the Susan Kadis article that he wanted to research for; but though the 10 hour time expired, there are still no such edits. I'm sure it doesn't mean that he isn't taking this process seriously.   So Pm_shef and Leotardo, and myself, we have 10 hours before all the editing noted above will totally cease. Pm_shef is to add his objective Kadis research, and Leotardo will have his two edits added, before the 10 hours expires. I will go and do that now. So again, in 10 hours, if you agree, all such editing is to stop.  `",0,1,0.09827542
" Point taken, professor.   Hmm, I only wrote the second paragraph.  ",0,1,0.09841624
"`    ImageApple Network Server.gif  Thanks for uploading ImageApple Network Server.gif. I notice the 'image' page specifies that the image is being used under fair use, but its use in Wikipedia articles fails our first fair use criterion in that it illustrates a subject for which a freely licensed image could reasonably be found or created. If you believe this image is not replaceable, please  # Go to the image description page and edit it to add {{Replaceable fair use disputed}} # On the image discussion page, write the reason why this image is not replaceable at all.  Alternatively, you can also choose to replace the fair use image by finding a freely licensed image of its subject or by taking a picture of it yourself.  If you have uploaded other fair use media, consider checking that you have specified how these images fully satisfy our fair use criteria. You can find a list of 'image' pages you have edited by clicking on [ this link]. Note that any fair use images which are replaceable by free-licensed alternatives will be deleted one week after they have been uploaded, as described on criteria for speedy deletion.  If you have any questions please ask them at the Media copyright questions page. Thank you. –   (random) `",0,1,0.098480776
"   Why isn't Sobibor one of the links on Jewish_resistance_during_the_Holocaust? I don't know how to link this page there, can someone tell me how to do it or do it themselves.",0,0,0.09850511
"`   WikipediaArticles for deletion/APE SH!T  The article APE SH!T has been speedily deleted from Wikipedia. This happened because the article seems to be about a person or group of persons but it does not indicate how or why that person or group is notable.  If you can indicate why the subject is really notable, you are free to re-create the article, making sure to cite any verifiable sources. Feel free to leave a note on my talk page if you have any questions about this. You might also want to read our criteria for speedy deletion, particularly item 7 under Articles.    `",0,1,0.0986639
"`   - Welcome to Wikipedia! I am glad to see you are interested in discussing a topic. However, as a general rule, talk pages such as Tibet are for discussion related to improving the article, not general discussion about the topic. Please refrain from doing this in the future. Take a look at the welcome page to learn more about contributing to this encyclopedia. Thank you. ♦Tangerines♦·Talk   Retrieved from ``http//en.wikipedia.org/wiki/User_talk81.155.103.36``  I have received your message above and looked at the page suggested. I don't know what you are trying to say, but if you are saying what I think you are saying, then there is nothing in Wiki to back up what I think you are trying to say. If you wish to be an editor and contribute, then please refrain from making up your own Wiki policies and rules and deleting other people's contribution in the discussion part of Wikipedia. And yes, you should read the bit about deletions. If you follow your own made up rules, then you should delete a very large chunk of your own (Tangerines) and Nat Krause's discussions in the discussion section of the article. 81.155.103.36 `",0,1,0.09873069
"`  So Bomac, if that was my POV then how come it's not in the article all this time? Do you think that all other editors here have conspired with the Greeks? Or do you think that you and your compatriots have historical information that we're not aware of? By all means, share it with us, and don't forget to cite your sources. If you are unable to bring valid a counter-argument for at least the first two ``questions``, then your last edit will be regarded as trolling.  `",0,0,0.098872505
"` I started the Ernestine duchies sub-category because the States of the HRE category currently has 199 articles, and I'm sure there are still more HRE states than that. As for Saxe-Coburg and Gotha, there actually is no family/dynasty with that name. They were/are all Wettins, unless they changed the name, like the Windsors did. In any case, if you are so inclined, there is a lot that needs to be done with the Ernestine duchies. I only get back to them occasionally. There is material in the German and Spanish Wikipedias, but my German and Spanish are both weak, and I have struggled with the translations. Finding decent sources in English is also a problem.   `",0,0,0.098893695
 Ganser does not accept the FM without criticism and certainly does not 'rely heavily' on it for his conclusions. He mentions it on 3 pages in the book of 300 pages and it is 1 of 960 sources.  It is quite clear that you have not read the book.... al  bin  (Hows my driving?) ,0,0,0.09893196
Removed text  Humanitism is the form of messianism held by the Sabis and their Notzarim. The clergy (Sabiyah) identifies and promotes a forever imminent just ideal in the midsts of the (Notzrim) congregation. The congregation are to attach themselves to the identified just mission and become its body and limbs through social solidarity to make the ideal manifest and thus bring about progress where the best efficiency takes pride of position. Efficient progress is not illegal as long as it is not against the Humanitist directives and there is always a way for the clergy to observe Torah protocols. The clergy reserves the right to single-out members of the congregation worthy of respect in light of significant contribution.  Totally incoherant ,0,1,0.09907287
"`  I don't doubt that you do have permission, since I see no reason for you to lie, but until you can prove it, the information can't be put on Wikipedia. Please please provide evidence that you've been given permission by the appropriate parties, as this is a serious matter. Also, please do not try to delete the FAC now that it has been nominated; if you disagree with this article being Featured, then simply vote ``object`` on the above link. - `",0,1,0.0991074
"`.  http//kyleewyote.tripod.com/raplist.html This site has a bunch of the records, including two more I am not familiar with The East Coast Crew The Final Word-No More Roxanne and Zelee No More Roxanne. I have also never heard of any other Roxanne impersonator beside the two who were famous, though there are frequent mentions of all these other ``Roxannes```",0,1,0.09928044
"`  Blackopsmercenaries A {{prod}} template has been added to the article Blackopsmercenaries, suggesting that it be deleted according to the proposed deletion process. All contributions are appreciated, but the article may not satisfy Wikipedia's criteria for inclusion, and the deletion notice explains why (see also ``What Wikipedia is not`` and Wikipedia's deletion policy).  You may contest the proposed deletion by removing the {{dated prod}} notice, but please explain why you disagree with the proposed deletion in your edit summary or on its talk page. Also, please consider improving the article to address the issues raised. Even though removing the deletion notice will prevent deletion through the proposed deletion process, the article may still be deleted if it matches any of the speedy deletion criteria or it can be sent to Articles for Deletion, where it may be deleted if consensus to delete is reached.  `",0,1,0.09933783
"`   Panevėžys   Apparently, you haven't read the lead of Liublino unija. Krakow has the same solution for names as Vilnius. There is also  - theoretically much more controversial  - Breslau example where you have German name in the lead. And I would promptly revert any removal attempt. Apparently, wikipedia is not very consistent... As for Lublin and Panevėžys, it seems that it was discussed. It happens that I share  views (polish nationalist?). On the other hand, I have impression that you agreed to put  national versions there in the text, so I follow this solution (even if I feel that WPNC(GN) suggests something else). I hope this will fix the problem in this particular case.   `",0,1,0.09934147
"`  Famous message ``Following Colonel Harrison Thyng’s famous message to the Pentagon, the 51st FIW reinforced the beleaguered 4th in December 1951`` - as a UK citizen I have no idea what this famous message might be. Could this be rewritten to be clear to a wider audience?  `",0,1,0.099376656
  Disappearing image An GFDL image used by several pages has disappeared. Stem cell diagram   that was created by . Was linked to by Stem cell. Any help appreciated.  ,0,1,0.099558584
  Ooops... I normally do check. Apologies. I'm new to this... what do I do now? Unblock the user then reblock them for the duration that you blocked them for? Darth   ,0,0,0.09963148
"   Nightwish, Metal Ganres, And Metal Music  This is mainly in concern to your post on the Nightwish page. Please do not take this in any way, shape or form as an attack, but more as a offer of guidance.  I highly suggest, that when you read an article, you read it thoroughly. If you are unsure of the meaning of something, follow the link associated with it, and read the article about it. If a link is not provided, a good dictionary site such as this one should help.  In relevance to Nightwish's musical style, they are not Gothic. For reasons why, i suggest you read the articles Symphonic Metal and Gothic Metal.  In relevance to metal genre pages, and metal bands in genre. There is often discussion upon things to do with these, but low and behold, please be assured there is a dedicated network of users who work on this musical form, and the bands within, who are all highly experienced in the topic, and all work with, and sometimes against each other, to make the articles the best they can be.  Please feel free to join any discussion on any page, but please read through previous disscussions, to see why the comments currently made, are being made.  Hope you fair well, and thank you for the time taken to comment on Nightwish's current talk page.  ",0,1,0.09969857
  New message Come on Jay what are you trying to sell here! All your edits have been to Israel related articles! If you are from Israeli P.R just come out and say it because people are seriously considering your attachment to Mossad!  ,0,0,0.099770114
"   User Jayjg's revert war at Mahmoud Ahmadinejad and Israel  This is not a formal complaint, but I would like to informally draw the attention of some members of the arbitration committee to the behavior of user Jayjg, an arbitration committee member at Mahmoud Ahmadinejad and Israel and its talk page.  There is a dispute about the inclusion of a description of a translating group.  Jayjg has removed the description I added on (1012, May 8, 2006), (1019, May 7, 2006), (2319, May 5, 2006) Jayjg and other times.  While the article is not heavily edited, there is certainly no consensus that the description should be removed, nor has Jayjg supported his reasoning for removing it after being challenged to do so by myself and another editor.  I think that as a member of the arbitration committee Jayjg should be held to an even higher standard than at-large editors.  ",0,1,0.10016976
"` PS According to this  the Dolmabahçe Palace is Baroque and Rococo (presumably 19th century style!) the larger pictire on its own site gives a better impression. Neoclassical portico, I see where they get the Rococo idea from all that moulding on the wall, but there are no broken pediments - obviously a second empire influence in there too with a little ``Italianate`` the way the portico is also a double loggia. To be honest, it such a hybrid, I would be tempted to call it Belle Époque as it looks like an hotel in Biaritz.  |  `",0,1,0.10026893
"Gone with the blastwave A tag has been placed on Gone with the blastwave, requesting that it be speedily deleted from Wikipedia. This has been done because it is an article about a certain web site, blog, forum, or other community of web users that does not assert the importance or significance of that web location. Please read our criteria for speedy deletion, particularly item 7 under Articles, as well as notability guidelines for websites. Please note that articles must be on notable subjects and should provide references to reliable sources which verify their content.  Please do not remove the speedy deletion tag yourself. To contest the tagging and request that administrators wait a while for you to add contextual material, please affix the template {{hangon}} to the page, and put a note on TalkGone with the blastwave. Feel free to leave a note on my talk page if you have any questions about this.  |  ",0,1,0.10028901
" —The preceding unsigned comment was added by   •  . Versalife has been merged to [[Deus Ex], and is now a redirect to the Deus Ex page. Leaving it on the template would only lead to confusion, as anyone clicking it would end up back at Deus Ex and not necessarily know why.  ",0,0,0.10029624
"`  You aren't talking about the same guy - Setsu Yuki  Dylan Yuki and Kaoru Matsubara  Kyle Matsubara - Also, if anyone wants to make a German-language article - use ``Mirmo!`` with the Japanese character names (except Mirmo, of course)  `",0,1,0.10036278
   Merge?   *Do Not Merge.  Separate episodes deserve separate articles.  ,0,0,0.100516506
"    Notables who are Influenced  Curious if it's worth to mention artists who play his music in a famous sort of way, such as Vanessa Mae's techno mix or Yo Yo Ma's remake album for the cello.",0,1,0.100608826
" Yes, exactly, as I said, it is at the XVIII Century when the use of the word with the geografical meaning starts disappearing, so Martorell was right when he says that in the years when the Nueva Planta Decrees are written (just beggining of XVIII cent.), Spain is still considered as a geografical term. So the sencence is correct. This said, I tell you that, since you are free to have what you want in your page (I doubt about what an administrator will think about this freedom, it seems you don't know about sbdy's freedom ends where the other people one start), I will be free also to avoid wasting more time discussing with you until you show to the other people the respect that I expect everybody to have with the people arround. I still hope we can continue discussing about the article and not about anything else (at least here) anymore. Xtv -  - (que dius que què?) ",0,1,0.10089199
"`  I agree that there should be some indication of Bach's significance stronger than that second sentence, as it is encyclopedic.  I'm still not happy with the word ``greatest``, because it's vague - and as you say it's an abbreviation, I'd really much rather include a modification of your expansion of the abbreviation above (I may try one day when I've more time).  I don't accept that ``everyone knows what it means`` - ``greatest`` means different things to different people, and there's too much of the peacock and the ``top ten`` about it.  And Britannica doing something is by itself no reason for Wikipedia to follow suit.  For now I modified the page according to this bit of NPOV policy.  Hope it's acceptable.   ♬  `",0,0,0.101046376
   Youth Division   Why has the youth division been removed? There is no disscussion over its removal then who dared to remove it without any consent! In the 06-07 year Milan had alot of players injured which has resulted in significant inclusion of youth division players in to the first team. I request the mods to please add the deleted contents.  And Matt{∞+∞-} or whatever the squad numbers are taken from various breaking news that appear on acmilan.com. For eg. the sqaud numbers for Vitofrancesco and Facchin were taken from this link http//www.acmilan.com/NewsDetail_popup.aspx?idNews36113&progr;6,0,1,0.10110404
"`  Gemma de Giorgi I have added a ``{{prod}}`` template to the article Gemma de Giorgi, suggesting that it be deleted according to the proposed deletion process. All contributions are appreciated, but I don't believe it satisfies Wikipedia's criteria for inclusion, and I've explained why in the deletion notice (see also ``What Wikipedia is not`` and Wikipedia's deletion policy).  You may contest the proposed deletion by removing the {{dated prod}} notice, but please explain why you disagree with the proposed deletion in your edit summary or on its talk page. Also, please consider improving the article to address the issues raised. Even though removing the deletion notice will prevent deletion through the proposed deletion process, the article may still be deleted if it matches any of the speedy deletion criteria or it can be sent to Articles for Deletion, where it may be deleted if consensus to delete is reached.  `",0,1,0.10124558
`  First link It's link to hotel ``Парус``.   (commonsUserSerguei S. Dukachev)`,0,1,0.10128551
"`   Speedy deletion of FRGDD  A tag has been placed on FRGDD requesting that it be speedily deleted from Wikipedia. This has been done under section A1 of the criteria for speedy deletion, because it is a very short article providing little or no context to the reader. Please see WikipediaStub for our minimum information standards for short articles. Also please note that articles must be on notable subjects and should provide references to reliable sources that verify their content.   If you think that this notice was placed here in error, you may contest the deletion by adding  to the top of the article (just below the existing speedy deletion or ``db`` tag), coupled with adding a note on the article's talk page explaining your position, but be aware that once tagged for speedy deletion, if the article meets the criterion it may be deleted without delay. Please do not remove the speedy deletion tag yourself, but don't hesitate to add information to the article that would would render it more in conformance with Wikipedia's policies and guidelines.  |   `",0,1,0.101510145
"  Speedy deletion of O'Gorman football A tag has been placed on O'Gorman football, requesting that it be speedily deleted from Wikipedia. This has been done for the following reason  Notablity, as well as they looks like someone is bragging about heir football team, perhaps move some content to the schools article.  Under the criteria for speedy deletion, articles that do not meet very basic Wikipedia criteria may be deleted at any time. Please see the guidelines for what is generally accepted as an appropriate article, and if you can indicate why the subject of this article is appropriate, you may contest the tagging. To do this, add  on the top of the page and leave a note on the article's talk page explaining your position. Please do not remove the speedy deletion tag yourself, but don't hesitate to add information to the article that would confirm its subject's notability under the guidelines.  For guidelines on specific types of articles, you may want to check out our criteria for biographies, for web sites, for bands, or for companies. Feel free to leave a note on my talk page if you have any questions about this.  ",0,1,0.10171015
"`  -  ``(3) The States Parties to the present Covenant, including those having responsibility of the administration of Non-Self-Governing and Trust Territories, shall promote the realization of the right of self- determination, and shall respect that right, in conformity with the provisions of the Charter of the United Nations.`` See The International Covenant on Civil and Political Rights, Adopted UN General Assembly  Resolution 2200 A (XXI) of 16 December 1966`",0,1,0.101800755
"  Carlo Scognamiglio Pasini I've put a hangon tag on the page to keep it from being deleted, but you really need to provide some sources/references for your article.  ",0,1,0.10189859
"`   A Helpful Haiku  Meaneager, I've written this lovely haiku to help you understand the situation  I posted some fish ``Gross!`` you said, and took them down but you cannot win.`",0,1,0.10197423
"`   The currency moves   Hi, I think we can safely assume that the currency moves should be carried out. I did a few yesterday, many of them don't need an admin. Unfortunately, WPRM is starting to run up a huge backlog maybe because the currency moves look a bit daunting. I think the Rùm vote which I parttook in should also be closed, but unfortunately one support vote should be discounted so it's going the ``wrong`` way. Anyway, enough for tonight.  `",0,0,0.102192394
"  White Guard, the Entente cordiale was the alliance between the UK and France. Russia was not a constitutive factor to it. The term Entente was commonly used in Germany to denote the victorius Alliance. And Allies to me sounds too World-War-Two-ish to me. A possible alternative would be victors.    (posted in edit conflict)",0,1,0.1023002
   Confusion   What do Lynx and Lamb Gaede have to do with Girl Authority? Can someone enlighten me for a sec?,0,1,0.102350496
   Changed to dismbiguation with each of the other pages pointing back.    Blackboard has a history over 20 years in duration for AI systems.  ,0,1,0.10236827
"   Tell me please!   I`m just looking on your long history today. Like this Roniron said to you Why do you ignore the pages of Kajol, Rani Mukherjee and SRK? I ask you to go imediatelly to their pages and remove all their images because the images in the pages of the four actors (Rani Preity Kajol SRK) having the same images type and explainations. If you don`t do it, I will Understand that you have some favoritism with the wonderful Preity Zinta. respond please.",0,1,0.1024439
"`  And by press I sure don't mean Wikitruth, review, et al. Think contacts at starts ``Real`` ends with ``Media``.  () `",0,1,0.10267051
It also mentions that stories about Ganesha can be found in the Puranas.  ,0,1,0.10267117
"   AFD closed    Sorry, I didn't realize I could just start another AFD fr Jurassic Park 4 since it was last discussed for deletion quite a while ago, because I didn't know there was a general time span for how long a decision stands in an AFD.To me it kind of defeats the purpose of Wikipediadeletion review, unless you someone feel so strongly as to contest the decision right away.  ",0,0,0.102784656
"`   Admin project   I made a change to  by making the little things that say other pages look like the real subpage thingy, and I was wondering if it would be ok with you if i did that to all the admin project pages. Also i was wondering if you approved, that i should wrap  around the links. The good thing about that is if people style the little subpage navigation thing in their css, it would do the same to that. The bad thing is if they make a #contentSub { display none }, then the fake one wouldn't show either. We could copy the css from the http//en.wikipedia.org/skins-1.5/monobook/main.css , but the problem then would be if they change skins, or they want to style it, it wouldn't work change with their styling needs. What do you think?     Or maybe we could do a , so the !important would override all css (because ususally css overrides html) unless they have a !important in their css too.  `",0,1,0.10285829
"  Your knowledge of Hebrew? Thank god that Jossi speaks Hebrew, to back you up. And the Humanist is a treasure for that as well, isn't it. But to have it look scholarly, it is simply to amateurish.  ",0,2,0.10288698
   Last Warning  Please discuss your proposed changes in discussion page. Do not delete any info from Wikipedia without discussion. If you persist in unilateral changes then you will be reported to Wikipedia as Vandal. You may banned from using Wkikipedia for limited time. You must reconsider your tactics. Please cooperate and we welcome your contribution to Wikipedia.   ,0,1,0.103025965
"  The CTV article was not minor. I remember when they broadcast it - in fact at the time I didn't even know Susan Kadis was involved. As I recall it got into at least 2 different major newscasts or newspapers. It was the important news of the day, was broadcast all over the country on CTV's evening news. Sure it may have been forgotten 2 days later, but so are most news reports. And according to google, Susan Kadis has not been mentioned in any other major articles since then, except the Michael Ignatieff issue. The few times Susan Kadis receives national press coverage should warrant inclusion in her encyclopedia article, not the sensing and cindering that's been going on.  ",0,1,0.10308547
"`   my RfA   {| cellpadding``2`` cellspacing``0`` border1 |-  style``vertical-align top;`` |! style``background #BBBBBB;`` | Hello FloNight, it's always good to meet someone else who counts their cats among their family. I wanted to thank you for taking the time to consider my RfA, which passed this morning. Admins are sort of like vultures, cleaning things up and whatnot... well, as long as you don't think too much about it. If there's ever anything I can help you with, just ask; you know where to find me. ×   |! style``background #BBBBBB;`` |  |} `",0,2,0.10349586
"`   Calm down!   Hi Devan no need to get volatile on me and this isn't the first time  (RV - Umm, not using opinion. Using ``Age of the Nandas and Mauryas`` by Nilakantha Shastri. Greek and Aramaic were not the predominant languages of the Northwest, let's not imply that they were.)  Perhaps if you were more diplomatic, more people may value your opinion. I hope you need not be so confrontational in future.  Regards (]] )`",0,1,0.103806905
"`  Speedy deletion of First global online credit service  A tag has been placed on First global online credit service, requesting that it be speedily deleted from Wikipedia per speedy deletion criterion G11.   Under the criteria for speedy deletion, articles that do not meet basic Wikipedia criteria may be deleted at any time. Please see the guidelines for what is generally accepted as an appropriate article, and if you can indicate why the subject of this article is appropriate, you may contest the tagging. To do this, add  on the top of the article and leave a note on the article's talk page explaining your position. Please do not remove the speedy deletion tag yourself, but don't hesitate to add information to the article that would confirm its subject's notability under the guidelines.   If you think that this notice was placed here in error, you may contest the deletion by adding  to the top of the article (just below the existing speedy deletion or ``db`` tag), coupled with adding a note on the article's talk page explaining your position, but be aware that once tagged for speedy deletion, if the article meets the criterion it may be deleted without delay. Please do not remove the speedy deletion tag yourself, but don't hesitate to add information to the article that would would render it more in conformance with Wikipedia's policies and guidelines.  '' ♦ '' `",0,1,0.10380694
`   Assyrians page   I don't care for the name ``Aramaean.`` The only reason I left it on the page is because Benne keeps reverting it. `,0,0,0.10409197
 Let me get this.  Are you saying that IVAW is a reputable publisher but not those milblogs and people who have worked hard to debunk MacBeth's claim?   ,0,1,0.10417194
"  Some notes after the revamp  Strabo is the main source, I think. I've read him but also Pliny and confuse what belongs to each one. Plus all the secondary references...  Vascon is the Lat. singular for Vascones. But I strongly favor the move to Vascones, after all they are an ethnic group, hence a plurality, and also it is consistent with other related entries as Aquitani, Varduli, Caristii, Autrigones and Cantabri.  The information on Middle Ages Vasconia is now in Duchy of Vasconia.  ",0,2,0.10449423
"Court records are by definition both accurate (people are sworn in) and significant (insignificant facts are stricken).  If this article is to include anything from the Eichenwald article, it must also contain any relevant information concerning the motivations and therefore the accuracy of Eichenwald's writing.  If the court records (which Eichenwald incidentally strove for months to keep sealed) are not considered significant, then everything in this article sourced from Eichenwald's exposé must be removed.     ",0,1,0.10450011
"`  Right. You're talking about me. (I am new here and now I can sign my name which you'll see in the end of this). So, what you guys want with the ``Inner`` Mongolia thing? Do you think you own this NPOV thing or ``shei shuo le suan``? You?  Simply I removing yours and you removing mine is not the solution. You wanna discuss? Then first you Chinese have to let the Mongols freely talk about their own country. My name is Dugar and you can reach me at dugarjab at yahoo dot kom.  Here is my signature   `",0,1,0.10495517
"   what i meant to say is that most internationally recognized publications refer  to Balhae and Goguryeo as part of History of Korea, as contrary to Chinese claim that Balhae and Guguryeo people are part of Chinese ethnic groups. Sorry if you misunderstood me, I guess my statement was unclear. As usual, thank you for your great contributions to many articles on Wikipedia ). Have a nice day.  ",0,2,0.105059214
"Samrat biswas  A tag has been placed on Samrat biswas, requesting that it be speedily deleted from Wikipedia. This has been done because the article seems to be about a person, group of people, band, club, company, or web content, but it does not indicate how or why the subject is notable, that is, why an article about that subject should be included in Wikipedia. Under the criteria for speedy deletion, articles that do not assert notability may be deleted at any time. Please see the guidelines for what is generally accepted as notable, and if you can indicate why the subject of this article is notable, you may contest the tagging. To do this, add  on the top of the page and leave a note on the article's talk page explaining your position. Please do not remove the speedy deletion tag yourself, but don't hesitate to add information to the article that would confirm its subject's notability under the guidelines.  For guidelines on specific types of articles, you may want to check out our criteria for biographies, for web sites, for bands, or for companies. Feel free to leave a note on my talk page if you have any questions about this.   ",0,1,0.10520117
"`  Notability of Tiffany Scuitto A tag has been placed on Tiffany Scuitto, requesting that it be speedily deleted from Wikipedia. This has been done because the article appears to be about a person, group of people, band, club, company, or web content, but it does not indicate how or why the subject is notable that is, why an article about that subject should be included in an encyclopedia. Under the criteria for speedy deletion, articles that do not assert the subject's importance or significance may be deleted at any time. Please see the guidelines for what is generally accepted as notable.   If you think that you can assert the notability of the subject, you may contest the deletion. To do this, add  on the top of the page (just below the existing speedy deletion or ``db`` tag) and leave a note on the article's talk page explaining your position. Please do not remove the speedy deletion tag yourself, but don't hesitate to add information to the article that would confirm the subject's notability under Wikipedia guidelines.  For guidelines on specific types of articles, you may want to check out our criteria for biographies, for web sites, for bands, or for companies. Feel free to leave a note on my talk page if you have any questions about this.   `",0,1,0.10540467
"   2.40 doesn't exist yet.   Okay, here's the deal 2.37a is the current stable Blender version. That's what the web site currently recommends you to download. 2.40 currently exists in form of alpha releases. So please, if you stick a new version to the infobox, at least make it clear that that's the real version to download. Perhaps the infobox should have separate stable and preview release numbers, as in, say Mozilla Firefox article, but I don't know how they did that voodoo there. Also, at this point, I don't think it's really yet that important to ramble on the new features, especially if that rambling only consists of links to changelogs / release notes.    ",0,1,0.10551305
"  parody? at least it makes a bit more sense getting between stars in less than weeks of travel time.  rodenbury said he got the idea from wagon train.. i never remember wagontrain gettin cross country in under 3 months or so. but there was new people formin up every few weeks for another journey.  rodenburry said somethin about running outa galaxy if he made warpspeed too fast. with  warp 10 max it takes about 20 hours to get between close stars this IS very like loveboat, or wagon train but only new york to paris or new york to la, not new york to philly to cincinnati to stlouis to salt lake to la theres no stops along the wagon train...        ",0,1,0.106259845
"```Stories in Samurai Shodown have been made into anime, while some anime series, most notably Rurouni Kenshin (Nobuhiro Watsuki, the creator of Rurouni Kenshin, incidentally, created some of the new characters in Samurai Shodown V), are homages to Samurai Shodown.`` This makes no sense. Is this refering to the Samurai Shodown anime? I'm reluctant to edit because I don't know anything about Rurouni Kenshin or Nobuhiro Watsuki. Can someone who knows what this is trying to say help out?  `",0,0,0.10629635
"`  No such thing as false and true in here, only positions. I agree that the first sentence isen't neutral, ``The weakening control of the Ottoman government over its empire in the following 15 years led many Armenians to believe that they could gain independence from them`` too is not neutral, but that section could be neutralise at least with words such as 'according to' (citing the author), Davison here could be cited, as he covers the Armenian situation (irronically Davison has been placed in the list of 'denialist' by Deepblue06) and their aspiration in his work covering the Armenian crises (1912-1914) prior to the war. This work is really a must read. BTW, the rest of what you write is POV and at this point irrelevent.   `",0,1,0.106349766
"`Koshare Indian Dancers I have added a ``{{prod}}`` template to the article Koshare Indian Dancers, suggesting that it be deleted according to the proposed deletion process. All contributions are appreciated, but I don't believe it satisfies Wikipedia's criteria for inclusion, and I've explained why in the deletion notice (see also ``What Wikipedia is not`` and Wikipedia's deletion policy).  You may contest the proposed deletion by removing the {{dated prod}} notice, but please explain why you disagree with the proposed deletion in your edit summary or on its talk page. Also, please consider improving the article to address the issues raised. Even though removing the deletion notice will prevent deletion through the proposed deletion process, the article may still be deleted if it matches any of the speedy deletion criteria or it can be sent to Articles for Deletion, where it may be deleted if consensus to delete is reached.   `",0,1,0.10652719
"`  Please read our core policy, WPNPOV. It says ``The neutral point of view is a means of dealing with conflicting views. The policy requires that, where there are or have been conflicting views, these should be presented fairly. None of the views should be given undue weight or asserted as being the truth, and all significant published points of view are to be presented, not just the most popular one. It should also not be asserted that the most popular view or some sort of intermediate view among the different views is the correct one. Readers are left to form their own opinions.`` WikipediaNeutral_point_of_view/FAQ#Pseudoscience tells us ``The task before us is not to describe disputes as though, for example, pseudoscience were on a par with science; rather, the task is to represent the majority (scientific) view as the majority view and the minority (sometimes pseudoscientific) view as the minority view; and, moreover, to explain how scientists have received pseudoscientific theories. This is all in the purview of the task of describing a dispute fairly.``  `",0,1,0.10660137
"  This is what Wiki Civility requires    Civility is a code for the conduct of editing and writing edit summaries, comments,    and talk page discussions on all Wikipedias. Whereas  incivility    is roughly defined as personally targeted behavior that causes an atmosphere of greater     conflict and  stress, our code of civility    states plainly that people must act with civility toward one another. Yours truly,  ",0,1,0.106723964
"  Internet Explorer  Anything I can do to help.  I noticed Rhobite's list on FAC and I agree with most of the stuff Rhobite pointed out.  Some of it is actually my fault too (e.g. the Felten quote which I added, which is probably too long and belongs more on the Component Object Model page anyway).  ",0,1,0.10693455
"`   No, my point still stands, in regards to adding things like ``Quaxo is unimpressed by Tugger...`` or ``Grizabella is believed to be Munkustrap's mother...`` (etc etc) in character details, and I dont mean just you, Im referring to people who do the aforementioned things, ie their own opinions and interperatations of things in the show which havent been officially confirmed or acknnowledged. Fan opinion etc. Im sure you understand.`",0,1,0.106977925
"   A last thought don't these sort of things, that are causing no apparent or significant harm be given a weeks (or even a few days) grace before deletion. The users of the site will show you what they appreciate. (Even if this is too much of a democratic process for ADMIN jong-il)",0,1,0.10697975
"Total number of fighter aircraft produced(in service?) to date(by make)   Someone, please add such information.   Kinda table  F-16 4500 F-15 1500 Su-27 600(do not copy these numbers - it is gues) That would be grait addition to article.   ",0,1,0.10702864
  Hi  I want to request a Checkuser for IP64.131.205.111...He was blocked already but he seemed to come back again with another sock puppet called ..Could You Please Help Me Out???i dont know how this process works! ,0,0,0.10704733
"I agree, leave the links alone already.  But InShaneee is not going to give in, trust me.  MoLi Admin  ",0,1,0.10735374
"   Sound Debate   If Machine Head are to be classed by a certain sub-genre of metal, two things really need to happen  1. There has to be a rationale for the classification in the 'Sound Debate' sub-section. They've been considered for about 10 different metal genres at different times, so this can't be stressed enough. 2. If there is to be a rationale, some form of substantiation would most definitely help. Either a recognised critical opinion or perhaps even the band's own thoughts. Encyclopaedia's aren't meant to reflect one person's particular opinion.",0,1,0.10737192
"`   Speedy deletion of Wil dCosta  A tag has been placed on Wil dCosta, requesting that it be speedily deleted from Wikipedia per speedy deletion criterion A7.   Under the criteria for speedy deletion, articles that do not meet basic Wikipedia criteria may be deleted at any time. Please see the guidelines for what is generally accepted as an appropriate article, and if you can indicate why the subject of this article is appropriate, you may contest the tagging. To do this, add  on the top of the article and leave a note on the article's talk page explaining your position. Please do not remove the speedy deletion tag yourself, but don't hesitate to add information to the article that would confirm its subject's notability under the guidelines.   If you think that this notice was placed here in error, you may contest the deletion by adding  to the top of the page (just below the existing speedy deletion or ``db`` tag), coupled with adding a note on the article's talk page explaining your position, but be aware that once tagged for speedy deletion, if the article meets the criterion it may be deleted without delay. Please do not remove the speedy deletion tag yourself, but don't hesitate to add information to the article that would would render it more in conformance with Wikipedia's policies and guidelines.   friendly) `",0,1,0.10757918
" I semi-protected it. Sorry, I was trying to add the sprotect tag to the top of the page, but Wikipedia was timing out for me for some reason. -  ",0,0,0.10774652
"`Notability of Samuel Teresi A tag has been placed on Samuel Teresi, requesting that it be speedily deleted from Wikipedia. This has been done because the article appears to be about a person, group of people, band, club, company, or web content, but it does not indicate how or why the subject is notable that is, why an article about that subject should be included in an encyclopedia. Under the criteria for speedy deletion, articles that do not assert the subject's importance or significance may be deleted at any time. Please see the guidelines for what is generally accepted as notable.   If you think that you can assert the notability of the subject, you may contest the deletion. To do this, add  on the top of the page (just below the existing speedy deletion or ``db`` tag) and leave a note on the article's talk page explaining your position. Please do not remove the speedy deletion tag yourself, but don't hesitate to add information to the article that would confirm the subject's notability under Wikipedia guidelines.  For guidelines on specific types of articles, you may want to check out our criteria for biographies, for web sites, for bands, or for companies. Feel free to leave a note on my talk page if you have any questions about this.   `",0,1,0.107943796
"` 2006 (UTC)  ) Chavista May go away for some time. But will always come back. Cheers.   Please see talkchavista#Blogs are not reliable sources   Fyi, the objection to blogs in WPRS is just a more verbose version of the same objection in WPV (which is indeed a policy). However, perhaps something in  or a search in a dedicated database of that type might still provide a less disputed source. —  Thanks xy -)  WPV says ``For that reason, self-published books, personal websites, and blogs are largely not acceptable as sources.``  Same weasle as on WPRS (typically).  I don't think a search will prove fruitful, given the restrictions on freedom of the press in Venezuela and the inattention the international media paid to Venezuela until recently.  I'm going to let JRSP do the homework of getting a policy read on the notion of its use for a colloquialism, as I've grown weary of doing work for him.    Well, I guess it’s a matter of interpretation, then. (I tend to understand the policy as excluding blogs always, except in the cases given below the bit you quoted.) By the way, ‘weasel’? You’ve spent way too much time at WPFAC. ;) —  No kidding -)  Time to get back to work on *my* stuff!   1303, 7 August`",0,0,0.10799022
"   Mary Poppins Should Be There Before I begin I would like to say that I am searching for citation that is needed for Aladdin to be included in the list. Anyway I believe Mary Poppins should be in it's list because it's like Beauty and the Beast, the only one under its genre to be nominated for Best Picture in the Academy Awards, its genre is human actors interacting with cartoon characters, yes the interaction was only like for 15 minutes but still they interacted with cartoon characters and puts it in the same genre as Who Framed Rogerr Rabit or Space Jam. ",0,2,0.10805436
"` I haven't made any massive edits to any StarCraft articles...well, I want to say ever, but I know for a fact not lately. The closest I can think of is adding section-stubs and reorganizing Zeratul a bit, but that was mostly your baby.  Unless I'm ambivalent about the potential in an article, I don't typically go out of my way to start some sort of discussion before going to AFD. After all, AFD is a forum for discussion, and a well-advertised one. If an article is kept, either my argument wasn't very convincing or it was just plain wrong, and there was no harm done. -   |  `",0,0,0.10852559
"`  ImageAphrpan.jpg  {| aligncenter border0 cellpadding4 cellspacing4 style``border 2px solid #FF5500; background-color #F1F1DE`` |-  | Image deletion warning | style``font-size 80%`` | The image ImageAphrpan.jpg has been listed at WikipediaPossibly unfree images. If the image's copyright status cannot be verified, it will be deleted. If you have any information on the source or licensing of this image, please go there to provide the necessary information. |}   `",0,0,0.10864383
"   Thanks for the revert  I noticed that Mattisse went on a tirade against you and I notified AN/I about it. I think that's the first time I ever even notified AN/I about anything. I know it's not a big deal to you, but it's happened multiple times before and an admin needs to address it finally. -  ",0,1,0.10888195
"`   Kbk's proposed changes   I reverted two changes by Kbk so they could be discussed here first.  First, he removed the two sentences describing pseudo-science ``* by asserting claims or theories without first verifying them in experiments * by asserting claims without supporting experimental evidence;``  Second, he removed cold fusion from the list of pseudosciences and added it on the protoscience page on the basis that it is actually a protoscience.   7 July 2005 2229 (UTC)`",0,1,0.10896016
   Jintropin  This is a huge story and the article is incomplete without it's mention. As has been the case in so many other industries (automotive is next) the Chinese have built a lower-cost mousetrap. Jintropin is about 1/2 to 1/3 the cost and is readily available on the internet. It's the FIRST significant price drop EVER since gH became the drug d'jour for the anti-aging set.,0,2,0.10908429
"  ;Current *US 1 - Jefferson Davis Highway, 14th Street Bridges, [14th Street, Constitution Avenue, 6th Street](Southwest Freeway, 9th Street, L Street), 6th Street, Rhode Island Avenue *US 1 Alternate - [New York Avenue](L Street), New York Avenue, Bladensburg Road *US 29 - Lee Highway, Key Bridge, Whitehurst Freeway, K Street, 11th Street, Rhode Island Avenue, 7th Street, Georgia Avenue *US 50 - Arlington Boulevard, Roosevelt Bridge, Constitution Avenue, [Constitution Avenue, 6th Street, New York Avenue](9th Street, L Street), New York Avenue",0,1,0.10968324
"  That's a reference to the British Whig political party, not the American. In the colonies it was basically Whig (Patriot) vs. Tory (Loyalist).   2039, 2005 July 24 (UTC)",0,1,0.10986397
"`Bashir Zaidi Aseer  A proposed deletion template has been added to the article Bashir Zaidi Aseer, suggesting that it be deleted according to the proposed deletion process. All contributions are appreciated, but this article may not satisfy Wikipedia's criteria for inclusion, and the deletion notice explains why (see also ``What Wikipedia is not`` and Wikipedia's deletion policy).  You may contest the proposed deletion by removing the {{dated prod}} notice, but please explain why you disagree with the proposed deletion in your edit summary or on its talk page. Also, please consider improving the article to address the issues raised. Even though removing the deletion notice will prevent deletion through the proposed deletion process, the article may still be deleted if it matches any of the speedy deletion criteria or it can be sent to Articles for Deletion, where it may be deleted if consensus to delete is reached. If you endorse deletion of the article, and you are the only person who has made substantial edits to the page, please add  to the top of the page.   `",0,1,0.11012932
"`Homey, what I get that you either misunderstand what I am referring to, or that you refuse to get it.  I am talking about this edit, the first one you made after your 48-hour block.  You removed what was then the second paragraph of the article, with an edit summary referring to a ``consensus.``  At the time of the alleged previous ``consensus,`` the intro was only one paragraph.  Between that time and the time of the edit in question, a second (and I believe a third) paragraph had been added to the intro, otherwise you couldn't have removed it.  The ``consensus`` concerned only the first paragraph.  So that's my final answer.  Say what you want about this, I am not responding to it.  I also don't see why you posted essentially the same thing here and on my talk page.  I read this page, so you only need to post it here.     `",0,0,0.11014472
"`  from all the above, I guess the popularity of self-designation is as follows #ܣܘܪܝܝܐ Sūryayē  100% (?) #ܐܪܡܝܐ Āramayē 20-40% (?) # ܐܬܘܖ̈ܝܐ Āṯūrāyē 20% (?) the question at this point must be, what is the opinion of the Chaldean Assyrians on the Āṯūrāyē vs. Āramayē question? Do they use either term at all, or is this just a ``Syriacs vs. Nestorians`` thing?   `",0,1,0.1104936
"`  Behe's definition of 'irreducible complexity' ``a single system which is composed of several well-matched interacting parts that contribute to the basic function, wherein the removal of any one of the parts causes the system to effectively cease functioning.``  If you removed any one of the items you mention, your computer would stop functioning.  Therefore, it is irreducibly complex.  Also, you will get no argument from the main ID proponents that ID is not about ultimate origins.  Dembski's reply to the question, in The Design Revolution ``Design-theoretic explanations are proximal or local explanations rather than ultimate explanations.  Design-theoretic explanations are concerned with determining whether some particular event, object, or structure exhibits clear marks of intelligence and can thus be legitimately ascribed to design.  Consequently, design-theoretic reasoning does not require the who-designed-the-designer question to be answered for the design inference to be valid.  There is explanatory value in attributing the Jupiter Symphony to the artistry (design) of Mozart, and that explanation suffers nothing by not knowing who designed Mozart.  Likewise in biology, design inferences are not invalidated for failing to answer [the] who-designed-the-designer question.``  At least learn a little bit about a subject before criticizing it. 6 July 2005 0138 (UTC)`",0,1,0.11053321
   # its 22 not 23 she included Goodwin obviously!,0,1,0.110804394
"   I'm not Germanizing anything.  I don't see what's wrong, when talking about Opole as being the historical capital of Upper Silesia, with mentioning what it's name was when it was said historical capital of Upper Silesia.  Would an article talking about Galicia be wrong for mentioning that it's capital was Lemberg rather than Lvov?  Surely there's something to be said for using the city-names which were in use at the time.  ",0,0,0.110885404
"` After researching the origins of ping pong, I found out that England is not a factual orgin of ping pong. Thus, reading this article about Jeu de Paume, it seems that there is a very strong connection with ping pong and Jeu de Paume ``game of the hand.`` Any help with this connection is greatly appreciated.`",0,2,0.11090552
"`  One can argue both sides of the point. I can see why Husnock says this. I've been to the green table (Captain's Mast) and Court Martials (general and special) myself, and everything seems to indicate that whoever wrote this stuff probaby copied it from existing military law. But on the other hand, without a source to prove this , it's OR. Husnock, the frustration you have regarding this issue has to do more with the fact that no sources touch on this topic aside from the shows themselves. Aren't there any kind of publicized production notes or something? | `",0,0,0.11093991
"`   Copyright problems with  ImageLRB album alternate.jpg    An image that you uploaded,  ImageLRB album alternate.jpg, has been listed at WikipediaCopyright problems because it is a suspected copyright violation. Please look there if you know that the image is legally usable on Wikipedia (you may have to search for the title of the image to find its entry), and then provide the necessary information there and on its page, if you are interested in it not being deleted. Thank you.     Please see above. Another vilation of the WPTAG and It can be seen as vandalism and may get you blocked from editing Wikipedia. If you would like to experiment, use the sandbox. Thank you.  `",0,1,0.11102578
"Mufti is FM Einheit's nickname, and he left the band in 1995, during the recording of Ende Neu.  http//fromthearchives.com/en/chronology2.html  ",0,1,0.11114604
"`  Speedy deletion of UserVaruno  A tag has been placed on UserVaruno, requesting that it be speedily deleted from Wikipedia per CSD g11.   Under the criteria for speedy deletion, articles that do not meet basic Wikipedia criteria may be deleted at any time. Please see the guidelines for what is generally accepted as an appropriate article, and if you can indicate why the subject of this article is appropriate, you may contest the tagging. To do this, add  on the top of the article and leave a note on the article's talk page explaining your position. Please do not remove the speedy deletion tag yourself, but don't hesitate to add information to the article that would confirm its subject's notability under the guidelines.   If you think that this notice was placed here in error, you may contest the deletion. To do this, add  on the top of the page (just below the existing speedy deletion or ``db`` tag) and leave a note on the page's talk page explaining your position. Please do not remove the speedy deletion tag yourself.  `",0,1,0.111231335
"  The picture on the article is not of the actor T.R. Knight who is the subject of the article.  Even a basic Google search turns up pictures of the T.R. Knight about which this article is written.  The photo continually being added to the article is, again, not a photo of this article's subject.  Because this photo is not relevant to the subject of the article, it should and will be removed.  Before my edit or those of others who have made the same edit are reverted, please provide a legitimate reason for this image's inclusion in this article.  If a fair-use image of T.R. Knight, the actor and subject of this article, can be found, then by all means it can be added, but random images should not be used as placeholders.  ",0,0,0.111275405
"OK.  Meeples doesn't want to admit it, but the Super Wal*Mart seriously is the economic hub of Newberry.  Does anyone else who actually lives here want to discuss this and maybe try to find a source to appease the admins?",0,1,0.111429185
"`   Esperanza elections  Hi  This is a quick note just to let you know that there's an election under way at Esperanza. If you'd like to become a candidate for Administrator General or the Advisory Council, just add your name here by 15 December 2005. Voting begins at 1200UTC on 16 December.  You've received this spam because you signed up for it here. To stop the spam, pop over and remove yourself and you'll never hear from Esperanza again!  ➨ E  `",0,1,0.111549325
  Breakaway Repubic /Breakaway region   What republic? There's only one Republic of Moldova and no way PMR.  ,0,1,0.111614026
"   Official language   Though Russian is largely spoken here and elsewhere, Ukrainian is the sole official language in Ukraine. Like many others about Ukraine (like Byelorussia and many more, by the way), this article does not reflect this fact, noticeably with the location names. I see no problem about giving the Russian names, anyway, but A) Ukrainian alone has been repeatedly declared official, and any official status has been denied to Russian by successive governments, whatever their color; B) Other languages are spoken for 'some' time in Ukraine, like Tatar, Gagauz, etc. but those do not receive the same treatment as Russian in this encyclopedia. Would it be too much disturbation to take this into account, as Wikipedia is intended to give CORRECT information?  ",0,1,0.11219292
"   Beyond biography   This article is a very nice biography. What I lack is information on his importance his legacy, what he was known for. Dobson is after all not just any aikido dude, and that is not very clearly stated in the current version. //  ",0,1,0.112578
"Ugg Reasons for deletion request (as of Deletion Policy) *This article presents no kind of use *Incomplete *Not Comprehensive, and Lengthy enough —  via  0102, 2005 Jan 12 (UTC)",0,0,0.11297163
"I fail to see how your own speculation or opinion have any bearing on the relivance of this statement. It's a sourced statement. Did it really happen the way it said in the book? what qualification do any of us have to question that? Right now we have information from a book versus your thoughts. I don't see a conflict. I continualy see an arguement from this stand point I don't think it is absolutly crucial to have this info on this article so it has to be deleted. Since Jimbo Wales has said that he invisions wikipedia as a place where the sum of all human knowledge can be found I would say When in doubt, leave the info.   ",0,0,0.112981685
"  Sorry if that had the connotation of blaming you at all - since it was a direct paste from TMS, it was more aimed at the original contributor, not you.  I had a quick look at the previous sentence with citations, and barring some wording it seemed good.  Note that as per WPWTA#Claim, I think you could say John Stossel 'claimed' Sarno cured his back pain, since Sarno's diagnosis and treatment are so dubious.  'Stated' implies more that Stossel is somehow an authority on the subject, and was able to say based on evidence that Sarno helped.  But I'm not going to edit war over it - WTA says that it's a context-sensitive one, so neither of us is completely right.   ",0,1,0.113158904
" Yes well, we know that of course, and a jolly good editor PRiis was too, we are just having a wallow in nostalgia about dear old Fil - who we all miss, although I'm beginning to think he had the right idea  ",0,2,0.11323302
Y.                                                                            (ths was entered before i created an account this is my proxy)  ,0,1,0.11330743
  The argument isn't the point. It's what the project exemplar page says to use. Wikipedia Manual of Style says to stress that it's fiction. Contributors who want to argue for a snappier section title need to take it up at a higher level.  ,0,1,0.113555424
  Answers His name is Xigbar as the Ultimania ALPHA states and his original name was Braig.,0,1,0.11367932
"`  I'm afraid if we send them to the God Speaks article for that definition they will get lost and irritated. Is there a simpler way we can define that term? Is there some way you can simply refine my parenthetical remark? Because, really speaking, anything we say on ``perfect master`` ought to be covered under ``satguru`` already. I really think it is merely Baba's syncretizing the word ``satguru`` and ``qutub`` to not leave us westerners out of the fun.  `",0,1,0.11424022
"  At least At least moy User page doesn't have a Templete on it, If Yoo put it there, Do not delete moi stuff, just add in the thing.  ",0,1,0.114324965
"`  Notability of Runescape Scams A tag has been placed on Runescape Scams, requesting that it be speedily deleted from Wikipedia. This has been done because the article appears to be about a person, group of people, band, club, company, or web content, but it does not indicate how or why the subject is notable that is, why an article about that subject should be included in an encyclopedia. Under the criteria for speedy deletion, articles that do not assert the subject's importance or significance may be deleted at any time. Please see the guidelines for what is generally accepted as notable.   If you think that you can assert the notability of the subject, you may contest the deletion by adding  to the top of the page (just below the existing speedy deletion or ``db`` tag), coupled with adding a note on the article's talk page explaining your position, but be aware that once tagged for speedy deletion, if the article meets the criterion it may be deleted without delay. Please do not remove the speedy deletion tag yourself, but don't hesitate to add information to the article that would confirm the subject's notability under Wikipedia guidelines.  For guidelines on specific types of articles, you may want to check out our criteria for biographies, for web sites, for bands, or for companies. Feel free to leave a note on my talk page if you have any questions about this.   `",0,1,0.114326954
"`  if this poll is about how to romanize 渤海 regardless of meaning, i'd agree ``Bohai`` is the most common romanization, primarily meaning Bohai Sea. if the question is about the subject of this article (which is what i thought i was voting on), then english reference publications are pretty much unanimous on using korean romanization, & since wikipedia uses the rr system, this article should remain titled Balhae. but i guess that hasn't been asked.  `",0,1,0.11433745
"` I am no longer interested in changing the prose in this article. Now all I am trying to accomplish is alphabetizing the words before and following ``and`` and ``or``. I done this for an exceptional amount of time.  is constantly reverting this edit without a good explanation and writes in her edit summaries So it's an obsession. What's your point? What are your obsessions doing in article space? that is not a good reason to revert one's edits. Additionally, the deaths of Andrée's companions are not listed alphabetically, but also not listed by who was born first, which is why I switched the positioning of the two. Bishonen needs to halt such misconduct as WPOWN because simply trying to make an article more precise is not blockable behaviour. If we have to go through this again, I will take this to WPAN/I. — |  `",0,0,0.11438222
"   Boa vs Python  Hi! I have been doing a lot of work on the entry for the film Boa vs Python. Its an experiment really, to prove that any entry, even about a silly movie, if written properly and in strict accordance with Wiki standrads, can become a FA. Anyway, if you have time could you please look over the entry? I know more work needs to be done and I need  more input. Thanks!  ",0,1,0.11450273
"   Accessories  I'd like to point out that the Tilt-Sensor is NOT an accessory.  It is built in to certain GBA Game Paks, and used only in those games.  I think it's just Warioware Twisted and Yoshi Topsy-Turvy.  I don't believe that a technology built into certian games should be counted as an accessory.  That's like saying that the clock is and accessory for the Game Boy since it was included in the Pokemon Gold and Silver games.   ",0,1,0.114878625
"  P.S.You really have to do something with your life; I looked around your userpage, anda monastic deacon in the Catholic Church of Wikipedia?! Catholic Church of Wikipedia?! WoW, you have some things to work out! Good luck, maybe you could even, one day, rise to the rank of ARCHdeacon, keyn eynhore (sorry, I forgot, you only speak English, Jolz)! Gutentag, goyishe kup!",0,2,0.11503304
"Hi, the text on Helen Bevington is a copyright violation You have taken it verbatim from Copyright violation http//www.ncwriters.org/services/lhof/inductees/bevington.htm . Please delete it again!  Best wishes,  ",0,0,0.115091644
Are you also Bubbleblaster or something like that? I am not an administrator so I can not fix block etc. But I find those deleted contribution attempts and the content matter therein at the Ataturk page very interesting. They did the same run around with any changes they wanted to kill in the Turkey page with me. I will try to fix your contributions but I can not promise if will succeed. ,0,1,0.11509869
`hello peoples my name is Ron ``Tatersalad`` White`,0,1,0.11528127
  Bro. S of V. I’m quite willing to bend a few Wiki rules in defence of the Craft.   ,0,1,0.11530725
"  The only potential criticism I'm aware of is that, while Heifer International permits donors to pick out the animal of their choice, they reserve the right to reallocate money according to need - and they did so after the tsunami.  So you might pick out a flock of ducklings for a Chinese family, but Heifer might choose to buy geese for a Thai family instead.  I don't believe that many donors would have a problem with this policy, so I won't add it to the Criticism section unless more people think it's noteworthy.     Heifer does meet all the BBB's criteria for accountability.  ",0,1,0.11533335
"I'm sorry that I am so late in replying (and therefore responding at your Talk as well as my Talk).  I was not able to assist you, as SPUI had his chat friends block my account for reporting his repeated vandalism at WPANI, the usual place for reporting vandalism.  Actually, I didn't notice (I was watching a movie), until I was blocked from updating the Cfd daily rollovers later that night.  I see that the page is protected, and you should be able to edit in peace.  I'm afraid that I'm rather busy at the moment, as I have a couple of briefs due at the Court of Appeals.  But at my earlier edits, you'll find a reasonable set of references that SPUI kept reverting, also conforming to WPLAYOUT.  The history really shouldn't be in the leading section, and the lede shouldn't have any references, as they belong in the body.    ",0,0,0.115381256
"   Why Ukraine is grupped with Caucasus?   Why Ukraine is grupped with Caucasus and Belarus is not? I think Ukraine, Moldova, Belarus and probably Russia should be grupped together. And Caucasus shown separately. ",0,1,0.11591633
"` Yeah, and? Look at the entire link, it ends with ``wartime-bulgarian.jpg`` numbnuts. BulGAYria. Македонија на Македонците.`",0,1,0.115983404
"   AfD Rabbi Shmuel Auerbach   Hi JJ211219 You contributed Shmuel Auerbach. Someone has nominate it for deletion, see WikipediaArticles for deletion/Shmuel Auerbach. Thanks,  ",0,1,0.116116576
 Replaced. You can put in a line about their dissagreement alongside the Schneerson peice (assuming they do disagree).  ,0,1,0.11615834
"`    A tag has been placed on Angie Locc, requesting that it be speedily deleted from Wikipedia. This has been done because the article appears to be about a person, group of people, band, club, company, or web content, but it does not indicate how or why the subject is notable that is, why an article about that subject should be included in an encyclopedia. Under the criteria for speedy deletion, articles that do not assert the subject's importance or significance may be deleted at any time. Please see the guidelines for what is generally accepted as notable.   If you think that you can assert the notability of the subject, you may contest the deletion by adding  to the top of the page (just below the existing speedy deletion or ``db`` tag), coupled with adding a note on the article's talk page explaining your position, but be aware that once tagged for speedy deletion, if the article meets the criterion it may be deleted without delay. Please do not remove the speedy deletion tag yourself, but don't hesitate to add information to the article that would confirm the subject's notability under Wikipedia guidelines.  For guidelines on specific types of articles, you may want to check out our criteria for biographies, for web sites, for bands, or for companies. Feel free to leave a note on my talk page if you have any questions about this.   `",0,1,0.11647127
"`   Gryffindor   Regarding sudden changes where some nobility or royalty paraphernalia is added/changed into the articles, these are the trademark of user Gryffindor, nee user Antares, also formerly user Bhinneka and user At-whatever. The said person has attempted to add styles and titles to a vast number of locations, and also attempts to ``make things consistent`` in that regard. You have faced an influx of ``von`` additions to names which are perfectly capable of living without von. There are certain signs that the aforementioned user is somewhat neurotic, as she soon erases comments from others that questions her actions.  `",0,1,0.11647403
" While the mind reels at the concept of Pokemon hentai(!), that would probably be worthy of mention since they officially shut it down themselves (as opposed to a fan project going on unnoticed). I never actually heard of that, but then again I've never used USENET outside of LUGNET. So that's probably worthy of mention somewhere, maybe as a blurb under Controversy since it's hentai?  ",0,1,0.116515964
Gafta? lol  What were they thinking when they came up with the name?,0,1,0.116601475
"`    Matuška VS Matuska   In English language, there is NO Š. Even Waldemars drivers license says ``MATUSKA``, hence Matuška is not proper name for article in English language. What is so hard to undertand? Pmp`",0,0,0.1166835
"`Certain none of the responsible people were interested to take credit for those insignificant bridges.  The term ``mukim`` was certain the Malay name for the area smaller than the district level. In Malaysia that term is still in used on the maps. For instance there is a place know as Senai in the State of Johore.On the Map it is listed as Mukim of Senai. The Roman numeric standard was an older form of numbering adopted for used by the the British from the Latin. For instance  I (one) to X (ten), V (five) and III(three). So when the figure of XVIII is exactly 18 by our new standard. Therefore the name Mukim XVIII of Ang Mo Kio signify the area located on the Map. Presently it not the site of the New Town of Ang Mo Kio but just next along side. It was the housing estate built by the United Overseas Land Limited known as ``Faber Gardens``. This was the kampong area where our old attap dwelling used to stand at No. 126 A Lorong Kukus.  In conclusion I suggest that the name of Mukim of Ang Mo kio is far older than the new Town of Ang Mo Kio. It is highly likely than the name was chosen by Town builders following that original name on the Map.    `",0,1,0.11673178
   Copyvio?   Most of the text seems to have come from here. This is a shocking state for one of our core articles.  ,0,0,0.116925
"`   Block/unblock   Frankly, I can't be bothered reading the whole post on ANI. FWIW, I have always felt that this user was redeemable. I think the question is, 'does he wish redemption'. I invite Blu to post here, indicating what behaviour we can expect if he is unbanned. Then perhaps we'd have more to go on.     I have unblocked this user (as one of the two primary ``victims`` of his personal attacks, I feel this is my right). I agree with Doc that I feel he is redeamable. He has agreed to be on his best behavior, and that's good enough for me.    Have you discussed this action with the other involved parties? -    Workshop Is this edit you, and do you want it readded?  Can't help with the block problem, unless you want me to post on AN or someone else's talk page but {{unblock}} would accomplish the same, mostly.    Yeah, that was me. Thought I was logged in. Go ahead and re-add it.  |  | (contribs)    Suggestion   {Discussion with Malber archived to history} {Further trolling removed}  I added the deleted sections to your archive 2 assuming you would do this yourself if not blocked. No need to reply unless you strongly object to this action.    Thanks. I appreciate it. (By which I mean, it's exactly what I would have done)  |  | (contribs) `",0,1,0.11693139
"   El bekko  Ahaha, i noticed you removed that little tidbit i added at the front. I have now, siezed in playing IC, gets a bit boring sometimes doesnt it now. But the fight to get the ic page continues. Good luck in ic now and dont do anything elsilly",0,1,0.116944164
"`    Another thought - is describing the word as a ``neologism`` superfluous, perhaps? I've always been an advocate of approaching writing a Wikipedia article as if everything you're writing about happened a thousand years ago and is ancient history, because it seems to me that's the proper style for an encyclopaedia, which is intended to be timeless and authoritative. ``Neologism`` is an inescapably relative word - *all* words are neologisms looked at from one perspective in time, soon after they are invented. (All the words Shakespeare invented would be neologisms if you lived in 1630, for instance). I sincerely hope this page will be around in some form in another hundred years, at which point homophobia will no longer be a neologism. I think it's probably sufficient simply to say when and by whom the term was coined. Comments? `",0,1,0.1170119
"`  ImageCanbyscross.jpg  {| aligncenter border0 cellpadding4 cellspacing4 style``border 2px solid #FF5500; background-color #F1F1DE`` |-  | Image deletion warning | style``font-size 80%`` | The image ImageCanbyscross.jpg has been listed at WikipediaPossibly unfree images. If the image's copyright status cannot be verified, it will be deleted. If you have any information on the source or licensing of this image, please go there to provide the necessary information. |}     ImageCandy vending machine.jpg  {| aligncenter border0 cellpadding4 cellspacing4 style``border 2px solid #FF5500; background-color #F1F1DE`` |-  | Image deletion warning | style``font-size 80%`` | The image ImageCandy vending machine.jpg has been listed at WikipediaPossibly unfree images. If the image's copyright status cannot be verified, it will be deleted. If you have any information on the source or licensing of this image, please go there to provide the necessary information. |}   `",0,0,0.11705259
"`, 22 February 2007 (UTC)  As far as the Nishkid warning, he already removed the BBC link that I said was vandalism - that has been settled and I was right on that issue. Recently, he and I were debating this new Balakian issue untill you came along and vandalised the page. The article policies are - as stated up top - ``No original research`` (Dardian is the only person on Earth to make that claim about Ordu - Balakian and JMW just quote him, that equals one of a kind original research and uncorrobrated). ``Neutral point of view`` (Balakian, Dardian are Armenian, JMW directly quotes Balakian), Verifiability (pg 176 of Burning Tigris does contain that quote, I checked. Hafiz Mehmed does not exist anywhere in history with connections to Ordu, I checked that, too.) You and others broke every rule over and over again. If you give me a source that fit the requirements of the article, then I will consider them. The truth is undeniable, everything else is a different matter.   1635`",0,1,0.117100306
"   Human Events   Wolfman, Please cite your evidence that Human Events is not a newpaper. (Their website says otherwise.) Or, if you prefer, just undo your mistaken edit.   ",0,1,0.11733791
"`Notability of Darren galloway A tag has been placed on Darren galloway, requesting that it be speedily deleted from Wikipedia. This has been done because the article appears to be about a person, group of people, band, club, company, or web content, but it does not indicate how or why the subject is notable that is, why an article about that subject should be included in an encyclopedia. Under the criteria for speedy deletion, articles that do not assert the subject's importance or significance may be deleted at any time. Please see the guidelines for what is generally accepted as notable.   If you think that you can assert the notability of the subject, you may contest the deletion by adding  to the top of the page (just below the existing speedy deletion or ``db`` tag), coupled with adding a note on the article's talk page explaining your position, but be aware that once tagged for speedy deletion, if the article meets the criterion it may be deleted without delay. Please do not remove the speedy deletion tag yourself, but don't hesitate to add information to the article that would confirm the subject's notability under Wikipedia guidelines.  For guidelines on specific types of articles, you may want to check out our criteria for biographies, for web sites, for bands, or for companies. Feel free to leave a note on my talk page if you have any questions about this.   `",0,1,0.11736979
  Roger Ailes? Should Roger Ailes be listed as a key person? I was under the impression that he was just chairman of Fox News. Does he actually have a connection to this channel?  ,0,1,0.11739268
"    Anon edit   I stumbled across interesting information in the book that is cited on the main article page. It says that as many as 40,000 Armenians were brought into the Karabakh region. Its also claims that 75,000 Azeris were brought into the northern coastal regions of Azerbaijan which Armenians made a slight majority.",0,1,0.11765205
lord levy is one of the most powerful men in the uk  his links w/ jewish care and comments on the fundraising skills he honed there r obviously worthy of note. ,0,2,0.11767016
` Go to ``My Preferences`` and click the ``Misc`` tab.  `,0,1,0.11767517
" I thought everyone knew, this already went to arbitration, WikipediaRequests for arbitration/COFS Their solution was going to be a 30 day block on Shutterbug(COFS) but didn't address the checkuser identified accounts like Misou, CSI LA, Makoshack, etc.  ",0,0,0.11774442
"`I think someone needs to correct this sentence ``The first Griffon-engined Mk. XII flew on August 1942, but only five had reached service by the end of the year. This mark could exceed 450 mph (724 km/h) in level flight, and climb to an altitude of 30,000 feet (10 000 m)in under eight minutes.`` This is completely incorrect since the Spitfire Mk. XII had the earlier Griffon engine rated only at 1,735 hp and was designed as a low-altitude interceptor, which meant the top speed was just under 400 mph (circa 640 km/h). It was the Spitfire Mk. XIV with its 2,035 hp Griffon 60-series engine that had the 447 mph (720 km/h) top speed, which entered service in January 1944.  `",0,1,0.11795615
"  Repeated 'orphan' tagging of ImageSTH39p19.jpg by betacommandbot I respectfully request that your bot cease and desist from repeatedly tagging ImageSTH39p19.jpg as 'orphaned' as it is currently in use in the article Bunnie Rabbot. This image does not violate any of Wikipedia's regulations reguarding the subject matter in question, and a link to the article it is in use in is present on the image's description.  Orca1_9904",0,1,0.117960244
   New Pics   Wouldn't it be better if someone put ek poisha thru an updated ek coin picture up there,0,1,0.11823423
"` A tag has been placed on Eddy Pettybourne, requesting that it be speedily deleted from Wikipedia. This has been done because the article appears to be about a person, group of people, band, club, company, or web content, but it does not indicate how or why the subject is notable that is, why an article about that subject should be included in an encyclopedia. Under the criteria for speedy deletion, articles that do not assert the subject's importance or significance may be deleted at any time. Please see the guidelines for what is generally accepted as notable.   If you think that you can assert the notability of the subject, you may contest the deletion by adding  to the top of the page (just below the existing speedy deletion or ``db`` tag), coupled with adding a note on the article's talk page explaining your position, but be aware that once tagged for speedy deletion, if the article meets the criterion it may be deleted without delay. Please do not remove the speedy deletion tag yourself, but don't hesitate to add information to the article that would confirm the subject's notability under Wikipedia guidelines.  For guidelines on specific types of articles, you may want to check out our criteria for biographies, for web sites, for bands, or for companies. Feel free to leave a note on my talk page if you have any questions about this.   `",0,1,0.118262246
"  Sony sponsored negative reviews?  I am sure we have all heard about Sony's aim to dilute Super Mario Glaxay's high scores, but does it warrant an addition to the article? Here's the link anyway []  ",0,0,0.118582025
"    Anthony Bonafe   Nlu,  Do you ever read defense magazines?  Or perhaps watch the news?  You probably never heard about this person since the news that provided coverage about him was in Washington State on KOMO News 4, and on top of that he was interviewed in Defense Weekly, so please stop messing with my content on Mr. Bonafe!",0,0,0.11878992
"  Microsoft's licensing only permits royalty-free use for OOXML implementation. Thus, we can't improve OOXML outside the specification (for example, if OpenOffice decided to first embrace OOXML, then extend it with its own open-source upgrades and use them to extinguish MS-OOXML) or optimize it for non-Microsoft word processors. Of course, an advantage to standards is that everyone uses the same one, but this is bad if the standard is optimized for one particular word processor.  ",0,0,0.1188341
` Basically it has been clarified what was meant by WPFUC #1. That is images need not necessarily be existant on Wikipedia for them to be considered ``available``. See Wikipedia talkFair use#.22Repeatability.22_criterion. Obviously for dead or exceptionally reclusive celebrities this may not be the case but ``An image of a living person that merely shows what they look like ... would almost certainly not be acceptable as fair use`` (note that ``fair use`` means ``acceptable to use on Wikipedia under Fair Use``. Actual Fair Use can only ever be validated by a legal ruling).  •  `,0,1,0.11906121
"   D.A.R.E. (to get totally wasted)!   I'm sorry to say that those quotes were from an informal interview, so I can't source them. But if there's any way they could be left in, I'd like to know, because I think the opinion is actually true of many students who've gone through it. I diddid you? Anyway, if there's some way to rephrase it so it stays, please tell me. And if you don't minddid you go through it?  Lighting up your life (that was only for the benefit of the pun),  ",0,1,0.11910688
"   azeri films   hi, i added 20s 30s 40s 60s and 70s to the table, but they are empty, and also were there any films made between Mishon's and Neft ve milyonlar? if there were any, then we should create also 1900s.  ",0,1,0.11922733
"  Fate magazine was the original place Rawlin's published his account. However, summaries of the criticism and just as many quotes can be found in numerous places dealing with this controversy (any details re this issue could be taken from, for example, Richard Kammann's 'true Disbelievers' published in Truzzi's Zetetic Scholar). Simlarly, while Josephson's criticisms are originally published on his homepage on the University of Cambridge website (one of the foremost academic institutions in the world), they were also covered in some detail in 'The Times' newspaper so again anything needed for the article could be found there. I have to say, though, that I think it is disingenuous to try to exclude these criticisms (that we all know took place as described) on the basis of quibbling about sources. The point of the Reliable Source rules are to ensure that things that didn't happen but which are reported in unreliable sources are not then reproduced in Wiki - in the above cases though, all we are saying is that a criticism exists and so it's very existence - even in the most unreliable source imaginable - is evidnece enough that the criticism actually does exist. And if nobody buys that, then there are also countless other examples (I think I detailed these at length on the archived talk page and don't really want to haver to go through those again) that, if necessary, could be used to make almost identical points.      ",0,1,0.11930605
"`  Here is the correct order and ``terms`` of the IE language tree that I was mentioning to you the term ``Ancient Armenian``, when I meant this Aryano-Greco-Armenic > Greek branches out  later > Armeno-Aryan > Indo-Iranian branches out > then Armenian is a seperate branch after that. This is from a sample IE language tree by V.V. Ivanov and Tamaz Gamrklede.  `",0,1,0.11957527
"   Anne Dansey Couch Envy   As a student at Manchester University (United Kingdom) I feel Anne Dansey and her research into Couch Envy is valid, an article in the local paper into this subject was published only the other day. Clearly you have never had your couch poached, had you done so, you would know that this is fast becoming a social breakthrough, and with rising house prices, people forced to share flats are becoming more likly to suffer from the phenomena known as couch envy. Asimovs projection of a society who become traumatized by the proximity of others resulting in the withdrawal of all one-to-one relationships could fast be a reality. As a lawyer you should know the 'Dansey Effect' has been used twice as a defence in a local court, in trials of GBH in shared accomodation. I urge you to reconsider the deletion of the 'Anne Dansey' article and the accompanying article entitled 'Couch Envy'",0,1,0.119709656
"`   Please have a look at Nylon, Human, Aircraft and electricity, all of which either provide a separate mention on the etymology of the same in a section dedicated to explaining the same, or a very short and brief one (as in the electricity article).  Ashvamedha, and Yajurveda similarly need to be cleaned-up from this imagined stretch of yours that ``we will not dumb down articles``. Excuse me, this is a publicly viewable, highly accessible encyclopaedia meant for all. Thus, the more serious researcher would look at the tatpurusha compound blabber down in the history or etymology section, whereas the high-school student doing an assignment would be more than content with the info provided in the introduction. .`",0,1,0.11976654
"   Speedy deletes   Regarding the DHARMA station articles Although it's pretty much a given that those articles should be deleted, they have to pass one of the parts of WPCSD to be speedy-deleted. I've redirected them for now, and if it gets reverted we can just take it to AfD.   ",0,1,0.11989771
  Gateman1997 I've been asked to assure you that Gateman1997 and I are not the same individual. I've now done this for what it's worth. I know most of the people who are accusing me of having him as a sock have already made their minds up so this is probably futile. But for what it is worth we're not the same person anymore then you or I are. I do track his user contribs as I do SPUIs and Rschens as well. I don't have much of a life so I track them pretty regularly.  ,0,1,0.120130174
"Article 13 section 1 of Bunreacht na hEireann (The Constitution of Ireland) states that the President appoints the Taoiseach and subsequently, on the advice of the Taoiseach, appoints the members or Ministers of the Government. The Tánaiste is nominated by the Taoiseach as provided for under Article 28 s.6 of the Constitution. The President does not appoint the Tánaiste.",0,1,0.12019072
"Matt and Noisy, Sorry about that.  I posted the above accidentaly on Noisy's page but I mean to post it here. And reposted it here below, before I noticed this post uughhhh!     ",0,0,0.1204013
"    Bunchofgrapes, Request You Please Cease Revert Warring   Bunchofgrapes, I respectfully ask you to please stop your instant reverts on my edits. If you have a problem with any of my edits, then do so from knowledge, but explaining what is wrong about the sourced materials, and edits, rather than making blind statements designed to allow you to revert for no reason. And, again, please cite your sources. You seem to not be able to cite anything that would back up your instant reverts, and accusatory tone telling others that they are reverting, when you have made several instant reverts with no explaination on the edit, or added source. Please cease this and cite your sources, edit the materials according to Jimbo Wales' NPOV, and make sure your sources are verifiable before your reverts. Thanks. ",0,0,0.12046166
124.183.251.51]] lifted or expired.  Request handled by    |,0,1,0.120635256
. This Jimmys exists only in anglosaxons countries. www.plymouthbrethren.org Shawn Abigail review on this sect,0,1,0.12071867
" Have gone ahead and fixed it. With no help from Mozilla Firefox, which is unable to even do a simple copy and paste. -  ",0,1,0.12075083
"Annonymous editor cannot find references.  Many cookbooks have this recipe.  It is a classical Bedouin dish. Also, anonymous editor proposed deletion with no way to vote to delete or not delete.     ",0,0,0.12084887
   Going to Bed already?    Going to Bed already? It only 3pm. Better take your Bottle and Blankie with you. Your mommy waiting for you.   ,1,1,0.12085845
   hello my name is bob   Insert non-formatted text here,0,1,0.12112149
"`   I appreciate and welcome your criticism  *Northumbria was a separate entity from the succeeding united England and this is conveniently categorised in threes. *Danish contributions are subsumed within the general Anglo-Saxon designation...RE Alfred & 1066I don't like it either but that's the fact of our national history as portrayed by officials. *The Tudor-Stuart-Hanover period is a single one of imperial colonialism. *Chronology IS lacking; please be generous! *Peripheral gives outsiders a clue as to the atmosphere and ambience of this obscure culture, since the world knows much more about Southern England due to its colonial-secretarial administration. *Surely we can do without the ``touchy parts``, being described with words like ``ultra``.  Let's do more meeting of minds!   `",0,1,0.12116292
"  Some people try to block any criticism of Nancy Pelosi with no reasonable justification. Plese  stop preventing the free speech and discussion  in Wikipedia. This is not the election platform of Nancy, this is Wikiupedia and neturality of statements shall be ensured. Equal opportunity shall be provided to both Nancy and critiques. ANd her ideas and position shall be open to criticism as much as others'. This is the principle of Wikipedia, don't forget.",0,1,0.12117375
  I would like to known about Pointer in JAVA language.,0,1,0.12124169
"   Earth's orbit and rotation, a hypothesis?  The ideas of a flat earth, Counter-Earth, and Central Fire were all eventually superseded by the hypothesis which is currently held by the scientific community, that is, of a spherical earth rotating around both its own axis and the sun.   Is this idea really just a hypothesis? I would think that all the spacecraft that have left earths orbit, been effected by the Sun's gravity, effected and captured by gravity of other objects, experienced Impairment and loss of Line of site of line-of-site, usually by design or prediction, would be more than sufficient to prove the earth orbits the Sun. In addition, satellites that orient themselves to the position of the Sun, keep cameras pointed at the earth and have located at least one other moving object in space, would confirm the earths orbit of the Sun. and its rotation around it's axis.",0,1,0.12148832
"`This article, started originally by a couple of anonymous wags, has been developing parallel with Microscope.  Although its intent is probably to be specific to ``optical`` microscopes, in fact that is the type that most people associate with microscope.  Time to end the confusion and merge with the original article. -  `",0,1,0.12159955
"`Public information is great! The Georgia Dept. of Banking and Finance makes ``net braning`` illegal.  Therefore, enforce the law or accept the criticism!   This is for you Kim!  burkesgirl@aol.com.`",0,2,0.12177527
"  Removed Outer Space Outer space uninhabited for the last time (this moment may have already passed) Since the above makes no sense, I removed it. .",0,0,0.12223706
"  Because he thinks he can slip one by us. Or he just doesn't care. From what he's said in the past, I'd take option B. He's acknowledged that he doesn't care what the other articles on Wikipedia say. He doesn't care how they are structured. He doesn't really care much about how neutral the article is. Again, these aren't attacks. I'm taking this from admissions he's dropped in from time to time during this entire process. And he keeps changing strategies. He's cooperative and then he's beligerent and then he's apologetic and then he's back to putting in whatever he wants. He makes edits without consensus. Threatens to back out of mediation whenever things are turning against his way. In the past, he's tried to game the system by quoting the NPOV policy but then leaving out important points. Again, none of these are personal attacks. It's in the record. To say it's difficult to make heads or tails of his intentions is an understatement.  Ben, I kind of wish you'd just be consistent here. If you want to be beligerant and put in whatever you want, fine, but then don't act like you want to cooperate and then go right back to being beligerant. The thing is. We're assuming good faith. We have been since the start. It's just impossible to follow someone who continually reinvents his strategy and keeps altering behavior from one moment to the next.  ",0,0,0.122343995
"`  The soundtrack wasn't completely 70's music, the title track ``Crooklyn`` by the Crooklyn Dodgers (Buckshot, Masta Ace and Special Ed) was the first track on the soundtrack. PDTantisocial`",0,1,0.12254331
"   Franchise orgin  The Canucks have their PCHL/WHL orgins; the Oilers, Hurricanes, Avalanche and Coyotes have their WHA orgins. The Blackhawks should have their as well, the Portland Rosebuds of the WCHL. The Blackhawks founding date is before 1926.  ",0,1,0.12255594
" Here's the Dependable, Honest and Real Truth About David Saks   ",0,1,0.12261227
"`  Also, ANY information on any copyrighted character is a stat.  Where I come from, name, height, weight, appearances, history, skills, etc. all are stats.  Therefore what makes one stat any more or less potent than another...Such as the ``real name`` of a character SIMON WILLIAMS being less significant than his ``strength classification of`` LIFTING OVER 100 TONS?`",0,1,0.12276443
"`Rabbi Mordechi Eliyahu, the past Chief Rabbi of Israel after his visit to the Rebbe said. ``I saw that no secret is hidden from him, and I mean that simply and explicitly. He knows all of the Talmud, Poskim (legal precedents) and in the Mystical works his understanding is very very deep. He is the master of light. He is a master of all the Torah. And is an expert on everything that is happening in Israel. His face shines like an angel of G-d and he himself is higher than any angel. He is the greatest Torah master in our generation and no one is even close to him. And together with this he worries for every Jew in the world.``   `",0,2,0.12277989
"` *I've removed the ``civility barnstar`` you added to your user page this morning. If someone wants to give you a barnstar, they can do so via your talk page. Off-site awarding isn't generally accepted. Further, IPs (as above) that have never edited before coming to this talk page out of the blue and awarding a barnstar is rather suspect, as would any attempt to use a sockpuppet to award barnstars to yourself. This isn't a personal attack. This isn't wikistalking. This is telling you how we do things around here. I hope you'll take the advice in the good spirit it is intended. Thanks,  `",0,1,0.1228954
" External Links Good to know you are watching over execution of saddam page, but remember, we agreed to these links... *Saddam's last statements, including martyrdom    +     + *Boy Hangs himself 12/31/06 - Copying Saddam's Execution    + *Saddam's last hours  And they are all gone, uber as usual argues they are in references but I do not see and they ought to be under external links, so they are more visibile, since they are more important, you need to watch more over them. And they do not break wiki policy in any way and they are not spam.",0,1,0.122903675
"  -  Here go louis      RabbitInABlenderCorp. 42 Oxford St                                 Phone 04242 642742 London City                                       Fax 24240 247246 London MM42 42M  M Freeman Grumpy Old Teacher Ltd. 22 Complaint St Misery Town Gwynedd LI36 99E  22 March 2006  Dear Mr Freeman  I am writing to thank you for your letter of 21 March and hope to hear future feedback on our tumble dryers.  I wish to express my utter apology for the poor standard of our tumble dryers that you recently have received. I assure you that the fault was not of the manufacturers, but of the transport company that we hire to deliver our products. The tumble dryers left our company in perfect condition, and therefore were not properly packaged into the lorries and were damaged in the journey. As for the colour schemes, we are to believe that the tumble dryers were being delivered along side some cans of paint and must have got mixed up along the way.  We will have a word with the delivery company to sort out the problem and so future deliveries should arrive in the high standard expected of our company.  In the meantime might we interest you in some exclusive discount vouchers on future orders. Find enclosed our brochure.  Your Sincerely      N Thorpe Complaints Manager   Ref. ASK/ME",0,0,0.12295336
"Again, you claim that Vanicek method is about sinusoids only (it is not  see at least two references I found) and try to support your POV using references on Fourier analysis. You are (again) mixing apples and oranges. One would hope you have learned by now that FA is not least squares spectral analysis. Really, the only one needing expert help here is you.     ",0,0,0.123152085
"` I don't know what you are ``confused`` about.  As many people state in earlier comments, the indictment (and the subsequent conviction and execution) of Timothy McVeigh was not ``for`` the Oklahoma City bombing, but for crimes relating to it (eleven federal charges)see the rest of the article and the recent changes that I made.  I think the first paragraph is currently clear.  Your version (first sentence) had a problem that people pointed out already in earlier comments on this talk page.  Please see all the earlier comments. NYScholar `",0,0,0.12326484
"  InShaneee, if you get this; this is odd, do you feel I was inappropriately blocked, and if so can you please unblock me.  I thought it was legitimate to let two users that complained about Zora`s rudness to other admins and herself, know there is a case against her.  I honestly had no idea this was illegitimate, as Zora for example herself had asked other editors to help her in the case. ",0,0,0.123394325
`   ``The rock thrown towards a tree``? What is the source for this??   I've never heard of this paradox before.  What is the source for it?   I'm very familar with Aristotle's Physics and I don't find it there.  Nor do I find it in Simplicius's commentary. I'd like to replace it with the ``Dichotomy`` paradox given by Aristotle.  Any objections?`,0,1,0.12370427
"  Regarding my block  For your information, I'm still not scared by that block. But, in my opinion, YOU should be now. Mr.Bakharev ceased his attempts to threaten me with blocks so he is still an admin; this might not be your case. I wasn't limited by your block either I didn't even know about it. In case if you were trying to limit my neutralizing anti-trollish activities, you and your friends should have been monitoring my actions more thoroughly ) Happy edits (like your ... friend Irpen says),  ",0,1,0.12377558
"`  I saw this discussion here and needed to paste again.Note that me and my professors are Turkish so i think im being pretty objective here.``Islambol is just a myth about where the name came from but researches show that ``including the professors in my school`` say that name of istanbul came from Eis tin poli,which means to the city in greek.the galata quarter,which is right at the north of the historic peninsula has always been the largest residential area specially for the greek inhabitants of the city because the historic peninsula was reserved for the sultan. Thats why the old istanbul was a passage way ``to the city`` which turned into istanbul in hundreds of years.Also there is no documents about the city being called islambol throughout the history.`` -metb82      `",0,1,0.12387888
"` quest for truth. There is an inconsistency in the comment made above by . If indeed ThePromenader is on a quest for truth as Hardouin states, then Hardouin agrees with ThePromenader with regards to the inappropriate title and should change his vote. Indeed how can someone remark the correctnes of another editor whilst arbitrarilly opposing the vote towards rectifying the article's title.   `",0,1,0.12396763
"   Elonka has been forwarded an email from one of the academics listed in the bibliography endorsing the site, but now seems unable to apologise for her initial aspertions and comment that that particular  history section is not reliable - but I won't hold my breath for a retraction. It's also interesting why someone who clearly loses an argument (having had the link endorsed) then goes on the attack with a load of unsubstantiated claims that she could equally be accused of, including labelling other users with SPA tags (against Wiki policy), defamatory comments about educational attainment, etc.  Or is there one rule and set of policies for those who can rally their sock-puppets and another rule for others who are just trying to get ona and add to the article??",0,0,0.12440595
"   Nagorno Karabakh   The following resource describes this subject in full details  *Publication of the United States Institute of Peace Sovereignty after Empire Self-Determination Movements in the Former Soviet Union, Hopes and Disappointments Case Studies Nagorno-Karabakh. ",0,1,0.12448075
"`  Yeah, I did that. Not so hard, only one sentence of Greatest Story Needed to be carried over. Don't know why ``MoeRON`` couldn't have done in first place. What you are saying is like, ``If your complaint is that the page was vandalized, why don't you fix it.`` Isn't personal responsibility on the vandalizer?`",0,0,0.124481924
"     Religion and occupation  In the page it's not mentioned that Kitano is also a prolific writer.  This page also make an allusion about a link between Kitano and a strange religion. I read Kitano's book Kyoso Tanyo, a book in which Kitano heavely accuse religion and expecially new religious movements, but he also explain that a God exists and he don't mind about the life on heart. So his attitude towards religion is not unknown he's agnostic.  Bobbore",0,1,0.12448931
"`   Answers to Yuser's questions   Hello, I'm not Yuser. But I may indeed be able to answer your questions. #! stands for ``not`` in some computer programming languages. A logical statement such as (A and B) can be negated, or if you prefer, made its opposite, by putting a ! infront of it. I can only assume the point is that vote is the best term for what it is, but since the overall process ISN'T a vote but an attempt at building a concensus, they choose to say it's ``not vote`` or !vote. #Wikidefcon is a little bit of fun, mixed in with some usefulness. It's a play on Defcon used by the US military; it is a way of informing users what level of vandalism is currently going on.  Hopefully this answers your questions.   `",0,1,0.1253245
"`   Want to pass on my thanks. . .   I have been fighting the anonymous IPs on Christopher Columbus all day. It got a lot of edits today. I happened to catch one of the first earlier this morning when an IP inserted something to the effect, CC had ``a big Colon`` thinking no one would notice it, followed by the Serb theory comments with a book that is out of print. Then another IP inserted that he was Cuba or one of the other ``New World`` islands he discovered followed by the Serb theory. Kind of amazing to vandalize a page and then expect someone to take your other contribution seriously (albeit one with a book out of print). I requested semi-protection on both pages as several IPs have inserted the same comments today. You saw what the last IP did. . .`",0,1,0.12536219
"`, 15 October 2007 (UTC)  Wowest, thanks for your recollections. It's hard to recall now the emotions and attitudes of the 70s, both in general and those surrounding Maharaji. I think we were all more than a bit mad in a demonstrably mad society. Something way better is happening around Maharaji today, but it is taking ``sources`` a while to catch up with it.  0055`",0,2,0.12601674
 Axelrosen  I edited the technical analysis and charting page immediately after it had been merged.  Whoever did the job had linked remarks about technical with the EMH.  I then tried to make sense of what had been written.  In fact technical analysts don't talk about the EMH and woujld hardly know what it is.  It is for that reason that I wrote that they IMPLICITLY assumed (actaully without knowing it) weak form efficiency (or actually completely inefficient markets...that few people espouse belief in).  It would probably be wise to alter the text to disconnect the EMH comments from chartism as the practitioners do. King Brosby.  ,0,0,0.12626307
"`  Speedy deletion of Rasshole  A tag has been placed on Rasshole, requesting that it be speedily deleted from Wikipedia per CSD g1.   Under the criteria for speedy deletion, articles that do not meet basic Wikipedia criteria may be deleted at any time. Please see the guidelines for what is generally accepted as an appropriate article, and if you can indicate why the subject of this article is appropriate, you may contest the tagging. To do this, add  on the top of the article and leave a note on the article's talk page explaining your position. Please do not remove the speedy deletion tag yourself, but don't hesitate to add information to the article that would confirm its subject's notability under the guidelines.   If you think that this notice was placed here in error, you may contest the deletion. To do this, add  on the top of the page (just below the existing speedy deletion or ``db`` tag) and leave a note on the page's talk page explaining your position. Please do not remove the speedy deletion tag yourself.  `",0,1,0.1265229
  Morrigan Does Morrigan Aensland appears in this videogame as an hidden char or something? I saw a pic of her with KOF style sprites,0,1,0.12719116
"` This  Um, what is  about?  I'd say it was time to nuke it.  ()   The text block in blue, there, explains ``All user's have a right to delete comments they are uncomfortable with from their user space (see Don't restore removed comments) but this means that both admins and editors new to interacting with a particular individual may not be able to detect a consistent pattern of behaviour before they have ``awoken the dragon``.  This page is not designed as an attack page but as a handy reference I can point to when warning other editors that may be unaware of the (rapidly deleted) history of 's ``Archive`` and the first unfounded allegation of ``Wikistalking`` dating from . If the situation does not improve when  returns it will also provide evidence and be a source of diffs for an Arbcom or WikipediaArbitration Committee hearing. This archive deliberately excludes the first 4 threads/sections completed before 22 May 2007 Singapore time.  (Because of the rapidity of 's deletions, comments may not be in strict chronological order. Please do not edit or make corrections here but instead alert me (Alice) on the talk page for this project!``    `",0,0,0.12738438
"  While I don't feel the paragraph is out of line, I'd say just edit in the basic facts and edit out the farcical statements. Statements as to why a pope didn't have a coronation belong in HIS article. If the removal of the tiara at 2nd vatican council doesn't impact it's modern use, don't mention it. Just state that tiaras weren't used with these popes as they entered the papcy by installation, not coronation, but Church Law indicates that use of the tiara and future popes' coronations are expected.  ",0,1,0.12739463
"When you say Macedonians, do you mean the Slavs? I'm Macedonian and I'm neither Slav or Greek! - Svetlyo  ",0,1,0.12756854
" (Nature's Garden An Aid to Our Knowledge of Our Wild Flowers and Their Insect Visitors, Neltje Blanchan, Garden City Pub. Co, 1900",0,1,0.12818687
  We are going to get you. Just like we did your family in 1999 The ghost of Slobodan Milošević,1,1,0.1283157
"   Beavis and Butt-head need their own character pages   I don't understand why separate pages are made for other minor characters, yet Beavis and Butt-Head don't have their own separated character pages here, someone should get on it.  ",0,0,0.12833573
"   Do not remove text without justification  I saw you do this, Chamaquito .  You cannot do that without discussing on the talk page first and providing a reason. I had a sourced, reasonable sentence. You cannot remove stuff without a rationale.  ",0,1,0.12859315
"` *Support. Man, I said I wouldn't wade into this again. Glancing at Encarta, Jagr doesn't have a single diacritic mark in the article. Antonin D. does. This is because IN ENGLISH (and I hate to use bold here, but I need to identify the reasoning), the most common form of Jagr's name is J-A-G-R. The most common form of Antonín Dvořák's name is Antonín Dvořák. Applying WPNAME, which is a WPPOLICY, we have Use English words - Convention Name your pages in English and place the native transliteration on the first line of the article unless the native form is more commonly used in English than the English form. This, to me, is the crux of the matter. The POLICY as listed states ``Use English unless the native form is more common,`` thus Dvorak, Zurich, and Dag Hammarskjöld are all in their native spellings. They're most commonly used in their native spellings. Hockey players, however...are transliterated. Many more people are, too. Accuracy is one thing. Rampant nationalism is another.   `",0,1,0.12872584
"`    November 2007   Please stop. If you continue to introduce inappropriate pages to Wikipedia you will be blocked.     Markham woods middle school  A proposed deletion template has been added to the article Markham woods middle school, suggesting that it be deleted according to the proposed deletion process. All contributions are appreciated, but this article may not satisfy Wikipedia's criteria for inclusion, and the deletion notice explains why (see also ``What Wikipedia is not`` and Wikipedia's deletion policy).  You may contest the proposed deletion by removing the {{dated prod}} notice, but please explain why you disagree with the proposed deletion in your edit summary or on its talk page. Also, please consider improving the article to address the issues raised. Even though removing the deletion notice will prevent deletion through the proposed deletion process, the article may still be deleted if it matches any of the speedy deletion criteria or it can be sent to Articles for Deletion, where it may be deleted if consensus to delete is reached. If you endorse deletion of the article, and you are the only person who has made substantial edits to the page, please add  to the top of the page.   `",0,1,0.12894444
"  Image Spam I noticed that you added the images Antichrist.JPG and Workerinthelight.JPG to several articles today. Most of your additions are not appropriate the articles. A few wikipedia users removed or adjusted your additions, and I removed most of the rest. Please do not continue to add links to these images, it is considered spam. Images must be directly referenced in articles, or have highly contextual representation in order to be included. Good practice is to looks at an article and see if it can benefit from the inclusion of an image - then go out and find one that fits well. Bad practice is to start with an image and see where on wikipedia you can put it. If you need help deciding if an image should be included, please ask me or others on wikipedia/  ",0,0,0.12896587
  Hi - can someone please point me towards what actual offense Netoholic was blocked for? i.e. what edits?  ,0,1,0.12928644
"  He has retired  Xork1000, Ratu Josefa Iloilo has now retired. There is an acting President of Fiji who is involved in talks between the Fijian Government & Commodore Frank Bainarama in an attempt to prevent a coup. - ( )",0,1,0.12933409
"  Reference The DEX confirms the Fenris-like figure, which is one version of the vârcolac in Romanian folklore. Other versions are in the manner of the Strigoi, werewolf, etc. About its identity to the Slavic versions or not, well, this needs to be further verified. Though folkore figures in common between Vlachs and neighboring Slavic peoples are rarely completely identical. I added a fact template for one sentence.  ",0,1,0.12956369
"   Godel number   You just edited that article.  Unfortunately, the definition is completely screwy; it makes no sense to say that a function from S to N is computable, if elements of S have not already been assigned Godel numbers.  And a computable function cannot output random elements, unless they have been assigned Godel numbers.  So neither the function f nor its inverse could possibly be computable if S is anything other than the natural numbers.   If you are interested in fixing the article, please feel free (nobody else has stepped up, and I am putting it off). There is already some discussion on the talk page in the section Definition. I'm writing because minor changes you make might get lost if and when the article is rewritten, and that would be a waste of your time.  ·  ",0,0,0.12958822
"` Oh, OK. I just saw the (What's the Story) Morning Glory? article listed ``Britrock`` as it's only genre, and since Oasis is pretty much the biggest ``Britpop`` band I assumed it was the same thing and changed the redirect. Never mind. `",0,1,0.12964013
"  Three Revert Rule  I don't think I did. If I did, please document it and I'll apologize. However, a user was not editing according to consensus on that article. Please warn that user (probably the one who launched the bogus/needless/abusive complaint) not to engage in edit wars and please warn that user further, not to ignore discussion on the talk page. If you carefully review my user history, you'll see that I edit by consensus, that I encourage it, and that I do not engage in edit wars.  In other words, you'll see I'm not the problem here. Thanks.  ",0,1,0.12973121
   I won't be surprised this is just copy&paste; from somewhere. Look for example at the section headings (which I just changed). Nobody would bother writing those 2.1.2.1 numbers by hand I would think. But I could not find any matched on google for this text.   ,0,0,0.12984952
"`   So it is with the definition of an irrational number as a convergent sequence of rational numbers.  Georg Cantor had to posit ordinal numbers, in particular w (omega), to get to the irrational numbers.  There is a huge conceptual leap from _descending intervals_ to _point_ and it is this vagueness in definitions (why can it not just ``converge`` to another ``interval``?) that causes self-contradictions. What is your objection to my assertion about the ``definability, countability, computability and well-ordering of all real numbers`` in the first sentence above? [BenCawaling@Yahoo.com (14 Dec 05)]`",0,1,0.12996665
"`  One of the most important and strongest sources - only second to Prof. B.F. Manz's article in the Encyclopaedia of Islam - is the article of Prof. F. Lehmann in the Encyclopaedia Iranica. Referring to Babur, he states  *``... His origin, milieu, training, and culture were steeped in Persian culture and so Babor was largely responsible for the fostering of this culture by his descendants, the Mughals of India, and for the expansion of Persian cultural infleunce in the Indian subcontinent, with brilliant literary, artistic, and historiographical results ...`` PDF download`",0,2,0.13008973
"  I have to agree with the deletion, MPerel. I personally find in an interesting perspective, but there are a couple fatal problems with it, as far as including it in Wikipedia. First, it is essentially an Israeli's interpretation of the Palestinian perspective  a secondary source. It's probably accurate, but I can't imagine that there is such a dearth of Palestinians offering their perspective that an Israeli has to be found to speak for them. Second, he's not really that notable within the context of this article. In an article on Israeli peace activists, he would be notable, but here he is marginal. That said, it would be nice to replace his quote with something that gives a broad Palestinian perspective.  ",0,1,0.13011843
"  A good basis for the article, but with plenty of scope for expansion. I'm already busy on the George RR Martin and Steven Erikson pages, but I'll try to get around to expanding this and the other PFH pages with the inclusion of infoboxes and so forth. A few notes on the existing information the Night's Dawn Universe is only the setting for the trilogy and the two companion volumes, the Second Chance at Eden anthology and the Confederation Handbook guidebook. His other seven books and his next three are all set outside of the Night's Dawn Universe. The paperbacks of the novels are only split in multiple volumes outside the UK (the original country of publication); in the UK you can get the three books are one-volume mass-market paperbacks. Some of the information is a bit POV, such as the higher levels of sex and violence than in other SF books. I've certainly read books with far more that NDT. Otherwise, some good information there. ",0,2,0.13037582
"`  I considered changing ``evolution`` in the article to ``natural selection``, but after reading Evolution I think that would be inappropriate. When scientists speak of ``the theory of evolution``, they mean the general idea that all species on the planet descend from a common ancestor, and arise through descent with modification. They do indeed disagree on the source of the modifications, and the mechanisms of selection, but the general idea itself is sufficently precise and falsifiable that it can be considered a theory in its own right. Any of the following would cause great trouble for evolution  * Different species having completely different biochemistry * Different species having completely different genetic mechanisms * Different species sharing no genetic code * The fossil record showing that there has been no trend from lesser to greater complexity over time  But as you know, the evidence in all these areas has consistently shown the opposite, and no other theory has come remotely close to giving an alternative. This is why so many scientists believe that evolution is in the same league as, say, heliocentric theory. – \ `",0,0,0.13071093
"`  {| style``background-color#F9F9F9; border1px solid #A00; padding5px;`` | {| style``background-color#F9F9F9; margin auto auto auto auto`` |  | style``text-aligncenter`` | If you wish to contribute to this encyclopedia, please  create an account  and log in |}  Due to persistent vandalism, editing by anonymous users from your school, library, or institution's IP address is currently disabled. If you are logged in but still unable to edit, please follow these instructions. To prevent abuse, account creation via this address is probably also disabled. * If accounts need to be created at school for class projects, please have your teacher or network administrator contact us (with reference to this IP address) at unblock-en-l from an email address listed on your school's website. * Alternatively, if you have no Internet access at home, you may  email us using your school-issued email address and an account will be created for you. Thank you.{{ #if    |    }}  |}`",0,1,0.1307212
"I see point in some of what you said specially commercial use etc but what does copyright mean when we are talking of history and a statement of facts? Sure we can move around words but the statement would be the same. And where else is one supposed to get info on Suaprco except from Suparco website, Suparco being a rather secretive organisation so far? Is wiki Admin being too whiter than white.   ",0,1,0.13086179
"`   Suggestion for an alternative name Liberty Tower  What about calling this future monument Liberty Tower? Liberty sounds much more like State of Liberty and thus something that everyone knows in this world. There is a Pet Shop Boys song, ``Liberate``. Yes, that is much much stronger than ``setting someone free``! NY will thus have a State of Liberty (Part 1 of 2) and the Liberty Tower (Part 2 of 2). This will make people associate with this magnificent State of Liberty and not with some horrible distress that happened few years ago!! Please comment. -andy  `",0,2,0.13087493
"`  Two of the articles I created Ivan Bogun and  Severyn Nalivaiko were also moved without any discussion by Mr.AndriyK. I don't really mind the new ``Ukrainain`` spellings (the whole notion of ``polkovnik`` vs ``polkovnyk`` seems rather humorous to me and reminds me an anecdote in Bulgakov's White Guard about kot and kit.), even though the real Ukrainian spelling was already mentioned in Cyrillic. As for Polkovnyk I think the best solution is to merge the article with colonel.  `",0,1,0.13114391
   askar swordsman   is erlade actually called the 'askar swordsman' pokemon? all of my friends say this is its true classification. anyone know what this means?Websurferduck,0,1,0.1311979
"`It is not the ``same thing``. Matters such as this need to be open and transparent. In such cases, the user in question is notified that there is an ongoing discussion, so that he/she can participate. It is posted at some public forum like WPANI or Wikiquette Alerts so that the rest of the community can monitor the discussion in the interest of transparency, and so that members may participate if they choose. If a block is imposed, a template notice is placed on the user's talk page so that he/she can appeal if he/she chooses.   'None of this was done in this case.   This is completely inappropriate, and you think you're getting away with this, you're mistaken.     `",1,1,0.13157026
"  Man, I'm not saying my sources are perfectly accurate, neither yours. I'm saying just that the Romanian census of 2002 is not very accurate and a sure and reliable source. I mean, the population of the cities is too low in comparision with estimation provided 2 years from that time, in 2002. There's no way that the population of Braşov or Constanţa for example drop in space of 2-3 years about 50-60 000.Come on, neither in Ukraine, were the population's declining rate is much over Romania's cities population don't discrease like that. Iasi could have 340 000 inhabitants, because I'm sure that its population was undercounted in the 2002 census. '''''' 10 June 2006",0,0,0.13159065
"`  -The Crnojevici may have been serbian origin, but they were montenegrin, hence ``lords zetan`` not ``lords serbian`` i rest my case`",0,1,0.13161711
"`   Howdy   I see we have some common interests.  I remember reading of the cancellation of the Arrow in AvLeak when it happened. I was upset then, but had I known about the U-2 photos I wouldn't have been. No use for an interceptor with nothing to intercept.  My primary interest in Earhart is in the ``mystery.`` I have arrived at an ``opinion`` which satisfies me, but not without much investigation and introspection.  I am a bit concerned when I see stuff like the outright assertion that radio communications were heard for days after she failed to land at Howland.  Although I was born in the first half of the last century, I missed the ``golden age`` though my library didn't.  I had the good fortune to talk to a number of the old heads and understand why some folks on the Earhart discussion page cannot comprehend the nature of the time and thus have problems with context.  I have been trying to get a feel for the contributors before I spend any time editing.  Most of my work on the Wiki has been on lighter than air and atomic weapons.`",0,0,0.13163505
"  SCOX Trolls  These accounts are at it again.  How about some help Mr. Wales, if you have time.  It may be a good idea for you to refer the entire mess over to the arbcom to sort it all out.  * * *  They have been repeatedly told to stay away from me, but have not gotten the message.  I will be out of town until next tuesday on business in Texas.  I can be reached by email.   ",0,0,0.13171066
`  ''''   P.S. Visit the page Harry Potter and the Deathly Hallows!`,0,1,0.13179187
"I don't want you to keep reverting me, so kindly jack it in, my good man.    ",0,1,0.13186832
` Ariel Sokolovsky you said ``It is considered vandalism. You know that your eponymous article was deleted because you participated in the deletion discussion at WikipediaVotes for deletion/Ariel Sokolovsky. Postdlf ``  Shalom Postdlf!  I'm a new user of Wiki.I don't yet know all the rules.I restored Ariel Sokolovsky page because I saw no reason for it to be deleted as I explained in its deletion page. Ariel Sokolovsky`,0,1,0.13196029
"`  I'd suggest creating a Trivia section at the bottom, which will help us organize these ``facts.`` This season has in fact lots of this information including the death of a main character, the 100th episodes, the change of opening credits, the infamous ``KristEn Kreuk`` mistake and of course the fifth season thing. What do you think?  `",0,1,0.13199519
"`  How false can be state an issue. Wrong examples given by Mark   Romanian word dînsul/dânsul a comparison with the similar case of the German word dass/daß!  Writing according to a different rule,  it doesn't create a new language for this reason!  {|  ! Romanian example  || German example || English |- | style``padding-right 1em; vertical-align top`` | Word  | style``padding-right 1em; vertical-align top`` | Word  | style``vertical-align top`` | Explanation  | | style``padding-right 1em; vertical-align top`` | dînsul/dânsul | style``padding-right 1em; vertical-align top`` | dass/daß | style``vertical-align top`` | the same word written according to a different rule,  it doesn't create a new language for this reason! | | style``padding-right 1em; vertical-align top`` | vârf/vîrf | style``padding-right 1em; vertical-align top`` | Fluss/Fluß | style``vertical-align top`` | the same word written according to a different rule,  it doesn't create a new language for this reason! | | style``padding-right 1em; vertical-align top`` | decât/decît | style``padding-right 1em; vertical-align top`` | Regress/Regreß | style``vertical-align top`` | the same word written according to a different rule,  it doesn't create a new language for this reason! | | style``padding-right 1em; vertical-align top`` | http//de.wikipedia.org/wiki/Da%C3%9F#da.C3.9F_vs_dass | style``padding-right 1em; vertical-align top`` | http//www.duden.de/neue_rechtschreibung/  | style``vertical-align top`` | Links for enlightenment  | |}  I will repeat one more time, writing according to a different rule,  it doesn't create a new language for this reason!   & `",0,0,0.13203454
"  The CNN controversy section could use expanding anyway. There's alot of information I picked up that I didn't add previously because of size constraints...well, that and also, because of some highly opinionated editors and admins here, it turns out that it's illegal for me to write such that less than 60% of the Controversy article suggests CNN is pro-Saddam and liberal-biased. Anyway, there's more I can add to the new article. The difference in content between the American CNN and CNN International, for instance. Most articles don't start off full-size, and we shouldn't expect that from this article within 10 mins of its existence.  ",0,0,0.1322672
   Major Error  I have removed the last paragraph on Beth Phoenix's main profile about her return to RAW. This has not been confirmed by WWE.com or any other wrestling affiliated websites. The MySpace thing is not concreate evidence that this is true. ,0,0,0.13232408
  Little Fatty I note from the deletion logs that you deleted the above article. I'd like to see the above article undeleted or at least a version moved into user space please.  ,0,1,0.1323406
Branmer  Jason Ironheart   Pius XV   category test with sections  CategoryBabylon 5 characters   Turhan   blah CategoryBabylon 5 characters,0,1,0.13245562
"`, 28 August 2006 (UTC)  I agree.  I know the media is calling it various names, but we can correctly title the article Comair Flight 191 and have both ``Delta Flight 5191`` and ``Comair Flight 5191`` redirect to it.  Obviously ``Delta Flight 191`` shouldn't redirect, however, since it was a famous plane crash in Dallas during the 1970s or 1980s (I can't exactly remember which but that's not important).  Alex  0735`",0,1,0.13262269
"  I just removed all the groups that I know to be Christian.  I apologize for leaving Urantia if that is also Christian.  I belive Bahai is a separate world religion and not Christian.  If I have been wrong, some Bahai adherent please correct us and remove Bahai from this article.  Please do not add Christian groups to this list.  -  ",0,0,0.13273893
"`  I dont see you arguement Rhobite. Facts arnt trivial and as you said below as long as they can be verified its ok to add. Are you saying these facts arnt verifiable? Also you might not want to take the literal verifiable arguement, because it would mean you better start deleting... Why dont we just say Shakepeare was born in England... why even mention stratford? Why even mention dates... My point is this what is so wrong with adding detail if detail is there to be had? Im confused where does it say in Education he had a job ``Designing and installing computerized back office`` in 1978. ???`",0,0,0.13277626
   Tolstoy and not thinking of a white bear  The game as described on this page  seems reminiscent of the instruction by his brother to Leo Tolstoy to not think of a white bear.  For example see.  I suspect that it predates 1997 although the variant is perhaps too much.  Should it be described as a continuum for Tolstoy's bear? |  ,0,1,0.13309123
`  You are wrong!  I also hadd a friend named Neils who kept telling me every time he saw the Dinner and A Movie that he would bend Annabelle Gerwitch ``Over the table`` for some reason but I myself am more into Lisa Kushell.  She is very very beautifull@! `,0,2,0.13310258
   Mention should be made of Ms. Ifill's calling herself a moderate when she has repeatedly chosen to cozy up to the right wing. This site lists some examples http//www.blackcommentator.com/138/138_fr_hack_journalism.html,0,1,0.13316305
  lol. No they were not. Just look at BBC viking history page etc. It explain who was Norwegains and who was Danes  Comanche cph ,0,1,0.13317385
`  *Bidgee is quite correct WikipediaBlocking policy states  ``Edits made by blocked users while blocked may be reverted.``  I concur that there has been inadequate asumptions of good faith  `,0,1,0.13348424
"   WikipediaNo personal attacks   Per this, please see Wikipedia's no personal attacks policy. Comment on content, not on the contributor; personal attacks damage the community and deter users. Note that continued personal attacks may lead to blocks for disruption. Please stay cool and keep this in mind while editing. Thank you.  ",0,1,0.13398284
"`__TOC__   Not only Scientologists are disconnected   I think this ``disconnection`` is a more loose concept than described here in that it applies to other religious cults too.  I've come across it in Jehovas' Witnesses in particular, but I think one of the features of a cult is members are encourage to cut themselves off from outsiders and outside influence that might set them straight.  But this needs to be cited appropriately, etc. — | `",0,1,0.13408431
"  Here we are!!! I was waiting for this kind of xxx comment (xxx is to spare the appropriate word to qualify SupaStarGirl's comment!!).  The articles on Wikipedia do not belong anymore to anybody once they are posted!!! It means that anybody can come and modify these articles at will, irrespective of the original persons who posted them. So, your remark SupaStarGirl is not a remark from a Star at Wikipedia I could say!!!  MichaelIsGreat  Anymore comments before I close the discussion on this article? And move on with my life (that is not fpcused on wasting it trying to write a PERFECT article (!!!) Once the discussion is over, I will republish the article with the changes I made and we will all have to leave in peace this article if those among you who censored my useful contribution are capable of such a normal behaviour (I very much doubt it!).  MichaelIsGreat",0,1,0.13416113
"  This IP address and others like it are dynamically assigned NAT addresses for the University of Bath, UK.  As such, blocks placed on them are unlikely to have the desired effect of preventing vandals from offending again.  They will simply be reassigned another address in time.  There is an added disadvantage that legitimate editors behind the Bath proxy will be blocked when the address is leased to them.  ",0,0,0.13463484
"`  I'm not sure I have the stomach for it. This page has seen some serious personal attacks; massive presumptions of bad faith; filibustering (22,000 words posted in 115 posts from one user alone in a week); misuse of the content policies (finding mainstream and scientific sources who use the term ``factory farming`` was deemed original research); and WAS 4.250 has said he'll continue to create new titles as he sees fit no matter what we do here.  My suggestion was to have two articles Intensive farming (animals) and Intensive farming (crops), which I felt would be very neutral; and then to create an Intensive farming disambiguation page to redirect all the other titles to. But for reasons I still don't understand, this was deemed POV by about four editors, so it didn't happen.   `",0,0,0.13475409
  Snowfur Snowfur is the knowledgeable medicine cat of BobClan. She knows her herbs well and cures many sick cats. She is a valued member of the Clan.,0,2,0.13498685
"Merge I fial to see the need for seperate articles for each of the airport stations. Basicaly its redundant with the airporta article with it's listing of airlines, and virtualy hard to keep in line with the same listing their. If any thig ther artcile shouls be moved into one considlated article or into the airport page its self. Unless convinced other wise, i'll go ahead with the merge within a week, if not sooner.  |  ",0,1,0.13519311
"  Hmm, I'm pretty sure 'A Descriptive Vocabulary...' has already been keyboarded. I'll look into it with my colleagues who have worked on Nyungar. I don't have Bindon's compilation of Nyungar wordlists to hand (another thing in the office...) but he might have it in an electronic format of some kind (though probably ugly). cheers,  ",0,1,0.13520217
 My extra patience for newcomers is reserved for technical mistakes and weaknesses about how to write good articles. It does not apply to nationalist bickering.  |@)   ,0,0,0.13526578
`   Dr. Robotnik   Why is Dr. Robotnik sometimes called ``Eggman``?`,0,1,0.13530198
"` {| style``background-color#F9F9F9; border1px solid #A00; padding5px;`` |  | This IP address has been blocked because it is believed to be an open proxy or zombie computer. To prevent abuse, editing from these proxies is currently prohibited. For more information about open proxies and what you can do, please see the WikiProject on open proxies. |}  —  `",0,0,0.13583449
"`      BoredQuantities   ``If the variable X is added to the variable Y, the sum is the quantity of X and Y. X cannot equal to Y, ever. So in theory, if two different variables are added, the sum (outcome) of the eqation will be the quantity of both variables, and will NEVER equal to one of the two variables.``  You say X + Y  Z,  Z never Equals X, Z never Equals Y.  It's faulty X  0 Y  1 So, X + Y  Z  1, therefore Z  Y ... hehe.  C. What you meant to say is  If any two variables, X, Y, (X,Y ! 0) are added, the sum will never equal any one of the two variables.  D. But, what if we take a person with 3 different ancestries? In theory, if one has 3 different ancestries they are ``never just one of the ancestries``, however you would qualify such a statement.  So, X + Y + Z  A, A can never equal X, Y, or Z.  Of course here we'd have to add the condition that X, Y, and Z must be > 0. Whereas in Example C, the variables just cannot equal 0.   `",0,0,0.13597596
"I would like to add to the discussion here. In fact there aren't many badly constructed languages at all (I know none, and I've programmed in many). What one can say is the lower the languages (closer to the machine language) the more stress is put on the knowledge of the developer to create a good working program (You need to know your language's do's and don'ts). Take for instance the difference between C++ and Java. Although they both are Modern Languages, C++ still can cause buffer over and underruns while this is pretty difficult to achieve in Java. Although memory leaks still can appear in Java this is probably one of the major flaws in C++ Programs. It's not the language that's bad, but the code that's written in them!  ",0,0,0.13666065
"`   Baffled   I'm puzzled by the behavior of the anonymous user that keeps inserting ``detachment``, and ``independence`` into a introductory paragraph of the specified complexity article, making that paragraph practically useless. It is true that detachment and independence were characterizations of specification that Dembski used in earlier versions of his work, but which he subsequently dropped as characterizations. There were lots of reasons for his having done so.  The particular way this user is trying to reinsert these concepts is completely erroneous (even on Dembski's own terms).   I'm not sure exactly how to proceed here.  This cycle of reversion is not very productive, but mainly I don't want to place myself in the position of clarifying Dembski.  `",0,0,0.13677053
"`  Heller is a good source.  Concerning the ``Irgun`` versus ``Lehi`` question you raise, the confusion is resolved thus when Stern broke away from the ``Irgun Zvai Leumi`` (National Military Organization) he named his new organization ````Irgun Zvai Leumi be-Yisrael`` (National Military Organization in Israel).  This is the ``Irgun`` in his letter.  It was only after Stern's death that the name ``Lohamei Herut Yisrael`` (Fighters for the Freedom of Israel) was adopted.`",0,1,0.13684894
"`   Niggers  We need more information in this section regarding the widespread usage of the ``Jew's Harp`` by Nigger Slaves in the Antebellum south,`",0,1,0.13693768
"   Cranial Analysis edits    216.234.128.8 Sforza's study was indeed limited in this way. However, Passarino was far more thorough in his research (all major Ethiopian ethnicities, plus Somalians), and it is to his studies that I'm referring. Therefore, the (valid) criticism of the limitations of Sforza's study is, first, completely irrelevant in light of Passarino's findings and second, it just clutters up the already all-too-large article. Also, do NOT delete the counterview point to the criticism of Brace's study. The article deals with a CONTROVERSY, it is not a tool to advance Afrocentric (or Eurocentric) views. Keep that in mind.",0,1,0.13723251
     Tunisia pop.  http//www.academia.edu/4137738/Mitochondrial_DNA_and_Y-chromosome_microstructure_in_Tunisia ref for the page being wrong. You don't own the page you don't have to keep going on from it. What interest do you have in this? Stop revisionist everything I do if I have evidence for something you can't just erase what I do. That's not how this works. You don't own Wikipedia or that page it's not your personal website.,1,0,0.13753088
"  I would argue that my own view is not only objective, but also suitable for the rules of Wikipedia. If anyone wants to read about the hooligan incidents, the suitable place is the hooliganism section where it is explained further with the incidents happened in the past. I strongly insist that the pages of sports clubs are only for official information related to the club's themselves. I also remind you that Galatasaray was not punished by UEFA for that incident because neither the place nor the reason of the incident was related to Galatasaray,unlike the Heysel disaster which took place *inside the stadium* on the day of the match. It was 100% a football related matter. For reasons already discussed, the Leeds - Galatasaray murders were a civil matter, even though the victims and perpertrators were both football fans. That's why it is not appropriate to include that article here since even the International football committee did not relate it with the club of Galatasaray.",0,0,0.13754469
"`  Geogre, to know what I'm ``saying``, you will have to see if Bish will loan you the code. And no, there is absolutely no relationship between the size of my edits, or the need for a magnifying glass, and Giano's manhood — none whatsoever.   `",0,1,0.13777508
"`   Better 5' 11``   I've given you a link here . You'll recognize that there will be a box who describes the average height of women and men, they've added 5 inches to the man, f.E. If a women is 5' 3``, the man is 5' 8``, if a woman is 6' then the man is 6' 5``.  `",0,1,0.13785036
   Mosque of Babur   In Urdu the name of the Masjid is بابري and the name of Emperor Babur is بابر  Therefore we can derive that Babri Masjid  Babur's Masjid or Masjid (Mosque) of Babur in english.  ,0,1,0.13795073
"` (``coax`` implies that you are using some positive means to make it sing, but depending on context, nakasete could be done via threat of violence - but if you are just looking to show Hideyoshi's ``character`` coax would fit, but I don't believe that ``coax`` is a literal translation, and nakasete miseyou alone doesn't even imply it)`",0,1,0.13809288
   hey  MediaExample.oggInsert non-formatted text here    Insert non-formatted text hereMediaExample.ogg  Headline text  MediaExample.oggInsert non-formatted text here MediaExample.oggMediaExample.oggMediaExample.oggInsert non-formatted text hereInsert non-formatted text here ,0,1,0.1381288
"This is now even supported by scientific date, of which the results do not mention any Oghuz descent, but rather Caucasian descent for those in the Republic of Azerbaijan and Iranian descent for those of Iranian Azerbaijan. ",0,1,0.13824792
"  Sorry  Sorry for reverting to a poor version. I try to watch out for that, but every hundred edits, I get too relaxed.  ",0,0,0.13849069
"`   ``To put these discoveries in perspective,`` Dr. Novacek said of the new site, ``consider that the total accumulation of Cretaceous mammal skulls collected over 70 years all over the Gobi amounts to probably something less than 100 skulls. It is extraordinary to consider a 10-day haul in one square mile of nearly 150 skulls.``   Thats not millions or billions like one editor said. And this was a good dig.  `",0,2,0.13878202
"`   Edit of enthusiastic praise I've edited the following  ``It surprises many fans that Cardiacs have not achieved wider fame, but the uncompromising complexity and intensity of much of their music puts off many listeners used to more basic fare.``  And merged it into an existing sentence to become  ``Combining the excitement and energy of punk rock with the intricacies and technical cleverness of early British progressive rock, a combination sometimes referred to as pronk, their sound is unique, varied, complex and intense.``  Even though I'm unhappy that it turns a great compliment (with which I agree) to something sounding a bit negative.  My reasoning being  *Fans of any music are liable to be surprised that their heroes are not more widely music, so that observation is unhelpful.  *The ``many listeners`` is a bit hazy. The truth is most people will never get to hear a Cardiacs track due to the (criminal!) lack of publicity and airplay, so the sentence comes across badly in that light.  *And saying they're used to more ``basic fare``... the broad audience are quite sophisticated - Radiohead and Muse are huge in spite of being complex.  `",0,0,0.13914588
"`  It is ``Ultimate Muscle``, according to the Viz manga and the 4Kids website.  `",0,1,0.13929112
" (see Gibbon , The Decline and Fall ...)",0,1,0.13930085
"both by his physical and spiritual associations with Jehovah and by a doctrinal standpoint, ",0,1,0.13941316
" , It would also be helpful if somebody could explain the difference between what you're accusing me of and what other editors, including Justanother, do every day , , . If there is no problem with his behavior, all you have to do is explain why. Again, what you and Bishonen are suggesting is that it simply not be discussed, which is shortsighted and will only prolong rather than solve the problem.  ",0,0,0.13967651
"`  ``The right of that nation is to call language as they see fit.`` - I absolutely agree, BUT Montenegro has officialy NOT declared Montenegrin as the official language, and it is still Serbian. For now, there is no such thing as the Montenegrin language. When it is recognized by the world, like Serbian, Croatian, Slovenian, even Bosnian, I'll accept the word ``language`` after the word ``Montenegrin``. THIS IS NOT FUTURE WIKIPEDIA, NEITHER IS IT A POLITICAL BLOG, THERE IS NO OFFICIAL INTERNATIONAL SOURCE THAT STATES MONTENEGRIN AS A LANGUAGE. Change the name NOW.   -  `",0,1,0.13977972
"`  That's true. I removed similar passages, which seem to me quite useless, from several other pages at around the same time. Some of those pages had formulaic intro texts that was was definitely biased ``Please note that these people have been selected for this list because their notoriety was in some way due or connected to their Rastafarianism.`` I simply assumed this page did too. I still think what I deleted should go. Do you think it should stay?  `",0,0,0.13994706
"`  Possible and impossible materials  Both the Alderson Disk and the Dyson Shell require materials that are flat-out impossible if we're restricted to chemical bonds. These should probably be moved to the ``fictional megastructure`` section, in line with the rationale for keeping Ringworld there.  `",0,1,0.14033832
" Lidl Rebel Myspace Page  Just watchin fnp, wheres jlc and alan carrs myspace?     ",0,1,0.14063925
"  Hectorine, That was the opinion taken from a greek scholar, it also repeat the greek thesis therefore you cant claim it to be positively turkish biased and im now putting it again if you have any resentment first write in here, not destroy what i wrote in the article for gods sake.. ",0,1,0.14067811
`   I was trying to show that the Balke formula and the Harris Benedict formula both fall short on many of the Internet sites concerning BMR and RMR because they are just slightly inaccurate and they are inaccurate enough to mask the slight changes in BMR and RMR with the usual prescritpion to ``drop 500 Kcals a day`` to lose one pound a week!  But I do agree with the sentiment.  I need to be more concise about how these formulas are being misused by the industry and causing confusion.  Not add to the confusion!~~BRileyPTA~~`,0,0,0.140745
"I agree, but the problem is that HolyRoman keeps removing Bosniak history category and put History of Serbs category, where it should be and where it shouldnt be.   ",0,0,0.14083211
`  *TV.coms article on him states ghanian and sierra leone http//www.nndb.com/people/335/000111002/ Its likely when asked where his father was from he stated ``sierra`` and the interviewer misheard`,0,1,0.14121388
"Interesting... And all this time everybody had been thinking Frankenstein was actually a critique against religion and the idea that only god is capable of giving life (and thus soul) to a human being. Considering it that the piece was famous just for this specific idea (or perhaps even rebellion), may I ask where you got this information from? JaneDOA  ",0,1,0.14131083
`   Sinatra's version of ``White Christmas`` was better.`,0,2,0.14182205
"`  __ Note above ``First Class Counties, those having a population of 1,500,000 inhabitants and over`` . . . and Phila has been the only county to meet that definition.  Until recently.  In the 2000 census, the population was close to this threshhold and unofficial census counts in 2004 place the population at 1.47 million.  My understanding is that First Class Counties have certain rights not available to inferior classes, although I have yet to find the reference.  I wonder what that bodes for the city, er, county, er... whatever.  NIKKO`",0,1,0.14204775
"`  Again,  and  are going around in circles.  has already conceeded the point that An Phoblacht is 'pro-republican'  here.  `",0,1,0.14244087
"   More on Harald88   I don't think that it is fair to call Harald an anti-relativist.  He supports relativity at least on general principles.  However, he seems to have little understanding of what relativity is.    Harald mistook the Unnikrishkan article as evidence of an alternate view within the relativity community on the twin paradox.  it is unfortunate, but he lacks the tools to judge the content of the articles that he is finding.  He also does not know what he does not know, which is even more of a problem.  |  ",0,0,0.1427821
"Well, I don't think the reason for war is really war itself. I think it is not that simplistic. We don't do things for the sake of them, do we? We always have a purpose. For instance, we walk is not because we like or want to walk, but because we desire to reach a destination. Similarly, I don't think the civil war in Sri Lanka is really triggered by the way people simply want war. Indeed it has purposes, such as seizing political power, getting rid of oppositions, fulfilling violent desires, shaping a new future of Sri Lanka, etc. There must be motivation and intentions, and we never do things simply for the sake of it. So I think this statement is really simply Ondaatje's play on words.  ",0,1,0.14281644
"`~~~~ Hello Stesmo  I AM ANONTEXASGUY,  WHAT MORE INFORMATION DO YOU NEED TO BE PROVIDED WITH? HAVE YOU OR YOUR ADMINS OR WHAT NOT IN THIS VAST PAGE OF SCRIPTS AND CONFUSION NEED? YOU HAVE A COPYRIGHT VIDEO YOU HAVE CONTRACTS, YOU HAVE A COPYRIGHT WRITERS GUILD NUMBER... OR DID YOU HAPPEN TO LOOK AT THE RELIABLE SOURCES GIVEN YOU CLAIM WERE NOT GIVEN? THIS ARE OFFICIAL DOCS ARE THE NOT? SO WE ASK WHY DO YOU CENSOR.  ANONTEXASGUY    `",1,1,0.1428858
" Moreover, I read in today's news that Tbilisi mayor Ubilava wants to bring back all the named of Tbilisi streets of 19th century. Thats a very good idea. In that case probably former Shahumyan street in Havlabar will be renamed and will not be Ketevan Samebuli street. Lots of other kartulocized streets will lose their names as well. They will have Russian and Armenian names. But will Ubilava rename Tbilisi as well, back to the version of 19th century?",0,2,0.14348124
"`  It actually depends on what one terms as a true eagle.  By the sounds of it the French article is a little biased towards the fact that the bird is not a member of the Aquila genus. (Aquila is the latin term for ``eagle.`` ) However, the habits and physical appearance of the bald eagle indeed mark it as an eagle it has the hook shaped beak, the large grasping feet, and wingspan of an eagle Futhermore, its closest relative in Europe is the white tailed eagle (you can tell the difference between the two by looking at the feet bald eagles have yellow feet, but the European one has orange feet.)`",0,1,0.1435208
"` Excuse me??? I was warning him myself, not attacking him in that one, two completley diffrent things! Or is everything I say considered a personal attack? Do you simply enjoy using templates InShaneee? GorillazFan  `",1,1,0.14361311
"  Obviously you now nothing about that market. The SOCOM should shortly order a btach of a few thousand weapons for eval, then they will start ordering bigger quantities if they are satisfied (and they look so). So the SCAR is just a matter of time, but probably next year some units will already be aquipped with it. And NO, they are absolutely not compatible with the M16 so the parts and the guns will probably be sold to some other countries still using that old design. ",0,0,0.1437409
"  number of vigins i dont like this wording, it is unsourced and i think it should be removed.  revert if you disagree. later  matt",0,0,0.1438601
"  Bishon nonsense? excuse me, but i think goro has an unbelievible importance to our society. While, On the other hand, neither you nor your webpage seem to, peasant. —The preceding unsigned comment was added by   •  2028, 4 March 2006.",0,1,0.14438115
"  Would somebody add dates to Nannayya and others? I wish some Telugu friends would add more detail (like dates) and improve this artilce. I speak Tamil and I don't agree with the above user's comments. Tamils praise Telugu as a sweet language. Tamil poets Subramanya Bharati and Baratidasan extol telugu. Late record of literature has got nothing to do with the quality, beauty and value of a language. Telugu is not a new language, by any means just because the formal literature starts later. Sanskrit does not even have a script of its own and Vedas were oral tradition and so on. No one dare say Skt is an undeveloped language. I honestly hope some Telugu friends would take interest to improve this article. I found the articles on Telugu Script and Language quite informative, but they have to be properly wikified.  ",0,1,0.14488505
"  Kambangan Hi Indon, if its really called Pulau Nusa Kambangan then that was my mistake - I was just assuming the Nusa should be translated as island. I was also going off the name Britannica uses - see  ( )",0,1,0.14571331
"  The most applicable rule would be WPNPOV#Undue weight. It is not acceptable for a minor or tangential incident, with respect to notability, to become inflated in importance by sheer volume of coverage in an article. This provision is particularly applicable when it is fairly obvious that an editor has intentionally expanded such a section to advance a point of view. From Jango's comments above, I'd say that's a fair assessment of the situation here. Clearly there should be some discussion, as the media picked it up. But, the bottom line fact is that he was never prosecuted. More of the detail still should be cleaned up as unencyclopedic and tangential under Undue Weight.  ",0,0,0.14572857
"So, I took out the external link to Wikitravel. I didn't think it was particularly useful on this stub, and I personally didn't like the appearance of low-class hit-mongering.  If this becomes a real serious article about travel, well, probably a discussion of or link to Wikitravel would have a place in it. For now, until this article takes on a real shape, a single extlink just seems kinda opportunistic.  ",0,0,0.14573671
"   Story Arc Names   People keep changing them regularly, always anonymous IP or new contributors...and NOT ONE seems to have a source they've provided as to where they're getting the names. I recommend removing the Arc name section unless and until someone provides a verifiable source, because it's getting REALLY annoying at the rather constant changes made to the section every day or so.  ",0,0,0.1458201
"  Your userpage was briefly delisted by a rogue admin  You have a userbox TemplateUser UN which links your userpage to United Nations Wikipedians. There is currently a movement to ban userboxes from Wikipedia which are shared and which create Lists of Wikipedians.  Certain admins have taken it upon themselves to preemptively sabotage and/or delete such categories and template.  Here is the incident report which reported damage to yours, in which hundreds of userpages were delinked from categories without the users' knowledge. They have been stopped, barely, and the damage reverted— for now.  There is a WikipediaUserbox policy poll, which if passed, will make required by policy the damage done to categories and templates such as User UN/United Nations Wikipedians.  If you do not want this to happen, I urge you to vote Oppose. in the poll. Support is currently running at about 66%, and your vote could make the difference. It is said to require 75%-80% to be deemed reflective of consensus.  Thank you,   ",0,1,0.14604904
"On the banana thing, you do know why it is too obvious to be included regarding cakes and sweets? Because it is mentioned that it is edible food, so is it mentioend that Counter-Strike Source is an online videogame. ",0,1,0.1461348
I can't believe that nobody has posted here!!  My first girlfriend was from São Paolo she was French too!! ,0,0,0.14618298
"` I don't know how hard this would be, but is there a way that in the probation area, the bot can add a ``report`` button to usernames. In theory, this button would be hit by someone, meaning that it is a violation. Then the bot would automatically add the name to UAA. I don't know how hard and how possible it it. TeckWiz is now  @ (Let's go Yankees!) `",0,0,0.1463244
" I think your response to the comment by Meateater was unreasonably harsh, he was making a very valid poit - to wich I myself agree, I would suggest you work on your tone with other editors.  ",0,0,0.1464304
"  Oh, that, you said Wasserman was involved with the animated PR series, he is'nt. He and Disney have bad blood.   , 0214 PM, 3rd Febuary 2007 (UTC)",0,0,0.14653996
"   IMDb Trivia!?   I was reviewing upcoming Featured Articles, and I was appalled to see that the Internet Movie Database was cited in four different departments in this Featured Article.  IMDb is a guarded wiki, in which users submit information which may or may not be accepted.  The most lenient feature is the trivia page, which completely violates Wikipedia's verifiability policy in not coming from a reliable source.  I strongly suggest purging direct usage of IMDb in this Featured Article; its only merit is as an external link. —  •  - ",0,0,0.14680097
`  zOMG Lastochka has 666 user talk edits. -gasps- -realises he doesn't care- -Carves DCLXVI on the Great Wall of China- —  `,0,1,0.1468967
".  He also wrote Agapetos angel's behavior has been fair, conscientious, and courteous in everything I observed. I have not surveyed all of this editor's contributions so there may be things I haven't seen. Based on my interaction I would rate this person as an above average editor, responsive to feedback, willing and able to act in the interests of fairness. .... This leap to arbitration appears precipitous. Isn't it normal procedure to begin with mediation or a user RfC? I certainly know other editors whose behavior has been far more inappropriate, who I wish were in arbitration. Unless there is something about Wikipedia procedure I don't understand, there seems to be nothing in these mild accusations to justify having bypassed several less severe methods of dispute resolution. The speed with which this proceeding has reached this stage has the appearance of impropriety. Some of the editors involved in the dispute at Jonathan Sarfati are administrators. I don't know whether this represents actual influence or prejudicial treatment, but this proceeding gives a strong whiff of something like that. No particular dispute is important enough to compromise an admin's reputation for impartiality. ",0,0,0.1471009
    hey  IM not vandalize in here because Kubigula.  is delete my work for no reason after i did request dont  delete my work IM am really angry with Kubigula IM not Vandalize in here. please trust me from aiden2009,1,0,0.14723691
", 14 November 2006 (UTC)  The term POV Fork was used many times prior on the talk pages so I looked it up. It is absolutely correct to describe what Striver pulled as bad-faith POV forking. The presence of a high number of muslim editors all showing up at once even when they weren't talking on the other talk pages shows me they're engaging in a coordinated effort to control the article(s).  WP is NOT a democracy. I looked it up VOTING IS NOT ALLOWED.  1358",0,0,0.14771184
"`, and may be shared by multiple users. In the case of organizations using proxy servers or firewalls, this IP address may in fact represent many users at many physical computers.  For this reason, a message intended for one person may be received by another and a block shared by many. If you are editing from this address and are frustrated by irrelevant messages, you can avoid them by creating an account for yourself. In some cases, you may temporarily be unable to create an account due to efforts to fight vandalism, in which case, please see here.  If you are autoblocked repeatedly, we encourage you to contact your Internet service provider or IT department and ask them to contact Wikimedia's XFF project about enabling X-Forwarded-For HTTP headers on their proxy servers so that our editing blocks will affect only the intended user. Alternatively, you can list the IP at WikipediaWikiProject on XFFs.  Caution should be used when blocking this IP or reverting its contributions without checking - if a block is needed, administrators should consider using a soft block with the template {{anonblock|optional comment}} as the block reason. {| style``border1px solid #A00; margin auto auto 1em auto`` | style``text-aligncenter`` |Note''' In the event of vandalism from this address, abuse reports may be sent to your network administrator for further investigation. |}   {{#ifeq|User talk|`",0,1,0.14782223
"`Lurker, thats not justify the tag you added! This article is not dedicated to the US congressional recognition, but the Genocide happened 90 years ago. And such a tag is already added to the ``Recognition of Armenian Genocide`` section. Last 30 years different countries parliaments continuosly are recognizing the Armenian Genocide, it never means we must keep this tag for decades...   `",0,0,0.14808811
"   Camaro production in quebec   the name of the town where the production plant was in quebec was in boisbriant, although it could have been known as ste-therese. but media & locals who refer to it was as boisbriant.",0,1,0.148131
"`  Message from Bobby Boulders ``I'm on a mission that some say is impossible,  But when I swing my swords, they all choppable.``  Love,  Bobby Boulders   `",0,1,0.14841911
"`{| class``wikitable`` |-asdbshdsadasudsbxzbxngzusquisgasbajfzxbzbxnjaghjshakjshjahja xahxjshaidaj sdxiyaISYAioyeqb mw  ! header 1 ! header 2 ! header 3 |- | row 1, cell 1 | row 1, cell 2 | row 1, cell 3 |- | row 2, cell 1 | row 2, cell 2 | row 2, cell 3 |} Block quote  Small TextSubscript textSuperscript textStrike-through textStrike-through textStrike-through textStrike-through textStrike-through textStrike-through textStrike-through textStrike-through textStrike-through textStrike-through text#REDIRECT Insert text   Insert non-formatted text hereMediaExample.ogg  Headline text  link titleLink titleItalic textBold text`",0,1,0.14851686
"  Responce I am JimJones005 and I just wanted to say that User67.101.77.46 just coppied and pasted my warning of his(her?) vandalisim of the takeover article onto my user page. I don't know why editors insist on punishing people who make good faith edits to add to wikipedia with warnings and the deletion of their facts. We all might disagree sometimes, especialy since anything Non-Dom always seems to get deleted, but I hope you will understand. I'm going to re-insert the so called vandalism back in there tomorrow, and if you, or anyone else reverts it, I will call upon an admin. I like to think that you were just confused as to what was actualy going on, and happen to be on the wrong side of this insident. At any rate, sorry for the misspellings (native tongue is Hebrew).   ",0,0,0.14855917
"   Nutrition info from a Dole banana   (partial in german, translate later) per 100g   brennwert 387kJ/92,37 kcal  protein 0,85g  carbonhydrate 23,73g  fat 0,85g  ballaststoffe 2,54g  natrium 1mg  cholesterin 0mg  water 74%  _minerals_ (in mg)   Calcium 5,93  Fe 0  Zink 0  mangan 0  Kalium 395,76  magnesium 28,81  phosphor 20,34  _vitaines (in mg)_  A 7,63  E 0  C 9,32  Thiamin 0,085  Riboflavin 0,085  Niacin 0,85  B6 0,59  Folsäure 19,49 mikrogram    ",0,1,0.14856936
  Ahh Another fred i see - but dropped in usage. )  ,0,1,0.1486135
"`  Granted that the current claims are not referenced, this may sound silly, but do you have any references for that POV, ie, reviewers who suggest that Orwell did actually take the USSR for his vision. Keep in mind that Stalin didn't really rise to power in the way that we think of now until after WWII. This book was written in that period, so it is possible, however, the current claims do not seem unplausible to me. They correlate well together.  `",0,1,0.14875144
"  Alex, this whole matter was a strange affair. I might have been mistaken in that comment but things were looking very strange. In any case this was not a personal attack of any sort. After I go through diffs to understand what was going on there, I will try to give my assesment at ANI. Something serious has happened and this should not be dealt with.  ",0,0,0.14902405
"   Good faith of Hojimachong? He has been busy in complaining about me at every other usertalk. And the comment I gave at other user's page was 'with' my username and was in a light mood. At max, that user could object about that and not this kid called Hojimachong. But anyway, how can I justify myself when I have reservations about your fair use of power.  ",0,0,0.14913236
Articles are no place for sandbox activity.  Use  or something. ¦    ,0,0,0.14916642
"   Make a justice yourself.   I am about whom,  brought so many complaints, that are mentioned above.  I have nothing to say more about saying that please make a justice yourself.  I am guilty for something, I affirm. But whatever I am editing in article Marwat is based upon reality, fact and a trueinformation. The  got some personal enmiy with the people, who I mention in the article. I just don't want that enmity to be brought-up here, as WP is not the property of Mr. USerMarwatt. I have no more evidence of being a true one, except requesting you to make an enquiry yourself and make a justice by being a nuteral one. Also read USerAddhoc's comment on USerMarwatt, you will know the frustration of  at me, automatically.  A sincere and humble request.",0,1,0.14920756
" I'm fairly certain that he had a good recolection of Hyrule being flooded, and I would imagine that he had a sneeky suspicion that it still existed, since that's where he was trapped until the beginning of WindWaker.  Maybe it's just me.  ",0,1,0.14944021
"   rleigon section in Marshall, TX   you need to add a religion section in the Marshall, TX article. Its a joke that their isn't one now. I think it was diliberately excluded by the person that wrote it.",0,0,0.14946401
"`   Beauty pageants   Just because you have no interest in beauty pageants or their contestants doesn't mean that they are not notable - and please don't go trying to delete stuff when you are ignorant about the topic you are dealing with.  I happen to think there are tons of articles on here that do not meet Wikipedia's standards and that do not have individual merit... particularly those about comics etc, but I am wise enough to know that I do not truly understand their significance and so I leave it alone.  A much more prudent avenue would have been to bring your issues to the appropriate WikiProject (WikiProject Beauty Pageants and to address yoru concerns there in the first instance.  One example, the continual use of the term ``model`` to describe them as has been used by yourself and one other editor, is both incorrect and somewhat demeaning.   `",1,0,0.14975521
"  Revert warring? Some highly inflammatory comments are being added to the article even though there is no consensus for its addition. Warn the other participants adding that material, not me.  ",0,0,0.14987028
 article is at an impasse over whether a majority of scholars believe he engaged in espionage for Stalin.  I think fair-minded readers who follow the lengthy discussion on this issue would find,0,1,0.15020244
"  Gapura Angkasa PT.-Indonesia Ground Handling Services A tag has been placed on Gapura Angkasa PT.-Indonesia Ground Handling Services, requesting that it be speedily deleted from Wikipedia. This has been done under the criteria for speedy deletion, because the article seems to be blatant advertising which only promotes a company, product, group, service or person and would need to be fundamentally rewritten in order to become an encyclopedia article. Please read the general criteria for speedy deletion, particularly item 11, as well as the guidelines on spam.   If you can indicate why the subject of this article is not blatant advertising, you may contest the tagging. To do this, please add  on the top of the page and leave a note on the article's talk page explaining your position. Please do not remove the speedy deletion tag yourself, but don't hesitate to add information to the article that would help make it encyclopedic, as well as adding any citations from reliable sources to ensure that the article will be verifiable. Feel free to leave a note on my talk page if you have any questions about this.  /  /  ",0,1,0.1504052
"  Ok, checked those videos (most of them). First of all their dates are unverified and certainly unverifiable by me. Most concern the formation of the Expeditionary Force under Leclerc, as I already explained this did not arrive in Indochina before at the earliest late August. Some mention the formerly Vichy French forces withdrawn to China after March 1945, it should be noted that those forces were small and withdrawing, not reconquering the territory. Other videos again claim to show fighting against the Japanese, yet all they show is Japanese POW's labouring for the French Expeditionary Corps, oh and of course Vietnamese civilians seemingly detained by said French forces., that material clearly shows events of the early phase of Leclerc's arrival (he didn't stay long), that is to say a period between the Viet Minh's declaration of Vietnamese Independence and the Civil War. In short, none of these videos show any material concerning a French reconquest of Indochina against Japanese occupiers. ",0,1,0.15044154
   Tijuana Brass    how can they ban me how?  their just members? and what articles did i touch i am new i dont really get this,0,0,0.15054588
i will change my ip hahaha and do it again|,0,1,0.15058507
"    Let's agree to disagree on your past behavior.  Glad to learn you claim no 'ownership' over the article.  I, too, claim no 'ownership' over the article.  Contributions to the subject should be made by those most qualified to do so.  Let's drop the personal attacks and move on to discussions relative to the merits of the information contained in the article. How about it?   Those turning to Wikipedia for information deserve nothing less.   ",0,1,0.15099967
"` I am astonished too. The inaction and apathy of Mr. Jimbo wales is to blame for this. I have, in recent past, tried to bring this issue to his attention, but he didn't even deign to provide a response, he doesn't care to descend from the mighty throne to mingle with a commoner like me. Let's see what happens.  [ (New thread?)] `",1,0,0.1515398
"  Bret has three Grandparents born in Germany, and one born in Barbados .... check his family tree ... http//familytreemaker.genealogy.com/users/s/c/h/RobertJ-Schundler/TREE/0002tree.html#inst",0,1,0.1516791
"  Yoruba population   The 1991 census figure put Yoruba state of lagos at 5.6 million, Oyo state 3.5 million, Ondo state 3.9 million, Osun state at 2.2 million, Kwara state at 1.6 million. Kogi state at 2.1 million. Ogun state at 2.4 million..  Even when satellite picture have show that the fulani/hausa military reduce the population please see google earth links to see the size of the yoruba city of Ibadan said to be 600,000.. While kano said to be 5.6 million.. This show Oyo state would have had over 6 million people.. and also compare Ondo state... which on google you could locate Akure, ondo city, Ado ekiti, and compare it to kano..  If the 1991 census figure claim 24 millions. but satellite picture show may be more than that.. and the 36 million estimate is based upon the 1991 census figure.. then if Nigeria only , the yorubas are more than 40 million.. Please note that Edo state also have yorubas living in the north...     see talk, 1991 census put it 24million inNigeria only,15 years later, 2005 put 36 million in Nigeria only excluding other country... see nigeria 1991census figure, state see how we arrive at figures..",0,1,0.15186085
"  This page is not for Nairs and Ezhavas to fight, if you want to claim that one caste is better than the other, do it elsewhere. We all know that caste is absolutely irrelevant in determining a person's bravery, intellect and courage, not to mention a person's profession today. Caste was a hereditary profession. Let us not fight, what good does it achieve? Please focus attention on improving this article and listing famous Nairs (either in this article or another).  ",0,0,0.15200782
" Yeah, I read that...again, making something out of nothing is not what a scientific treatise incorporates. Sunder's remarks shouldn;t be taken out of context or elaborated on as if he meant more than what he stated. As a scientist...a really good scientist, they are supposed to look at everything...even if it is preposterous. Same can be said about physical antropologists...while they know Bigfoot does not exist, many do not take the assumption that it is impossible...the evidence that Bigfoot exists is so miniscule, that for all practical purposes, it really is not possible that he does...the same aplies here, and as far as I am concerned, expanding on science fiction for the sake of catering to the CD crowd is not necessary. ",0,0,0.15241541
"`  Removal of ``common misconceptions``  I reverted the removal of the above section. I believe it is very misguided to remove this because the ``equal transit time`` explanation is so widespread and frequently authoritatively presented. It is wrong, and it's important to say so. If we don't say so explicitly, we are tacitly giving it credence, since anyone coming to this article with only that in their minds will not go away necessarily disabused of that notion. Yes, it's briefly mentioned in the Bernoulli section, but what's wrong with emphasising it? The statement to the effect that it's not up to us to debunk stuff is not based on any policy that I'm aware of - why not? If something needs debunking, and this definitely does, let's do it. The article does not gain anything from its removal, which is why I put it back. If you want to make your thoughts known on this, please do so, rather than entering into a revert war.  `",0,0,0.15247825
  Turkish Republic of Northern Cyprus is an unrecognized country (they can't be in sports etc.) thus all of its citizens generally are counted as Turks and join international sports as citizens of Turkey. According to the Turkish constitution; everyone whose mother or father is a Turk is considered as a Turk; thus he have double citizenship. (Just like Muzzy İzzet)  ,0,1,0.15251765
"  Hey folks.  I admit I'm pretty angry that Dcandeto deleted my articles.  I'm new to wiki and maybe I didn't understand all of the ettiquete that goes on here.  Dcandeto, I apologize for the vandalism I did, but I thought we never really had a decent debate on my articles.  All I am asking is that as an experienced wikipedian, you should be held up to at least the same standards as a beginner like myself.  Maybe, your guy is notable somewhere but you don't assert it, and I've never heard of him.  Again, sorry for the attacks before but really you should be more friendly to beginners.  Thanks.  Jazzy.  Furthermore, I did not I could not have two accounts so from now on I will use only jazzygirl006.",0,0,0.15253164
"`   Intro going downhill fast   Wow, I looked in on this article a few weeks ago, made a few small changes to what was already a good intro. I come along today and the intro is completely different, and much for the worse. ``Science ... is a system of acquiring knowledge based on the scientific method, as well as to the organized body of knowledge gained through such research``??. Come on, now. The ``to`` is an outright error and the first clause amounts to saying ``Science is Science``. I'm not a regular on this article so I don't feel right just taking things into my own hands, but I sure hope one of you regulars will either rewrite that thing or restore it to its former adequacy.  `",0,0,0.1525683
"  p.s.  Wow, these two characters  Jiang and Changlc are already all over me.  Who are these guys and how can I get them to stop reverting my changes? ",0,1,0.152717
"`To my memory the 'NO' refers to the negative as per linguistic negatives.  It doesnt mean the word ``No``.  I dont do linguistics (the science of linguistics i.e. which is where that 'No' comes from)but know the wiradjui lannguage and culture pretty well.  A lot copy that 'Wiradjui  No' material not realisng it is not about word definition but linguistic structure.  I just do wiradjuri word definition tied to where the word refers to.  Linguistics/archaeology claims there is just one true 'word' a ssuch which is 'sign'.  There are multiple words if Australia's Indigneous language is considered.  because this language has been mostly separated from what it refers to (cultere) the archs/linguists then think they can take possession.  Its like the rock art battles where some archs claim they must be preserved because current day Indigneosu people are painting over them, (a cultural practice as part of ongoing culture).  So linguistics may tell us that wiradjuri  No.  It doesnt.  The word means what it does similar to 'sign's' referent  sign.  `",0,1,0.15313657
"`  I explained some time ago why I feel this entire paragraph should be removed as unverifiable speculation, not to mention an irrelevant distraction in a short biography of Einstein.  If someone feels it is terribly important to have this (mis?)-information mentioned somewhere in the Wikipedia, I'd suggest creating a seperate article on ``unverifiable speculations concerning Albert Einstein``.- `",0,0,0.15316214
"  TalkMichael Ignatieff You seemed to misunderstand why I restored the comment by Terryeo.  It wasn't that I thought that Terryeo's comment was particularly apt, nor whether it was disruptive to the flow of ideas. Simply put, it is not acceptable to edit another user's comments on a talk page if they are neither libelous nor obscene. I've put a note at the bottom of the talk page refering to the relevant section of the Talk page guidelines. I trust that you will find this helpful.  ",0,1,0.15374354
"`59, 5 April 2007 (UTC) To be a Etymologist, one no need to have Phd. As all his researches are in Etymology and those reseaches are aggreed and appriciated by Govt of India, he is obviously an Etymologist. The definition of Etymologist is follows   ``An etymologist is a linguist who focuses primarily on the origins of words. They are interested in the socioeconomic and cultural value of words. Etymology can provide interesting insights into popular culture by showing the history of its words.``  There is no Phd mentioned here. So Pavanar is Etymologist.   note, ``a linguist``. This implies academic training. It will not do to present random authors with master's degrees as ``academics``, much less autodidacts like Pavanar. He may be an ``eminent``   and much-loved author, but his ``linguistics`` is confused pseudoscholarship, sorry.   11`",0,1,0.1538575
"   RE HLS   It is not opinion or theory it has been proven many times by exposes of hls, infiltrations into hls, and hidden camera footage from inside hls but seen as you are nąz1 fąg5 and dont accept independent proves as valid sources then i will keep editing the page the way i have, as you can see from the previous efforts bans are ineffective... if you dont want people to make the article accurate then you have to protect the article which i would be happy with as it would give to impression to viewers that hls are nąz1 scúmbag5 who are getting attacked for the nąz1 principals and people have been dealing with them justly, an that you the wiki police have sided with the nąz1 scúm cúnt5. I will att4ck you and your user page for supporting animal múrder and s4d1sm which you are ~) have a nice day  ",1,1,0.15425518
" doesn't count when peole just revert and then don't say jack ont he talk page. they were being biased, and that's a fact. if they had responded on the talk page, it would be different. - steve  ",0,0,0.15440373
"`Explain how they are an ethnic group when the name ``Briton`` or ``Brython`` itself has never referred  to all the peoples of the British Isles. Most people in Scotland called themselves Picts, Gaels/Scots or Anglo-Saxons in the past depending on where they were from. Irish have never called themselves Brythons or Britons and still do not. Briton is a political term relating to the country fo Great Britain that has only existed since the 18th century. Britons are not some distinct collective ethnic or cultural entity. This whole article does not relate to any British ethnic group and anything relating to a ethnic group appears to be minority opinions and original research (see WPNo original research).    `",0,0,0.15445472
"  I don't deal either both the block must be commented out somewhere official, and the admin that abused his mop should be punished. The case exists and grows, I'm currently looking for appropriate project page to place it. Sandstein, thank you for your help.  ",0,1,0.15483287
`  hi i wanted to speak to you about your rrevision of the Natural Cures ``They`` Don't Want You To Know About  article. the citation needed tag did not beeed to be removd because acccoding to the guidleins for articles on a real people all mesaages like the 'Convicted felon' addition need to be cited in order to remain int he atirlce. Kevin Trudea's convicted felon status was no cited and we need ctiation for that. could you please come t to the talk page for article?  `,0,1,0.15487364
 (so I've heard both Naka no Ōe no Ōji and Naka no Ōe no Miko),0,1,0.15498137
"  Here is yet another lot of MDs that say on their website (ie give their MD status opinion that)  It is experimentally confirmed, that during physical overlapping of physical characteristics defining two identical tissues, a short-term inactivation of the enzymes in the brain's pineal gland occurs. The phenomenon of obstruction (stoppage) in willing / unwilling muscular contractions resulting from enzyme's N - acetyl - serotonin transferase inhibition in pineal gland and therefore increased concentration of serotonin following descending serotonergic system was for the first time successfully used by Prof. Dr Yoshiaki Omura in his researches on electro-resonance of tissues and electronics [BDORT]. The experiments also proved the existence of electromagnetic waves receptions on the skin surface and their larger distribution on hands. These very intriguing and revolutionary experiments have been done in a parallel way on the Universities in Japan and in the USA during the last 14-15 years. The researches are based on knowledge about electromagnetic waves of tissues and their interference, which was given by Mihajlo Pupin and in NikolaTesla's works.   ",0,2,0.15510826
"`TYPO Amygdalin is also called laevomandelonitrile, or Laetrile (some claim that Laetrile is derived from a Latin word meaning ``joyfulness`` (actually laetari is the latin verb to rejoice or exult) for short, and has been advocated by some as a ``cure`` or a ``preventative`` for cancer as there is no scientifically accepted evidence of its efficacy, it has not been approved for this use by the Food and Drug Administration.   Missing an ) or has an extra (  `",0,1,0.15522136
"`  ``Syria government,with concept of Arap nationalisic,registered the Turk under the name of muslim during the census,living in Syria.So, Turks real number,expensed a large area. ``  `",0,1,0.15539058
"`It's extremely sad how these Kannada gang takes on the lone Marathi warrior Mahawiki. I was busy for quite some time, so couldn't get time to reply. But now, I have come back. OK, Kannada editors, please tell me how is this reference unverifiable and blah....blah... ?? I can say the same about Suryanath Kamat. Mahawiki has even provided the pdf file. Alright, you remove the material and then I ask about verifiability of Mr.Kamat. You can do one thing - Mail me Suryanath Kamat's book. Or as Achittnis says, provide me an online link. Then it can be agreed that the citation is verified. Otherwise I am going to clean up Rashtrakuta, Vijayanagara and whatever else where the book is cited.   Secondly, if you are ``trashing`` Tarun Bharat, and you are saying Frontline isn't neutral 'cause it's from Tamil Nadu, then what about Deccan Herald. I ask admins to remove all citations from Deccan Herald and Kannada newspapers. BTW, I have the subscription of India Today and I am gonna start an article on Kannada which is very well detailed in the last issue of India Today as well as many Marathi and English newspapers and books. So don't worry. We'll start an article for Kannada. Now you must be happy.   I will start my work tomorrow.  महाराष्ट्र   `",0,0,0.15634228
"  You are right!  That is much more balanced and, dare I say, even approaching NPOV.  Thank you for restoring the link to Dr. Peter Breggin's paper.  Any idea who killed it in the first place?   EFS  -  ",0,2,0.15644066
` So how can Stephen Hawking ``prove`` the impossibility of a time machine? I really don't get it.  `,0,0,0.15670578
"   Sarvepalli Radhakrishnan   Hi, it doesn't matter if he fits in more categories. For example, Babur could be taken as an Indian king as well as a persian. However, there is a subtle difference between categories such as Tamil people, Telugu people and People of Karnataka. The first two talk more of their language rather than region where as the Karnataka category doesn't talk of language. So, I would fall under people of Karnataka, though I can't manage even a smattering of Kannada. btw, there is nothing in the Radhakrishnan article to suggest that he spent time in Karnataka. Of the people listed in CategoryTelugu people, only Mokshagundam Visvesvaraya, imo, falls under both categories. On an unrelated note regarding copyrights, any photograph published in Indian media 50 years back or more i considered as Public Domain. Also, Tintin's view about 70 years after death is not correct because of the following reason - Copyright is given to the photographer and not to the subject, so the copyright expires only 70 years after the photographer's death, which is very difficult to determine.  ",0,1,0.15716894
"  Mibharovsk, my motive for writing is clearly visible to you. I have a chip on my shoulder directed towards some of the editors of this page. You should already know why. There can be no logical Wikipedian policy that would disbar me from writing this. Are you going to block once again? All eyes on you! I am going to side with Fnhddzs. He/she knows what he/she is saying. Sounds like genocide it is! Give some compelling evidence otherwise?   As the only third party on the page, I think you should listen to Fhnddzs. He/she is obviously right.",0,1,0.15725148
"  HolyRomanEmperor, like Estavitsi, God of Justice, Panonian and many other Serb nationalist editors, simply does not swallow the fact that Djukanovic was successful in separtaing Montenegro from Serbia, letting Serbia alone during Kososvo War and after that going independent, separating the Serbs from the sea.",0,0,0.15752162
"  Darth Binkys name is in red, and  says mec whats your clan called",0,1,0.15798192
"`   Popular Culture   ``Read WikipediaWikiProject Aircraft/page content before adding any ``Popular culture`` items.  The aircraft must have a MAJOR or ``especially notable`` role in what is listed.  Random cruft, including all Ace Combat, Battlefield, Video Games, dogfighting films, military channel appearances, Transformer toylines, Metal Gear Solid appearances and anime/fiction look-a-like speculation will be removed.``  It said no anime or fiction look a like appearances. Why you put the F-15 eagle appeared in the Popular Culture section? You know that G1 is a anime fiction look a like appearances.( )`",0,1,0.15806663
"`   Your message  First off, I stand corrected on the copyright for the McAullife article.  I am new to Wiki and didn't see that the refs that were coming from Framingham.com had been copied from NASA.  On your second note, regarding ``legal threats,`` you were off base a bit.  I wasn't threatening anything, I was implying that if this was a blatant copyright violation that someone else might be upset.  If that wasn't clear I apologize.  I was just on the lookout for bad articles.   `",0,0,0.15812735
"Once again, Schroeder misrepresents creationist teachings.  Panspermists believe in real evolution, at least from the first cell; baraminologists believe in some changes which some might call micro-evolution but others refuse to call it any sort of evolution.  ",0,0,0.15813215
"\  Thank you. Now please desist from threatening me, and lay off until I have a good answer to your attitude problems.",0,1,0.1583162
"`  **If almohads and almoravids are morrocon dynasty, is the same as Julio-Claudian and Antonine Dynasty dynastys in the Roman Empire... these dynastys aren`t Morrocan...  And why we dont write ``Antonine Dynasty`` is a Spanish Dynasty... is the same case....emperators born in Spain...as almoravids and almohades in Morocco..   Acording Wikipedia rulers the NVOP BOX, not be remove...but you always removing... Moi `",0,1,0.1588483
"  Incorrect Information  In america, the publisher is Shonen Jump. Just a heads up.",0,0,0.15890987
"`   What is ``commenting out`` and why did you do it?   JoshuaZ magically made a paragraph disappear, and wrote  ``Allegations of suppression of cold fusion research - commenting out correctly.`` Evidently he feels this paragraph should go, because he imagines it is ``original research.`` Since he is a skeptic he will insist on this despite all evidence to the contrary.  My question is, why not simply delete the offending paragraph? What is this commenting out business, and why bother with it?  The claim that a letter from Nature constitutes ``original research`` is mind-boggling. Would a letter from Pres. Bush also be ``original research``? In what sense? The content of this letter is common knowledge to hundreds of cold fusion researchers, and it has been discussed in two books, but evidently JoshuaZ is determined to find an excuse to keep the rest of the world from finding it on Wikipedia.  `",0,1,0.15933259
"As such political tactics are equally common to all political parties, why does this article only list GOP examples?  Furthermore, none of them were actually proven out, yet they remain as examples?  This looks as if it was edited by Daily Kos fanatics....     ",0,0,0.15958588
"  Are huma rights directly related to the political ideology. Kibuts in northern Israel is a socialist state, as well as North Korea, so what does it say?  ",0,1,0.15963963
" Hey Larry, careful now, Jimbo could just erase u from wikipedia, he calls the shots here, ultimately. The article already says you are cofounder, and most reasonable people dont think Jimbo was sole founder.  ",0,1,0.15981922
"` *Heh.  Nothing of the sort.  I just think there's a bit of history missing here.  Either Russian Ashkenazim were adopted into the Bukharan ``fold``, so to speak, which I would regard as ``normal`` and ``halakhically proper``, or the Bukharans, for whatever reason, set about Russifying their surnames.  In either case, whatever happened seems me worthy of mention.  The other possibility is that the people being tagged as ``Bukharan Jews`` are not actually Bukharan, but rather Ashkenazim who never felt obliged by halakha (viz. the situation in .il) to integrate into the local community, and are, therefore, being inaccurately tagged as ``Bukharan``, rather than as ``Jews from Uzbekistan``.  No witch hunt, just a request for clarification.  I do my best to keep my misgivings about what I perceive as an Ashkenazi desire for hegemony out of my editorial interests on Wikipedia.  Kol tov,  `",0,1,0.15997219
  i got another source an april 2007 source a government source wich is very reliable. Managua Armed Robberies. https//www.osac.gov/Reports/report.cfm?contentID66949  ,0,1,0.16008994
"  That actually sounds quite reasonable.   Keep in mind that I've been blocked largely to prevent me from participating in discussions that were already underway off-Wikipedia before I was blocked.  It's refreshing to see some true civility for a change.  Especially after having had four different admins block me (actually, it's probably more than the last four), without one word of discussion with me from any of them before doing so.  Then there's the whole thing about much of the discussion not being aboveboard, but rather taking place in the modern version of the proverbial smoke-filled back room.  Duk and Haukur were decent, and know more about what they're talking about because we've been involved in the same discussions at various times in the past; even I've locked horns with both of them at various times, we've managed to come out of it without permanent hard feelings (can't say that for everyone else involved).  Mostly, however, what I've much of anything not even remotely resembling civility, in this entire process.  At least not anything close to civility in anything other than a highly ritualized, magic-incantation, Wikipedia-jargon meaning of that term.  It's no wonder that so many of them never use that word without linking it; it has nothing whatsoever to do with real-world concepts of civility as they use it.  Your proposal was so much in a different vein that it catches me by surprise.  The fact that I am surprised might be a cause for concern.  ",0,1,0.16009629
"  Given what happens in Esther, it is clear that the reference to Haman as an Agagite is meant to say that he is descended from, or shares the ideas of, the Amalekites. Having it be his hometown or family name would be an irrelevant detail that plays no part in what happened.",0,1,0.16035521
"`  If I go through all the trouble of cliping the segments that show bin Laden appealing to Americans to join the IFJZC, will you change your vote?  There is no Arabic word for ``Zionist,`` so one needs to be mindful when translating as to whether the user was talking about all Jews or only those Jews with Zionist ambitions. I think it's pretty obvious from the Jihad Against Zionists and Crusaders fatwa, which group bin Laden was talking about.  `",0,0,0.16051356
"` Thanks. It looks like Mr. Case is done for the day though??? Strange?? Wiki alf is never going to let me hear the end of this one D . I feel bad though. I vandalism rv count is extremely high(no matter which IP I choose to edit from) The longer I amblocked, the more V that gets through. I have over 20000 edits as an anonymous editor(after walking away from my old usernameI have no personal ambition for ``Wiki-gain`` so I have no use for a username. I only strive for Wiki-quality I don't want to boast... but I am VERY good at spotting vandalism. And being blocked for doing what I do best... is certainly strange. Hopefully resolved soon.  `",0,0,0.16134201
"   Fair Use   why can't you have fair use images on user pages, i dont see how that could infringe copyrights, plz tell me, but kinda dumb it down  ",0,0,0.16193497
Hey Ian Grosscough! What's up yo cya in Durr's tommorrow! ,0,1,0.16215993
"`Putin's photo  The reason why I swtiched the photo earlier is that in the official potrait, I think Putin is ``zoned out`` or ``stoned`` in the photo. I switched it to one that still came from the Presidental website, but of him speaking (so we can give him life! ))      `",0,1,0.1622229
"  Livonia, MI Impossible to reference? EVERY issue of the Livonia Observer does indeed have a crimes column and it does in fact cover the crime within he city. Livonia's crime rate is low enough that most crimes do get noted there.  ",0,1,0.1623098
", 29 September 2005 (UTC) Glyconol was a dietary food supplement given to Hitler.  |  1112",0,1,0.16231044
  Wasn't Wen Qin's son called Wen Yang? Wen Yuan doesn't bring up anything relevent in goolge while Wen Yang does. ,0,1,0.16233328
"`   unblock|http//en.wikipedia.org/wiki/WikipediaBlocking_policy#When_blocking_may_not_be_used  to quote directly Disputes  Administrators must not block users with whom they are engaged in a content dispute; instead, they should report the problem to other administrators.  An exception is made when dealing with unsourced or poorly sourced contentious biographical material about living persons. Administrators may enforce the removal of such material with page protection and blocks, even if they have been editing the article themselves. (See the BLP policy.)  Cool-down blocks  Brief blocks solely for the purpose of ``cooling down`` an angry user should not be used, as they inevitably serve to inflame the situation.   you had no right to block me for something said on my talk page. please take your vendetta somewhere else. i made a comment two months after the fact with nothing in between i don't see how this warrants a block and it appears to violate wikipedia's blocking policy.`",0,0,0.1625475
"   The Episode Table   I'm sort of confused as to where the template for this table is located. Note that the first season episodes are listed by roman numerals, but in Wiki's bastardized HTML code I can't see where this is editable. Anyone have a clue as to how this is modified, feel free to jump in.  ",0,0,0.1628447
"`  Furry (porn)  A {{prod}} template has been added to the article Furry (porn), suggesting that it be deleted according to the proposed deletion process. All contributions are appreciated, but this article may not satisfy Wikipedia's criteria for inclusion, and the deletion notice explains why (see also ``What Wikipedia is not`` and Wikipedia's deletion policy).  You may contest the proposed deletion by removing the {{dated prod}} notice, but please explain why you disagree with the proposed deletion in your edit summary or on its talk page. Also, please consider improving the article to address the issues raised. Even though removing the deletion notice will prevent deletion through the proposed deletion process, the article may still be deleted if it matches any of the speedy deletion criteria or it can be sent to Articles for Deletion, where it may be deleted if consensus to delete is reached. If you endorse deletion of the article, and you are the only person who has made substantial edits to the page, please tag it with .  `",0,1,0.16288128
`Let us not fall for the classic Imperialist stance of ``blaming the victims for resisting too much``. As we see alive and well in much western establishment commentary on Palestine and Iraq at the moment. `,0,0,0.16298237
" Googling is useless, because of the absense of Chechen internet. Moreover the like case is Belarusian language, just because some Belarusians, who happened to control be-wiki prefer to write their capital as Менск does not mean that Minsk includes that version in the lead, it has it latter in the text, and so does this article. As for neutrality, again I too happen to know Chechens who use Solzh, but that is bordering on WPOR and really I see no reason why we have to break WPPOINT. As for both versions being used, in Chechnya no print uses them. Outside Chechnya it is used by political emirges that have no legal recognition anywhere. You want neutrality, fine. We use the de-jure name in the lead and the alternative name is given under the section of name.   ",0,0,0.16326827
"While I agree that Indus valley civilisation is the correct name for the civilisation, the passage quoted above is not neccecarily factual in terms of saying Second there is no proof at all that the mighty Sarasvati of the Rigveda was in fact this (now dry) river- the identification is itself open to doubt.. Apart from there being facts/proof to indicate that Saraswati did exist as this dry river ( including geological facts as to why it dried up) The evidence also points to the fact that it was NOT a tributary of the Indus, ( refuting point 3 of the passage quoted above ) and in fact drew the waters of the Sutlej and the Yamuna to be a river system of it's own. And though a large number of sites have been found along this river system, none of them are of the scale of Harrapa / Mohenjodaro, leaving the Indus Valley tag as the correct one. Saraswati did exist,today the timing is disputed and not the existence, Wheter it is vedic and indic vs Harrapan and non vedic is more disputed today than it's existence.    ",0,1,0.16344427
" November 2005 (UTC)  Fat is never converted to Glc, not at least in humans according to the textbooks.    Let me add few things. First, Glc enters/leaves the cell through a proces called facilitated diffusion. Which means that as soon as the Glc concentration inside the cell is somehow increased, Glc will start leaving the cell - which by the way happens in hepatocytes during glycogenolysis. Second, even if there was a way to keep Glc inside the cell, say through active transport, Glc poses a danger to the cell integrity as Glc is a highly osmotically active compound. The cell solves these two issues with a single solution by synthesizing glycogen from Glc - the enormous glycogen molecules can't leave the cell, and by having osmotically inert glycogen instead of Glc, the cell avoids the osmotic shock.  1355, 30",0,1,0.16358224
"`The old-timey socialist anarchists just don't ``know the way the wind blows,`` apparently.  They want to freeze anarchism in 1880, and refuse to acknowlege the up and coming philosophies and movements.  In the words of Voltairine de Cleyre, advocate of anarchism without adjectives  ``there is nothing unanarchistic about any of them until the element of compulsion enters and obliges unwilling persons to remain in a community whose economic arrangements they do not agree to.``  `",0,0,0.16381127
I have removed Quaid-e-Azam Mohammed ali Jinna's name from the list as he was born in Karachi Sindh   and his family lived there well before partition. so by any means he is not a mohajir as he did not immigrate after 1947. ,0,1,0.1641072
"   No!   Only if Female Nobel Prize laureates, List of Christian Nobel laureates, List of Jewish Nobel laureates, List of Hindu Nobel laureates, List of Muslim Nobel laureates and Nobel laureates by university affiliation are to be deleted, then List of atheist Nobel laureates should also be deleted.  ",0,0,0.16469984
"` It is unknown whether makednos is a ``Greek word``. Suggestions include maki-kedon, with kedon Macedonian for Greek khthon. But this is uncertain. The origin of the name is unknown.   `",0,1,0.1649322
"  The issue is a man withholding a get from a woman.  As you might understand it is the man who must make the request for a get to the Bet Din. In the case of Bruker, the man was in violation of a judgment in 1980 which ordered him to appear before Rabbinical Authorities. If you look at the Greenberg article, he is absolutely opposed to the Court of Appeals judgment because Courts to date in other jurisdictions have ordered specific performance. Look at the Brett Case. This is why the Supreme Court case issue is the justiciability of a contract with religious overtones. Look at the CCLA case. The facts of the case that Ms. Bruker was able to conceive are important in terms of damages. The facts of the marriage have no import because the 1980 judgement which Mr. Marcovitz violated are after the marriage. And Ms. Bruker if you read some of the press has never stated that she was an Orthodox Jewess but Conservative. Again the issue of specific performance is related to ordering someone to do something that may be against his conscience. This conscience issue is also more often than not used as an excuse for violating an agreement.  And with the word conflict, it is inappropriate because it does not describe the issue. It should be the conflict between religious law and the doctrine of separation of church and state.",0,0,0.16508825
"It is you, who is arguing in a neo-ricardian framework. The difference between you and other Neo-ricardians is that you claim that there is only one basic commodity, namely labor, thinking thereby to save the LTV, whereas other Neoricardians would claim, that besides labor there are other basic commodities, thereby questioning the importance of the LTV and the consequences Marx drew from it. A corn theorist, for instance, is a Neo-Ricardian, who claims that besides labor also corn is a basic commodity. Against this reo-ricardian reasoning some Marxists argue (who are then of course no reo-ricardians), that it is the common social substance (see quote of Marx in the article!) and not the physical or technical substance that matters, for the rest see end of article.    ",0,1,0.16531375
`   What is Pakistan then?   This article once again made me think about Pakistan and Bangladesh {former East Pakistan}.Muhammad Ali Jinnah claimed that Muslims of the subcontinent needed to have their own nation since they could expect no justice ``at the hands`` of India's Hindus.But if the population of Muslims in present day India is more than the population of the Islami-Jamhuriya-e-Pakistan than what exactly is Pakistan?If Pakistan was created solely for the purpose of being a homeland for Muslims of British India and yet more subcontinental Muslims {by number} live in India than what is Pakistan's identity?I`,0,1,0.16565849
"  Not all of the English language versions - only the FUNimation one, and even then they still use Mr. Satan in the uncut version. And video games are not a canonical source so they don't count anyway. ",0,1,0.16570745
"`  Ubisoft failed big time with this. SCDA was substandard, and now we're getting these spinoff storylines. What's next? Seems like Chaos Theory is the last true Splinter Cell we'll ever know..  ] `",0,0,0.16589971
"  I'd like to remind you of the three-revert rule.  With your persistent removal of Tariq Aziz from CategoryChristian people, you're quite close to violating it.  ",0,0,0.16646287
"`   Lemkin line   Again, you can coin a marketing slogan, but not ``genocide``- putting it as simply as humanly possible.  `",0,1,0.16648284
"`   Now let me explain my story. This all started because Musicpvm refused to honor the particular capitalization of a work of art, that is a La Toya Jackson album. Wikipedia naming guidelines do not apply to ``unique titles``, which can be interpreted as referring to works of art that are capitalized in a particular way for a reason. If an album cover clearly identifies the capitalization in a particular way, it should be displayed that way online. Gwernol, who is abusing his power as an administrator, decided to step in after I wrote a paragraph about Musicpvm in MY user page. If I'm not allowed to write my own opinions in my user page, then there is no point in a user page at all. Regardless, the whole thing started because Musicpvm falsely believes that the Wikipedia naming conventions apply to every article without exceptions, which is incorrect.`",0,0,0.16662975
"`   You learn, now other admins are involve, you see, i am editor and doing edit, you want unsource unverifiable information for wikipedia, i am not so you get mad, is not my problem.  from one admin top another in response for ISpy board admin post  ``How in the world can one be a sock puppet of the other, when a sock puppet, by definition, is ``an additional username used by a Wikipedian who edits under more than one name``? In this case, there isn't even one username, let alone two? What's more, there's no evidence provided of any attempts to avoid a ban or other disciplinary action, nor an attempt to increase the perceived support for any particular campaign. In short, there is no sockpuppet there. By the way, even if they're the same person, there's not even any reason to assume that they're trying to appear under a different IP address. They're both simply coming from Road Runner accounts. It's my understanding that Road Runner assigns dynamic IP addresses, no?  ```",0,1,0.16696602
  Hello Karl I want to file a complaint against AnonymousEditor. I am tired of being bullied by him all the time. See Ali Sina Talk. Do you know what is the procedure? Thanks.,0,0,0.16731942
Carcer City or Anywhere City ether one Cacer City was mentioned in ever GTA game starting GTA3 and Anywhere City was in GTA2 but somehow i think Anywhere CCIty and Carcer City are the same places because they have the same gangs if you played GTA2 and MAnhunt youll see that they do have the same gangs but ythe only diffrence being the gangs names or the location can be Sa VC LC and CC all at the same time its posible   ,0,1,0.16739699
"`  No that is not what i am saying. I f u look i received a message from ``Darth Binky``. However when you look at the history it was written by major someone.... I think it is unfair for me to be told off, for someonbes elses forgery`",0,0,0.1677517
"`  Heya. I suppose I hadn't thought to expand the meaning to include anything but urban infrastructureintangible and 'physical'. I certainly don't read it to infer a value judgment on the Gentrification issue. I happen to be wearing blue jeans, a brown shirt and matching brown converse (aaand I visited Bedford Ave in the past 24 hours), so I can tell you what side of the issue I am (statistically) on. I suppose there's just something displeasing about saying ``physical restoration`` because there are a few intangiblessuch as expansion of services. If you think it will read like a racial (or something) stab then please, omit it. No other phrase comes to mind without being needlessly wordy, which was, after all, the main sin of that section.  `",0,0,0.16884874
"  My article is neutral, you don't see me putting on there that we montenegrins came from Crvena Hrvatska or that we're racially illyrian, you don't see me deleting the controversy topics and the list of montenegrin serbs and everything else. Its just that it is what it is, and that is an ethnic group, nothing more, nothing less, anything else is POV.",0,1,0.1695129
"No actually it is not, All Eyes on Me was said one time in the song. It is let me show you because that is what the whole verse is.  Example Let Me Show You What Love Is Let Me Show You How To Move Your Body Let Me Show You How to Make Me Crazy Too much Lovin' Never Hurt Nobody  (See Let Me Show You is mentioned more then What Love is and All Eyes On Me) Candicesfan  Yeah that is true!!!!!!!!! Rawfannation  ",0,2,0.16965957
"`   Essjay double standard   Editing Free Speech is not vandalism with a clearly identified section titled ``criticisms of the policy``.   You failed to follow policies and failed to warn or revert.  Also, are you a native cherokee speaker?   `",0,0,0.1697953
"`   Please stop. If you continue to violate Wikipedia's neutral point of view policy by adding commentary and your personal analysis into articles, as you did to Counter-Strike, you will be blocked from editing Wikipedia.    `",0,0,0.16989575
"  Enuff Iz Enuff Husond, you originally blocked me on March 8 for comments I made toward Kemor in my edit summaries.  Canadien Caeser than blocked indefinately blocked me.  I've been blocked for over 2months and Caeser hasnt been around in a month.  My Feud with Kemor is over and  I've learned my lesson.  Being that you originally blocked me, I'm respectfully asking you to unblock me. ",0,0,0.17005116
"`   Fiefdom   For the record, I have been threatened by administrators with blocking for discussing this topic. ``Fiefdom`` is the only word that applies. (  `",0,0,0.17016043
" That is because what you are finding is from the old classification system, which is still widely distributed on the net. The newer system (which identifies 5 subspecies within the United States as opposed to 20 odd) lumps many groups (including the original Great Plains wolf population which was thought to have become extinct) into a single Canis lupus nubilis otherwise called the Plains wolf, Great plains wolf, or Buffalo wolf. This, like is illustrated on the map, ranges throughout Eastern Canada and North East USA. The reason many sources will say it is the Eastern timber wolf I believe is mainly to help conservation. Not only does the name seem more attractive to residents (therefore they are more likely to want to preserve it) but this wolf is comparitively vulnerable in it's smaller range. Another confusion may be because Eastern timber wolves used to live in this area, but were killed off due to the bounties. It was then the other subspecies, the Plains wolf, which eventually reinhabited the North Eastern states. When I have more time I will try to finda reliable source forthis.    ",0,1,0.1703961
" Please check this page for more.  It's not Missingno. in the later games, it's only called that because it's a glitch, just as the original Missingno. was.  And I don't know if it's in Colosseum or not, since it's not actually supposed to be in the Advance games (with exception to having used a cheating device).",0,1,0.17162411
"Indians of the northern highlands of Honduras and El Salvador who are somewhat intermediate culturally between the Maya to the north and circum-Caribbean peoples such as the Kuna to the south. The aboriginal culture of the Lenca has virtually disappeared and is not well known. It is thought that formerly each village was autonomous, controlled by a chief and a council… Encyclopedia Britanica 2005.  ",0,1,0.1720602
"`   Salem Witches' Institute   DarkMark.com is not a reliable source for verification on whether this is a school or not. According to Salem witch trials ``In the fourth book of the Harry Potter series, Harry Potter and the Goblet of Fire, a group of 'middle-aged American witches' are observed by Harry as sitting under a banner reading 'The Salem Witch's Institute' at the Quidditch World Cup. This is a probable reference to the Salem trials.`` If the witches were middle-aged, they would hardly be at school; the reference itself seems to be more of a pun on Women's Institute. Either way, without confirmation either within the books or from the author, whether Salem Witches' Institute is a school or not is purely speculation, even if the speculation is linked back to a fan website such as DarkMark.com.  I'm moving Salem Witches' Institute from the schools sublist to the main list.  `",0,1,0.17211595
   Wrong!   Anacondas have never been found over 30 feet long  Ilovedirtbikes ,0,0,0.17225365
  Republika Srpska is an entity which has no right to have any special rights that the Federation hasnt and it has absolutely no right to declare independence. It isnt even a federal republic it is just simple a smaller Bosnian entity. Manji BH entitet.  ,0,0,0.17226052
"  Stop Vandalizing  You have recently deleted my comments on another user's talk pages, which is a serious violation of Wikipedia's rules.  Also stop vandalizing the links for the Marl Kingdom games.  As I said, the link was discussed on the talk page, and the main contributers to those sections all agree that the link should say.  If you have a problem with the link, visit the talk page.  And again, do not delete my comments again, or I will report you, which would be perfectly within my rights. ",0,0,0.17230026
"   Canvas   whether or not a post is a canvas violation is rather controversial - i disagree with your assessment that his post was in violation of canvas and therefore that makes your action blanking.    The person involved in the RFA is also highly controversial, which could easily lead to that misconception.  A subjective analysis of said user shows that they should have been banned years ago for incessant pov-pushing, but he's so good at doing it below the notice of the admins (and he has an admin in his pocket) that the problem article stays a problem.    the user in the RFA is one of three users that are the reason i A) do trust wikipedia as far as i can throw my house B) don't edit wikipedia anymore.  Wikipedia is about reaching consensus... consensus and turth are not always the same thing.  So please - never remove content from my talk page again.  PS for the love of $DIETY turn down your archival rate  ",0,0,0.17244841
`   You continue with the angle that you are capabable of NPOV. No one is is capable of NPOV regarding a Political isssue here in the US at this time but least of all you. One has only to read your contributions to see that you clearly have no interest in neutrality. I have admited my POV from day one while everyone conservative has to have the rock they hide under lifted. (see Ai.Kefu)  The game at hand here now is how much truth can be added by the liberal P'sOV before it is sanitized and censored by the conservative side. There should be no pretense of neutrality here or on any other political site just a much more modest goal of contributors finding some semblance of ``balance`` between the two distinct P'sOV in the overall article. There is no way the article can remain ``Fluffy`` with no mention of her deeds and or disdain from the entire black community and the other communities of whom civil rights are trampled on. I just wish the large negative View about a Condi would stop being sanitized summarily.   If you cannot admit that neutrality is impossible from you or any other conservative or liberal contributor then the conversation we are pretending to have can come to a quick cessation and we can just agree to disagree so we can resume with the rapid fire edit/revert/bashing/revert/censorship... activity that will lead to the ultimate freezing of the article `,0,0,0.17247409
"   The Simpsons are from ....   The Simpsons are from Norther Kentucky, most probably Illinois, which have a city called sprigfield .  And if you watch the episode Behind the Laughter, the voice commentator says that they are from Northern Kentucky.",0,1,0.17301075
"`   Userbox..again   Hello. I'm sorry to bother you. I was wondering if you could help me out again. If you recall, I replaced the contreversial userbox with this one ``This user supports resistance to hostilities`` as you suggested. I removed the ``Israeli`` part that was contreversial. A user thought I had the right to keep the Israel part and added it to the userbox. [1] After a long talk with , I offered to remove the Israeli part again, because I did not want to discuss the issue any further. He then refused to unprotect my userpage and told me to remove the link to massacres. I ask for your help, to remind him of what all of us previously discussed. I made an act of good faith by offering to remove the Israeli part, even though I have every right to keep it. He just wants to provoke me, as it obviously shows when he then tells me that ``Israeli`` wasn't  the contreversial one. He's just abusing his rights as an admin. He'll end up telling me to remove the whole thing.  `",0,0,0.17321372
"Note how in the 1980 movie Flash Gordon, Flash looks a whole lot like He-Man and General Klytus looks so very much like Skeletor.   ",0,1,0.17332575
`   Regardiiung recent revission of an artticle   hi i waned to speak to you about your rrevision of the Natural Cures ``They`` Don't Want You To Know About  article. the citation needed tag did not beeed to be removd because acccoding to the guidleins for articles on a real people all mesaages like the 'Convicted felon' addition need to be cited in order to remain int he atirlce. Kevin Trudea's convicted felon status was no cited and we need ctiation for that. could you please come t to the talk page for article?  `,0,0,0.17377919
"` Done. I didn't bother to read the article in any detail, but I do remember having read that EP generated a lot more money via his dreadful films than via his sometimes listenable music. I think his music was good till somewhere around 1956  but then I hear the Bonzos' ``Canyons of your mind`` and can't even listen to EP's early work without laughing.   `",0,2,0.1738698
"` If I may, I came across a Time article that says Mr. Obara is Japanese and says nothing about a Korean ethnicity.  To back this up, I found a couple other articles [http//www.theage.com.au/news/world/a-tale-of-rape-murder-and-a-japanese-playboy/2007/04/20/1176697090797.html} that he is of Japanese descent and say nothing of a Korean descent as well.  Perhaps until this can be confirmed one way or another, the article could read ``of Eastern Asian descent``. -   |  `",0,1,0.17403078
"` Edit He is now monitoring this entry on my talk page, and making additional complaints against me, claiming I personally attacked Zntrip above. ``he is now personally attacking Zntrip from his talkpage`` . He is literally monitoring and attacking my every move even though I have asked him many times to be left alone. How much longer is this going to go on before someone does something? I want to participate in Wikipedia and believe perspicacite is an anomily. Please help with this problem.`",0,0,0.17404447
"`  Yep, best leave it until after World Cup. Following Rolland Garros is already taking up too much of my time dammit! Work is piling up... will have to take a ``wikibreak``...`",0,0,0.17425132
"  I have fixed the article once and for all, take a look at it if you will. If Lcnj reverts the edits, I will consider it as vandalism and violation of Wiki policy and will demand his blocking. I have had enough.  ",0,0,0.17473415
"` 2006 (UTC)   hello I'm a resident of Indio Cal. and the regional term isn't as strong. More people use the term ``desert`` or ``southwest`` than the terms ``Sou Cal`` or ``Inland Empire``. There's a similarity in geography and landscape with Arizona and Nevada for those living in the Indio area. Culturally, the high Latino/Hispanic element might have to do with the name change, as some in Imperial county might refer to ``American Mexico/ Mex-USA``. Indio and Coachella became one of the U.S./Cal. highest concentrates of Hispanic or Mexican Americans, since immigration was very high for the two towns in the 1990s. I been to Imperial County, there's still plenty of farmland and the towns are growing within the confines of city limits. It's going to change and with NAFTA passed in 1993, the border city of Calexico seem to boom and thrive the most. Mexicali is a major city, the capital of Baja Cal. Mexico and perhaps the closest major city from Indio than Riverside or San Diego. The regional term seems to follow where white Anglos are the majority, but the eastward move of more (no pun intended) to Indio-Coachella to purchase a new home or property in bargain prices, the pendulum may be shifting back. Then again, most newcomers in the Inland Empire are Hispanic, and came from Los Angeles or you won't have Spanish-language new home ads. Oh well + 1337, 18 June`",0,1,0.17508987
 TOJO'S BEEN HERE ') MONKEY MONKEY MONKEY MONKEY MONKEY MONKEY ,1,1,0.17542729
"`   Unfair, Unbalanced, and Non-neutral VERSION 2 - TWO MUCH ACCENT ON ``DE FACTO`` What ``de facto``? This region has little time to live, its time has passed. `",0,0,0.17563303
"  Yes, they arn't accepting new cases until after christmas, which is very bad in my case; this would mean I'd do a whole semester without being diagonosed [I probably have Asperger's]. ",0,0,0.17582117
"  So modern cars with air conditioning, heated seats and more powerful computers than those used by NASA to put the first man on the moon are simpler systems than WWII Jeeps?  An awful lot of mechanics would be very surprised to hear that.  Windows XP is simpler than DOS?  Microwave ovens are simpler than hearths?  I'm sorry but your observation does not seem to hold up.  Simplying the interface has little or nothing to do with simplifying the tool itself.    ",0,0,0.17583178
`  He's tall He was 5'7`` when He was human and when He was immortalHUGANTINORMOUS!!!!!!!!!!! Of course He was a baby. But He's an adult now. `,0,1,0.17591819
"  Greco Romanism did not begin in 146AD, with the Roman occupation of Greece, I find it exceedingly annoying that I need to give examples of Roman poetry, literature,  sculpture, architecture and theatre, (which before the 1st century AD was simply copy of Greek) and so on influenced by Greece, these are obvious to anyone with even basic understanding of classical history.",0,0,0.17623797
"  reply Dude, I believe you emailed us, why are you wasting our time here, especially when we want to do what is right, not to have everythign deleted, vandal, because you change everything and have no respect for our time ok... and since you are an administrator or know one, we should work together before we post something here, but since you can not do it, you deserve these words...",1,0,0.1774698
"`  Well, first, I find it rather strange (to put it midly) that you agree to discuss it in the TALK page (since I asked to let's discuss it first please) but you go ahead and do a revert anyway and call this ``revert campaign``.  That aside, I left the note for the person who had reverted the article, but you responded on his/her behalf by saying  ``fine, let's discuss it``.  I find this also rather strange.  Finally, I don't see mentioning Pilz is Jewish to be controversial at all.  Iran's official response to this still unsubstantiated allegation has been that it is part of a Zionist media smear campaign.  Therefore, how could you say that the fact the Pilz is Jewish is irrelevant?  I see it as quite relevant.  I also don't see why mentioning a Jewish person is Jewish should be viewed as controversial even in normal course of events and contexts.  Really bizarre.   `",0,0,0.1781445
"`The name in Western language of 望廈 is Mong-Ha, Mong-Há, Mong Ha or Mong-Há and these four names are widely used in Macau. Differently, the name of ``Wangxia`` is almost never used in Macau. `",0,1,0.17853856
"`   User TastyCakes Superior Intellect Shines in Message   Greetings All!!!  Once again, the user TastyCakes showcases her superior intellect and reasoning in her response.  Had TastyCakes followed the history of the original edits to US History and Expansion, TastyCakes would have seen that HerrGoebbles was only trying to add new information regarding the brutal consequences of US government sanctioned practices, which are clearly stated at the US Department of State website under ``Indian Treaties and the Removal act of 1830``.  Instead, user TastyCakes and an admin MarkSweep took it upon themselves to block user HerrGoebbles with absolutely no warning.  This seems to be an accepted practice on Wikipedia embraced by a few users and Admins who wish to control and block any possibility of discussion about reality.  Welcome to The New World!!!  HerrGoebbles`",0,1,0.17868026
"`  Too many ``popular`` skits  Nearly every episode in the history of CS has been listed! I think it needs to be trimmed down greatly. Not every funny skit was ``popular`` - O'Dweeds, Popular Moments...History and Blackzilla come to mind right away. I think any more than about seven is overkill.  `",0,0,0.1789728
"`   What is a gunblade and what isn't   The gunblade section needed a clarifiction  The weapons used by Yazoo and Loz in Advent Children are not gunblades. Their Velvet Nightmares function only as guns, while the actual gunblades used in Final Fantasy VIII only work as swords. It's only fans that have called them gunblades. Same thing with Vice's weapons in Dirge of Cerberus. They're also different from gunblades, because they both shoot and work as swords. Seifer and Squall's style of weaponry are the only ``gunsword`` weapons officially called ``gunblades`` in all of Final Fantasy.  Just thought I would point this out and make the correction. I will leave mention of Yazoo, Loz, and Vice's weapons in here, though, sinec they're quite similar and are often called gunblades by fans. I'm just going to point out the distinction.  `",0,1,0.1790299
"  Romanian is very different from Dalmatian, so they probably developed in distant regions. This suggests that Romanians could not have come from the western part of the Balkans (including Albania). - I think that this argument should be entirely removed as it definitelly is not argument against theory of migration from south, but barely from Dalmatia (nobody claims that Vlachs arrived from Dalmatia). It is just irrelevant. On the same basis Dalamiatian could be replaced by Italian. ",0,0,0.179071
"  False charges Coredesat, the charge which you'd referenced, that Matt57 posted private information about UserElonka,, turned out to absolutely false - she'd advertised her site on her user subpage - just as was the earlier charge of sockpuppetry, as proven by checkuser. Such charges reflect poorly upon, if anyone, the accusers, not the accused. That no one besides Chaser thought to apologize to him reflect very poorly upon all others involved, and upon what passes for the management of this project. ",0,0,0.17934333
"The link leading unto Endgame is wrong.. A different film it be, pertaining not unto chess.",0,0,0.1794975
"`   Misleading Image   The character 永  only has five strokes, not eight, and is indexed that way in dictionaries. The middle vertical stroke is performed with one motion. The leading dot occurs by the landing of the brush on the medium, and the final ``tick`` is performed by flicking up and to the left. It's misleading to explain this as three separate, overlapping strokes without additional explanation. Similarly, the left stroke is just one motion also. A stroke isn't a necessarily a straight line. It is a congtiguous motion performed without lifting the pen or brush.`",0,1,0.1797396
"   Another need for your mop   Thank you very much for your comments on the talk page for John Bowlby.  I hope it serves to break the cycle of the very unholy mess occurring there.  Would it be improper to ask you to post a similar comment on the talk page for Candace Newmaker?  The mess is even worse there!  Best regards,  ",0,0,0.17980595
" Thanks C Logan, it was a month and it was excessive. Since I couldnt put in my oppose vote for Jehochman's RFA, I will do so here even though it may not count in and he'll still get the adminship, I'll still voice my opinion * Oppose Jehochman could not provide a non-biased opinion over the Elonka articles affair and instead choose to assume bad faith and attack me instead of talking about the article in question. In this case, Jehochman allowed emotions to rule over logic and rationale.  •  I sent him an email already requesting him to put in my oppose vote (fat chance he'll do it though). About being blocked, I'm not really missing it that much. I had reduced my editing anyway before that if you see my contribs so its alright. And for the Elonka family spam, it continues to exist and you know what, only the editor who wants those articles to stay in will keep suffering because of them. Thats all those articles will do, they will continue to cause trouble because everyone can see that its mostly unsourced family spam. In the end though eventually, they will be gone or reduced to RS and justice will be done. • ",0,0,0.18014155
"`   Pointing out which word is used less than others seems unnecessary. It's not a competition. Each should be a stand alone article, each should be linked to and from the ``discrediting tactic`` article, and each should have basically the exact same wording (if they exist at all).   Besides, it would be hard to prove which one is used less. People that hate Bush will hear ``Bushism`` more, people that hate Gore will hear ``goreism`` more. If we surveyed the Wikipedia family, I think we'd hear from our fair share of both groups. -jazz77`",0,1,0.18064408
"   Historical evidence for Pakhtun origin of Tanawalis now also know as Tanolis  I have given many sources for the Pakhtun origin theory. Also I have written a critical analysis of the various issues concerning the language, culture, history and relationships with fellow Pakhtun tribes of Tanawalis e.g. Jaduns, Dilazaks, Swatis etc. who all live adjacent to the Tanoli areas and have intermarried and share valleys, lands and language. Tanoli, Pakhli and Mansehra as well as Abbottabad's Orush valley are all territories that are similar in many ways and are central to the Hazara identity and culture. The references given by the Janjua theorist are definately fradaulent as this writer has consulted the original material and not found any references to Janjuas or raja Tanoli anywhere. The books by the twn Janjua writers, who do not belong to the great tanawali race but are northern Punjabis whose sources are dubious to say the least and who are trying to concoct a 'history' that has no historical foundation. Furthermore, the history of a people is determinded by it's own oral and written accounts. The ruling family of Tanawal do not list Raja Tanoli in their geneological table nor does he figure in their family accounts - are they wrong, deluded or should we accept their version of their own history which is consistent with those written by non-Tanawalis. abbasid accounts , for a very small minority of Tanolis, is more plausible than a Janjua 'history'. (Pakhtun Tanoli)",0,1,0.18073829
   Shenmue   you correct spelling mistakes huh!?  What about your name!? is it suppose to be Shenmue (video game) or just ShenmeP  ,0,1,0.18144092
"  that's not a personal attack...I didn't reference you personally...that's simply stating the truth.  You use numerous names, especially when your edits come under fire and/or you get suspended for vandalism.  I'm removing WEXPfest pending what Durin says about this. ...and I'm not trying to own the page, I'm simply making sure it remains a good, accurate article   ",0,1,0.18166289
   Is Deelishis gonna lose?   There is also a rummor that Deelishis may have lost. According to a comment she made on BET Black Carpent saying she was very single and that ir was a pleasure meeting Flavor Flav. check out http//www.vh1.com/interact/boards/main.jhtml/flavor_of_love_2/ViewThread?tID1143203&mID;5738093&offset;0&index;0,0,1,0.1817614
"   Dear Sir-  You have provided an even less credible source, and I begin to disbelieve your own credibility.  Again, I find no justification for your defense of the inclusion of erect male genatlia in this encyclopedia, and, frankly, having given you multiple opportunities to provide these proofs, and you having provided none, must only assign you to the category of hate mail.  I will closely watch your next post to me, should you desire to make one, and, I hope, you have something reasonable to say at that time.   Xchanter",0,0,0.18183427
"   TalkTreaty of Trianon  I do not think that three new users (Bardwell, Branston Pickle, Hunor-Koppany) are sockpuppets of HunTommy. HunTommy's English was not that good. But they are obviously behaving in collusion and the record of their edits indicates that it may be one person. If it is really a case of sockpuppetry, such a collusion on a talk page is definitely unfair and should be dealt with. It is a pity that the CheckUser procedure is so complicated. I am becoming fed up with the users without a clear and consistent identity (likes of HunTommy, who seems to change identity three times a year). I will be happy to support you if these guys choose the path of HunTommy, Enigma1, and Arpad. But I still hope this new user (or users) will remain reasonable and civil.  ",0,0,0.18186228
"  Indo-Greek Map  Hi PHG, could you please give me a list of sources (i.e. the books used) for your Indo-Greek map, as it stands I do think your map should remain though I would just like to see the sources for my self to make sure, the arguements used against it seem very weak with an ulterior motive (i.e. out of xenophobia and anti-European sentiment) Plus I don't think Narain should be considered as a reliable source in comparison with Tarn (Eurocentric? Oh come on, Europeans are generally apathetic towards each other), Busagali as he is Indian himself during an anti-colonial, xenophobic and patriotic era.",0,0,0.18213707
"   The page should be deleted   If this list is correct Milli Vanilli have sold 3 times as many records as The Beach Boys! To keep a certain level of seriousness and credibility at Wikipedia the list should be deleted. It is every researchers nightmare, and at best it only offends music fans slightly.    If this list is to work, all figures should come from only a few reliable sources like the RIAA. I'm looking forward to that, cause I could really use this list in my work.  Thomas Lorentzen",0,0,0.18213867
"   Wikiality!   To answer your question to me, Wikiality! If enough people say it's true, it's true! The foundation of Wikipedia! No actual experts, just a bunch of Dungeon and Dragon's misfits pretenting to run a real knowledge-base.   Wikiality! Wikiality! Wikiality! I was reading about it http//www.colbertnation.com ! -)",0,1,0.18220524
  List of articles repeatedly disrupted by Mattisse and her sockpuppet for investigation  tdb,0,0,0.18224294
"`  I am bringing predictable accusations of racism? Why do you say that ``the research of non-Roma is less reliable than that of Roma``? There are no reasons for this. This is your assumption for downgrading my presentation. Again, Y. Matras is the person who dismisses the other theory as ``Romani activism``, he puts himself in the non-Romani position (a veiled allusion to a better position, form his point of view?).  `",0,0,0.18239182
"`   Confusing?   Umm...it mentions in the article that to make more effective close range weaponry ``this was done by shortening the 8 mm Mauser cartridge to 33 mm and using a lighter bullet.``  ..last I checked, although I'm no gun expert, 8 mm was shorter than 33 mm.  If this is indeed accurate, it's worded somewhat poorly.  (new to wikipedia, just trying to help) JSto`",0,0,0.18243998
"    Kokhra and Kokhar   Shivraj, aside from the page disputes, I have a question for you which I believe you have the knowledge to answer, I hope you are professional enough to aid this endeavour.  I have read that a Suryavanshi clan of Kokhra's exist. Some Kokhars of Punjab are vehement in their claim that they are Rajputs and some claim to be Jatts. We know that Jatts have had dethroned Rajputs in their fold too. Is it possible that the Kokhra's and Kokhars are one and possibly the same?  ",0,1,0.18252473
"`RSimpson states here that ``Karate is not Japanese``. This is wrong to say. Anyway, it is wrong to say it in this black-and-white view. Of course karate has its roots in older Chinese martial arts, going back as far as the old Shaolin temple. Should it be said then that karate is Chinese??? Of course not. Karate IS a Japanese martial art, with roots in older Chinese martial arts. Japanese (actually Okinawan) masters of the 19th and early 20th century have changed the art into a new, modern fighting art, just as languages change, like Bihal writes French is a French language. French does have its roots in Italy (Latin), but it is not an Italian language! There's no doubt about that, so why doubt the fact that (the modern) karate is Japanese?     `",0,0,0.18253799
"  I know.  I mean billiard is used as a number only in French, German, etc.  Americans don't use -illiard. -  ",0,0,0.18262893
"  Hey Duk, what copyright bot do you use? Is it python wikipediabot?.  If so, would you care to tell me how the h@$% to install it on windows?  I have another wikipageunrelated to all of this, which I am trying to upload 1500 pics. Happy New Years.  ",0,2,0.18279874
"`   Clarification   * In 2002, Waterston and fellow Law & Order castmate Jerry Orbach were honored as ``Living Landmarks`` by the New York Landmarks Conservancy. This means that Sam Waterston is no longer at risk for being demolished to make way for a new CVS.  Do they mean their homes? I dont get the ``Sam Waterston is no longer at risk for being demolished to make way for a new CVS`` part. Couldn't Sam just step outta the way? P Someone help me out here.  ... and who cares where he stands on firearms? Thats his business, not ours.   `",0,0,0.18319982
"`   The Mahdi and ad-Dajjal section is off topic for this article  This section deals with events that precede the day of judgement and are outside the scope of the article, which is only a survey of the Muslim narrative of the Day of Judgement.      non-NPOV + inaccurate information   Regarding the piece of text ``Since most of those hadith are on the authority of Abu Huraira, most Shia dismiss them as a sad examples of what happens when all Sahaba are counted as trustworthy A clear breach in Tawhid, the belief that God is above its creation.``  Reasons for removal  * Abu Huraira is one of the most prolific muhaddithin and a source of many of the sahih hadith.   * The phrase ``most shia`` does not cite any authority or text and could therefore be completely fabricated. Not to mention that there are over a dozen subsects among the shi`a.  * ``sad examples of what happens`` <- that's a non-NPOV (non-Neutral Point Of View)  * See God as one sees the full moon or the sun in the sky. Or seeing part of God on the day of judgement is not a contradiction that God is above His (not ``its``) creatures in every respect.  `",0,0,0.18381539
"   This is the text about D. in 1911 Encyclopedia *DOBRUDJA (Bulgarian Dobritch, Rumanian Dobrogea), also written DOBRUDSCHA, and DOBRUJA, a region of south-eastern Europe, bounded on the north and west by the Danube, on the east by the Black Sea, and on the south by Bulgaria. Pop. (1900) 267,808; area, 6ooo sq. m. The strategic importance of this territory was recognized by the Romans, who defended it on the south by Trajans Wall, a double rampart, drawn from Constantza, on the Black Sea, to the Danube. In later times, it was utilized by Russians and Turks, as in the wars of 1828, 1854 and 1878, when it was finally wrested from Turkey. By the treaty of Berlin, in 1878, the Russians rewarded their Rumanian allies with this land of mountains, fens and barren steppes, peopled by Turks, Bulgarians, Tatars, Jews and other aliens; while, to add to the indignation of Rumania, they annexed instead the fertile country of Bessarabia, largely inhabited by Rumans. After 1880, however, the steady decrease of aliens, and,the development of the Black Sea ports, rendered the Dobrudja a source of prosperity to Rumania.",0,1,0.18403985
"  Alniko (KALM new id)   Hi Woohookitty, Thanks for the help exerted to stop the vandalism in the pages of  Thiruvananthapuram, Kochi and Kerala. But now he has created a new id KALM and started the same job again, mocking all of us. Can you please do some thing to stop this.   Sathyalal  Talk to Sathya ",0,0,0.18423557
"`   References to Kissinger's depopulation plans   Since it looks like the character assassination here will to continue, below is material to support the depopulation statements clearly wrongly referred to as ``claims`` and wrongly attributed to Dr. Kilde as if they were something she made up herself. (More information about Kissinger's and others' mindless statements can easily be found.)  1. http//www.rense.com/general59/kissingereugenics.htm  2. http//www.scribd.com/doc/30342204/Depopulation-Quotes  3. http//www.scribd.com/doc/34181013/Social-Contract-National-Security-Study-Memorandum-200-by-Stephen-Mumford  4. http//avidpdf.com/viewer?urlhttp//www.thesouthernpartisan.com/wp-content/uploads/2011/02/A95.1-ARCHIVEGenocideThePoor-7p.pdf  5. http//www.sovereignindependent.com/?p2574 - http//nixon.archives.gov/virtuallibrary/documents/nssm/nssm_200.pdf  6. http//www.buergerwelle.de/pdf/kissingers_population_control_agenda_in_action.html  `",1,0,0.18542641
"`   Novia del Pacífico   The accurate translation of ``novia del pacífico`` to english would be ``ocean's bride`` not ``sweethart``. Besides that, some mention should be made to the recent butane pipe accident that occurred this year and damaged the city's most traditional area. `",0,0,0.18562265
"      first off, when you delete someones article for personal attacks, clarify. Secondy, there was no personal attacks on anyone in the article, it was done with full consent.                              ",0,1,0.1857793
"`  Eradication of unusual pathogens by combination pharmacological therapy is paralleled by improvement of signs and symptoms of chronic prostatitis syndrome. Magri V, Trinchieri A, Ceriani I, Marras E, Perletti G.  Arch Ital Urol Androl. 2007 Jun;79(2)93-8. ``Long-term improvement of signs and symptoms of prostatitis indicates that combination therapy is beneficial for symptomatic patients showing evidence of infection by unusual pathogens at the prostatic level. Our data support the hypothesis that organisms other than the traditionally recognized uropathogens may play a role in the onset of prostatitis.``     This continues to show why this editor should be banned from making any edits to this page. He says I (and other agreeing editors, by implication) am wrong to exclude bacterial theories for Chronic Pelvic Pain Synbdrome (CPPS), also known ironically as chronic abacterial prostatitis (yes, that's ABACTERIAL or non-bacterial), and then, to prove I am wrong, he cites a study that looks at men with chronic BACTERIAL prostatitis, a wholly different entity. I quote from the study's abstract ``We performed a comparative analysis of microbiological and clinical responses to combination therapy in 104 symptomatic patients showing evidence of infection by traditional uropathogens (TU) or by unusual pathogens (UP) at the prostatic level.`` These are not CPPS patients, as anyone with a scintilla of medical knowledge would immediately realize. The article already has a very good section covering chronic BACTERIAL prostatitis, so this is simply a ridiculous and wrong-headed attempt to disrupt this page.  `",0,1,0.18624699
"   reEdit warring   First off i am well aware of policy, buat as is the case with you self any most admins, you fail to to eith have done your reasearch fully or to find out exactly what is going on, but instead have decided to inject the defacto and unwritten policy of appeasment, which for an encyclopedia is unacceptable. As for the useres action, i do take them as vandalism under the provisons of Childish vandalism, in thathis edits only are ment to remove articles from categories thus blanking them, and Attention-seeking vandalism, in orrder to seek to bring attention by other pov warriors to join his side, as well as Redirect vandalism. The user has now since decided to edit under an anon   • , in which he has nw used edit summries to to justfiy his vandalism, all of which i have reverted. Now i see the missresprsenting and addation of misleading information in lue of the facts that have been presented to the user to be vandalism, theirfor i will treat them as vandalism, and if you see fit to blcok me then so be it, but be sure that after the block has expired, if that it is still misleading and misrepreseative, i will change it agian. I am not here to make friends or to have wikilove or be part of theis community experiment that you downplay, i am here to present information.  |  ",1,0,0.18728791
   Dougbiznatch again!   Hey I'm back. Gonna vandalize all day and no one can stop me! As you can tell I can't be stopped by banning. I'll be seeing alo tof you and the rest of the blacklisted admins for the next couple of weeks P   Dougbiznatch,1,1,0.18742584
"   Malathion!   I beg unto thou, by the River of Babylon, that thee, by thy grace boundless, reinstitute me.   ROBERT D. ÞORNSSON",0,1,0.18793622
  The fact that the Mesilas Yesharim was lauded by the Vilna Gaon is not irrelevant. It is the reason why it is considered the preeminent Mussar sefer in Lithuanian Yeshivos.  Calling the Yeshiva ancient implies that it is outdated. That is simply an anti-Orthodox opinion. Are Lithuanian yeshivos the most active? It is debatable.,0,1,0.18823646
`  I found that you disregared my notice. DO NOT Revert to Copyvio on this page. You and others on this service seem to be motivated by misguided zealousness in ferreting out ``violations`` whether they exist or not. There is nothing to ``resolve`` on this article. LEAVE IT ALONE! `,0,0,0.18861677
    lol i guess ... but screamin chris is easier ] u need 2 join disz game called gaiaonline.com && PM me one yooh do my UN is `HONEYDiiP,0,1,0.18873592
"  CQ loves community... Sunray values community... Joe Curmudgeon hates community...  humm, a personalizable button. Or we could find something that does it for everyone.  Naw.  Impossible.  Wait, the next thing in buttons!  Must be dreaming.  ",0,0,0.1887833
"`   Argan bargain   I see that you removed the speedy tag from this page, so I'll ask you reconsider.  I added a link to argan on the page and it seems to me that, given what argan means, the definition is suspect.  It's an African plant and therefore the explanation of the source of the phrase makes very little sense.  It's your call, but I think the whole thing is an invention.   I removed the speedy tag because it doesn't seem to fit the speedy criteria.  A hoax is not speediable. —  `",0,0,0.18883587
   I'm so sorry.   I thought that Luna and I had something and I just blew up when i realized he on purposely did not respond. ,0,0,0.18952091
"   , GAY! Ha   I thought the same thing, He might be. this made my day, hahaha!      | E-M  052220, 2005-09-11 (UTC) (this user is Homophobic)",1,2,0.18968931
"`      Your user name or IP address has been blocked from editing. You were blocked by Can't sleep, clown will eat me for the following reason (see our blocking policy) Autoblocked because your IP address has been recently used by ``Tedchen``. The reason given for Tedchen's block is ``vandalism account, personal attacks deleted``.  Your IP address is 71.240.34.146.`",0,0,0.19010991
"`   General Consensus?  I understand this may fly in the face of what the majority of people working on this site attempt to accomplish, but does nobody else feel that a ``general (current scientific) consensus`` section describing the majority of experts' views on the subject would be helpful? I doubt that most people are looking up dieting just to find out what it is. They're looking for unbiased information not being sold to them in a book or movie series with a meal plan. I don't think it could be considered giving dangerous medical advice to, for instance, state (i don't know if this is true or not) that there is widespread scientific consensus that a light diet consisting primarily of leafy vegetables and small portions of meat, starch, and fat is good for health. And possibly have a statement lead into a sort of suggested diet (this doesn't have to be so overt that anyone could be accused of telling someone the right ``answer`` to the question.) I think it's really silly and uninformative to have a page that's essentially just a list of possible ways to misguide oneself, without any real attempt at discussing whether the atlatl-hunted diet is any more benificial than the Slim-Fast one.  `",0,0,0.1902811
" If you check the page, I have added legit sources proving that al-Khwarizmi is an Arab,  wasn't too fond of my tangible proofs, so he kept deleting when I put in the fact that he was an Arab, instead of keeping it ambiguos and implying he's Persian in the categories secition.  ",0,1,0.19119732
"user zora, i have no interest in hearing what user moshe has to say, the best way to deal with people like her is to ignore them. Now once again you have reverted eminent to distinguished even after agreement. Because of this, like i said before there is no more discussion here, we already came to an agreement, and the word eminent stays, if bridesmill and moshe don't like that that's their problem. Furthermore moshe i have repeatedly asked you to cooperate, again i have no hate for you and do not want to engage in a war here, but i will not let you vandalize it either. like we talk about it before why can't you just be like the russian-jewish sweet girl i had? lol), same goes for bridesmill ).    ",0,0,0.19130805
 I have yet to see one case of a Rajastani take on the Punjabi Rajas and defeat them. Considering that many a Punjabi Raja has militarily aided many a defeat against you guys historically. Kinda leaves your last extremist poem flat doesn't it? - Raja,0,0,0.19227715
"` See, thats funny. Mine photo had recognizable Jews who deserve to be there, but it was knocked out because ``there were no woman``. Know Wasserman or whatever uses my argument (``not recognizable people``) against Metzenbergs image. This photo is deffinutly to politicized, no enough real contributors (Writers, Composers, Scientists, Philosophers-and real ones, not cheap demogogs). You all judge by gender and by political views and not by real contribution and recognazation. You want to get woman in the photo, even if they dont deserve it and you put out those who really deserve it. Our people maybe has many great smart people, but from here i can see that unfortunately we've got much more not-smurt once. M.V.E.i. `",0,0,0.19258817
"` Bias   The ``article`` is very subjective, eg ``high quality``, and is therefore biased.  `",0,0,0.19355568
"Hello there, *1) Your dim comprehension of WPSELF is to blame. The intention of WPSELF is to prevent Wikipedia articles from citing each other as verifiable sources. Verifiability should always go back to the source, and never otherwise. See discussion there for further edification. It has nothing to do with Wikipedia related-incidents occuring within articles.  *2) This was a relatively major occurence to Meehan and went to the larger issue of Congressional Staffer Edits. Press coverage should be proof enough. *Shrug*. Sorry its not, for you. *3) You've just repeated yourself in order to inflate your position. Please reread above item. *4) You've not only repeated yourself for a third time, but you've ignored the hundreds of press articles—each representing vast blocks of people who do care.  Your rant is completely unintelligible. The section in question is not a schizophrenic chronology of Meehan's toothpaste usage, as you'd like us to believe. It was a major press event that Meehan himself felt significant enough to release a press statement on. Had his staff broke into the New York Times and made these revisions, we wouldn't be having this conversation.  It all comes down to your misapplication of WPSELF. Expect my presence at Norm Coleman soon.   ",0,0,0.19383442
"   Most of Ancient macedon is within the boarders of Greece, not Fyrom, Fyrom only contains less than 20% of Ancient macedon, Greece holds the bulk of the old land.  Weird naming your nation after a Greece race that used to own only 18% of your current land.",0,0,0.19406554
"`  As somewhat of an aside perhaps, don't get me wrong...I fully support the axiom that an immigrant to a Jewish community should become a part of that community, adopting its minhagim as his own.  This is the ruling according to Beth Yosef.  So, when Ashkenazim have settled there, they should have become an integral part of the Bukharan community, as Bukharans.  (The real ``aside`` is the egregious nature of the establishment of the Rishon LeTziyon ``Ashkenazic Chief Rabbi`` ba'aretz, in contravention of halakha.)  The reason I ask is because there seems to be a concentration on these individuals with apparently Russified names, if not originally Ashkenazim themselves, and the ``native Bukharans`` apparently warrant no mention.  Did the Russian Jews that seriously dominate the locals, economically, or did the Bukharans Russify their surnames in order to ingratiate themselves to their Russian domineers?  That is the question I'm asking.   `",0,1,0.19410624
" The kaikolartitle was spoiled by lot of other communities who are not related to mudaliyars,The mudaliyar title itself is belong to kaikola mudali or senguntha mudali,the devadasi community is isaivellalar they are also saying they are mudaliyar's.If you want more details of kaikola sengunthar history please contact sengunthar@rediffmail.com .It is the sengunthar community.the reference showed to prove kaikolars are devadasis are translated by a certain community to spoil the kaikola mudali reputation,Kaikolar is the tamil word meaning weaver,the weaveing job was done by lot of communities like palkar or sourastra and andhra weavers they are all say themself as kaikolar in tamil.the devadasi community is isaivellar not senguntha mudaliar.",0,1,0.19412485
"` Actually, I wouldn't mind merging this page with Coelophysis, partly because the whole underhanded sabotage of the name, and Raath's subsequent push to sink these species into Coelophysis. My only concern is that, I think a few refs had placed ''M. kayentakatae`` in its own genus, which could confuse the situation if we merge it before a new genus is named.  `",0,0,0.19417824
" 2nd lever warning  Stop taking back the facts, which you do not know ahout, nobody is removing anything, except what is wrong, grow up Since you are wrong on Stalin and few other things, I'd like to stay in touch with you, since you are an aministrator, so we can talk abotu other prorblems, once I get back,  I would like one administrator to take care of my postings and other vandals... But let me remind you, this is  a free site, so if I do not post something as beautiful as million dollar baby, be gratefull anyways... and that GOES FOR THE REST OF TIME - WASTERS!",0,1,0.1944381
Hey guys I think crashbandicoot and pasadena opossum should and have kids named crashbandicoot JR. pasadena opossum jr that kinda if and coco and n.gin had kids.even crunch and twawa had kids,0,1,0.19483532
"`This is a very good summary. Also, this talk page was protected by Tony Sidaway, which is very wrong, but very predictable (and the atmosphere is such that I dare not unprotect this page myself). Add my voice to those of the ``trolls`` requesting that Anittas be unbanned.    `",0,0,0.19513543
"`  Mr. Connonlley...if you take a look at Afghanistan's article....this  is now reverting over and over my work again...I am getting very frustrated. He/She even reverts when I simply add a weblink to the article. I removed an old ``1985`` unverifiable communist era map showing ethnics of Afghanistan, replaced it with a latest one..he then removes it and replaces the old 1985 map again. I don't think this is fair...he is seriously damaging Afghanistan's article. Please do something about , I believe he has some serious problem with people from other Ethnics or something. Thank You!  `",0,0,0.19572106
"15, 21 February 2007 (UTC)   Well I guess that's life on wikipedia ,arbcom members can make allegations without proof and then claim that the proof is in the pudding ! Since you are not going to give any proof let me request you not to attack people who opposed your candidacy to the arbcom.   Apparently the voting hurt you a lot for you to be making unsubstantiated allegations months after the incident. You were asked specific questions then and refused to answer them, and now have come out with questions which were addressed back there, cannot give any proof about statements you are making, and talk about puddings when asked for proof.( banana's, puddings- seems to be a food fetish, wonder what Freud would make out of this). Get on with life , getting a longer tenure on the arbcom might have been your ambition but allegations and specualtion over a user's religion and nationality ( and one who opposed you in the arbcom) will not help you .  08",0,0,0.19627462
"   Hi, Hitler! ... I have a Primary source and you always dont want reconoce that... Why?..vandalism ., ok....  Moi ",1,0,0.19629991
  This page is getting repeatedly changed by Bhramins( upper castes) who have an ulterior motive in covering up the opression of lower castes. I have reversed the anti quota POV and pro Bhramin POV from modern developments ,0,1,0.19692867
"   Contradiction?   In the article it says that the corpse was one homeless Glyndwr Michael, but at the linked site about his grave it says that he was indeed a British major called Glyndwr Martin. Could anyone clarify that?",0,1,0.19816083
"  To E4  Yes, GR  is only a theory of gravity.  When I was an undergrad in  Physics it was just simply casually mentioned to us right in the classroom that GR  is only a theory of gravity. - It puts things into perspective.  - Stephan Hawking even states it in at least two of his popular books, that GR is only a theory of gravity, I emailed you the pages. - Fock and Keswani state it formally.   Stephan Hawking, V. Fock, and H.G. Keswani all published this for a reason, it puts everything into proper perspective.  It is extremely important that it be on the Poincare page here, to put Poincare into his rightful proper historical perspective.  Please remove that ridiculous red tag, nothing justifies it.  ",0,1,0.1983319
   David Roati   you want my page deleted?  http//en.wikipedia.org/wiki/David_Roati   ,0,0,0.19849047
"  Thank you for your input. The blog quoted is very poorly written, illiterate, incoherent, and not in any way notable. I would not dream of censoring this article (although I was accused of doing so) if there was genuine, notable criticism of Orlowski to be added. I removed the above comment since it is not worthy of inclusion. By the way, could you sign on talk pages?    ",0,0,0.19886576
"`   Spanish Civil War  ``It should be noted that some historians place the beginning of the Cold War as far back as 1937, when Joseph Stalin attempted to gain control of Spain``  Sounds really bizarre. First, the Spanish Civil War started in 1936; secondly, Stalin measured his support to the loyalist Republicans, since he did not want to upset his relations with Germany and Italy in the context of the non-agression pact. Stating, as a fact, that ``Joseph Stalin attempted to gain control of Spain``, is really bold.  `",0,0,0.19964634
"`   Will McWhinney, Jr.   hi there!!! I'll post this here for your perusal and maybe we can get this puppy up on the board, eh? alrighty then!!!!  ''William ``Will`` McWhinney is a community activist.  McWhinney is a member of the Sierra Club, winning a 2002 award from the group as liason within the LGBT communtiy. He is alifelong Californian, and son of author, psychologist, and mediator Will McWhinney, of Venice California.  In 2004 he was involved in a power struggle within his local Sierra club chapter. A group of Immigration reformers sought seats on the group's steering committee, via elections. The battle has proved to be a nasty one, and has been joined by the Southern Poverty Law Center, and the Anti-Defamation League  McWhinney also serves as the Sierra Club Outings committee chair.  References *Science monitor article *club outings Angeles chapter quote *Weekly piece  Links *Chapter of Sierra club website *Immigration Forum              `",0,1,0.1998007
"`  ``Underdeveloped`` in that you would like it to include more anti-Cubic propaganda, Cheradenine? Maybe you should actually disprove Time Cube, if it is so patently false.`",0,0,0.20092303
   You are trying to say that Ordu was an Armenian city before the Turks killed all the Armenians? Am I correct? And your only source for this is an Armenian poet and J.M. Winters who quotes that Armenian directly. Am I correct on that as well?,0,0,0.2016928
You hit the nail on the head with that statement FisherQueen. ) .  ,0,1,0.20175679
"Thats funy YOU, an Estonin used this phrase, because if theres anyone repeating lies beliving it will become truth, its the Estonians. M.V.E.i.   ",0,1,0.20188433
"`  If your edit history is any indicator, by ``condense`` you mean destroy information without discussion or just reason, in order to make the article conform with a radically apologetic POV. Just now you have declared your intentions to remove any quotions from the works of any Muslim religious scholars, so-called ``sheiks.`` Your justification? That the entry on Jihad in Microsofts Encarta's free online edition does contain ``citations from sheiks.`` It's an outrage that you are able to do such things on the wikipedia project. Pename   `",0,0,0.20290019
"  You are wrong my friend. As anyone can see the first and the second as well as the third edit were not the same. I put new information, because you are the one who keeps deleting sourced parts. So I ask admin to block Osli, for nationalistic actions, removing international sources (ICTY judgement) in order to minimize genocide commited by Serbs in Srebrenica. Regards.  ",0,0,0.20310855
"  sabu is from BOMBAY,INDIA!didn't u read his ecw profile on wwe.com?but if u hav it as american,ur rong,and i changed it to bombay,india.userdark-hooded smoker  ",0,1,0.20315091
"`  Howdy rob,  You wrote above,  I disagree with your interpretation.  Fine, the Dominion of Canada, is a free country.  The ``footnote`` was not the basis of my arguement.   Constitutional Law does not afford the retroactive re-naming of terms within a Constitutional Act.   Each term that is repelled must be specifically indicated.  Each Clause that is replaced, must be explicitly indicated.   Your grasp of Constitution Law and procedures is complete ill-informed.  Do you have any idea the Constitutional Chaos that would be created in any present day independent country, that has used as a basis English Common-Law as a template? (i.e., the USA, Canada, Australia, New Zealand)  Do you?   As well, where the **** did you learn that ``Canada had no Constitution until 1982?``  Oi.     `",0,0,0.20327348
"   My heart bleeds  BOO HOO, this is me playing the world's smallest violin playing the world's saddest song, just for you.  ",1,1,0.20380886
"`01 I asked Hauke, which is a friend of mine and did some minor edits in WP, to register. So he did   2006-07-02 1756 Hauke asks on WPRFPP that the semi protection of my user page may be reviewed.   2006-07-02 2333 Voice_of_All comments this with ``Au no``   2006-07-02 2337 pschemp blocks Hauke  and acuses him of being a sock puppet of Tobias Conradi   2006-07-`",0,1,0.20381458
"  August Solution re Kaas/Pacelli  Today Im suggesting to good ol' Str that we can rsolve all inter-related issues re Kaas(Pacelli , Hitler)  thru Hitler's Pope receiving all the controversy re the quid pro quo  arranged . The these ecclesiastics look a bit  better . Trade off is , a seelasolink from these clean pages , to the  accusations under Hitler's Pope . That's gotta be reasonable ? ",0,1,0.2040091
"`, 10 April 2007 (UTC)   Say whatever you want BUT Arvanites were Albanians. Your comments are influenced by fascism. Don`t want to offend you but this is how I see it. Example Domitius says to a Serb Don't you think on some level that it may be best if it's accepted? It will solve the issue once and for all. The ``cancer of Kosovo`` will at last be gone and Serbia will have learned its lesson; in future do what the Greeks and Turks do encourage ethnic Greeks and Turks respectively to move to ethnically sensitive territories, in other words encourage ethnic Serbs to move to the Sandžak along the border with Bosnia, to Vojvodina along the border with Hungary etc, just to be on the safe side in future. Is it still too late for the government to sponsor a mass Serb migration to the Serb areas of Kosovo to boost the population by several thousand?Domitius  1819`",0,1,0.20505051
"  Personal Attacks Since I need to point it out, here be the obvious.  It is not a personal attack on Mr Wales in any way and/or form. It is just a mere reference to my idol's famous incident.",0,1,0.20526451
"The healing factor allows his strength to be pushed beyond the limits of the human body, without injury, enabling a degree of superhuman strength.Wolverine vol.2 #1 This is augmented by the constant demand placed on his muscles by over one hundred pounds(45.5 kilos) of adamantium.Wolverine vol.2 #57 Additionally, the adamantium removes his skeletal structural limitations, allowing him to lift an amount of weight that would damage a human skeleton.Official Handbook to the Marvel Universe Wolverine 2004 vol.1 #1. He has been depicted being strong enough to break steel chainsUncanny X-Men vol. 1 #111 and being able to lift a dozen men above his head with one arm and throw them through a wall.Wolverine vol.2 #1",0,1,0.20552649
"  Piotrus, please do not assign any motives to me. I saw the report frivolous and I said so. Then I saw the reaction which would have further escalated the conflict. You know the rest and I will discuss it elsewhere.  It was not the first time the boards were used to achieve the block of your opponent. This was just another instance. No personal attack took place to warrant a report.   Then we got a well-meaning but clueless onlooker acting on the unwarranted report and... Well, I said it all at WPPAIN but that a side matter for our dispute which I will take at ANI.   As for hour matter, I repeatedly told you one and only thing. The problem between you and Ghirla is very similar to the problem between M.K. and Halibutt, the irreconsilable differences of the world views that breed the content disputes. That you try to gain the upper hand in such disputes by presenting your opponent as a troll and trying to get him blocked is reprehencible. I said so before and I will repeat that any time. There are no horrific incivillities to warrant any formal action. These are only content disputes no matter how you try to present it as behavioral ones. Please reread my summary at Halibutt's RfC to this matter.  Now, what happened here is a whole different matter to which you have no relation. I will try to get to the bottom of it, though.  ",0,0,0.20590618
   Plot   I'm curious as to why that bit is there from the Illuminati.  Didn't what Iron Man said happen with the New Warriors.  He was saying that some team was going to cause the SHRA to go forward cause they screw up and wouldn't that have been the New Warriors and not the Runaways or Young Avengers.,0,1,0.20618378
 Hello I am the one known as the vandal person...you may call me kanden7 pf from now on. I see you mean business ronbo ). Don't you think putting me on that page with the Mega vandals is a bit extreme???,0,0,0.20654331
"`   hey there cyde.   since YOU request it, i'll take the rest of the day off.  My original plan was to impeach every person that voted to delete with a reason that demonstrated they hadn't even read the article.  I have poured my brand of fire and brimstone, and been pretty gentle about it, i think, considering whats going on.  maybe by tomorrow, we can have >>who has what agenda<< figured out well enough that you will have a team ``mentor`` to hang with, and follow the lead of, and chat with. Nescio has been snubbing me. Probably because i come on like a dragon and don't let go. That might solve both of our main problems right there. Until then, the real problem here is that nobody answered our plea for help over abuse, and now, a mob has been constructed to have a republican book burning.  You were right to close the second afd the first time, and any fair review of this process would beforced to conclude that the side that cheated at that moment blew its claim to consensus process, and lost its right thereby to have a vfd. By the way, i like these little tags that strotha gets to place on me after he attacks me and i defend myself. Where were those tags when blue goose accused nescio of a bad faith rfc at the opening of the second vfd?  Systemic bias. It ain't pretty.`",0,1,0.20699595
"`  * That the former president of Hallmark Brands USA is the current president of Carlton Cards is not speculation.  * That the founding president of The Hallmark Channel is the current director of The Hatchery is not speculation.  * That Hallmark now makes all Disney greeting cards is not speculation (Gibson has been sliced up like a piece of meat between American Greetings and Hallmark).  * That the flagship American Greetings Carlton Store at Chicago's Merchandise Mart recently closed without notification and was replaced by a Hallmark Gold Crown Store is not speculation.  * That American Greetings and Hallmark promote Sweetest Day using nearly identical verisimilitudes is not speculation.  * That American Greetings and Hallmark are blocking nearly every patented new greeting card concept from the market is not speculation.  ``All things being equal, American Greetings and Hallmark Cards are a Monopoly.``  `",0,1,0.20721963
"Cabalist team of sysops/users undermines WP’s reliability  promoting Greek nationalistic POV  A well collaborated group of 3 WP sysops and 8 WP users has been spotted working systematically in full daily basis to promote ultra natioanalistic Greek POV. They intervene in any related  new articles, make Greek POV edits, edit wars, reverts, deletions, block users, merges and redirects. Their main target is political articles about Rebublic of Macedonia, Turkey, Bulgaria, Albania, their minorities in Greece and Greek history.   Khoikhoi (sysop) and Future Perfect at Sunrise (sysop)  recently deleted article Voden inscription, and protected articles as Minorities in Greece and Bulgarian Human Rights in Macedonia. They also redirected new articles as  Bulgarian minority in Greece to Minorities of Greece, Bulgarians in Greece to Minorities in Greece and Tarlis incident  to Treaty of Sevres without warning and discussion.   All  redirects don’t  allow traces . Practically this action is equivalent to speady deletion because redirected articles are not included to target articles and  prevents recreating them under same name.  List of abusers  involved   * (sysop,) He has been recently probated and unprobated *  (sysop)   *  (sysop) *  *  *   *   *   *  *   *   Some of them are suspected employees of Greek National Intelligence Service (E.Y.Π.). Other are suspected  members of ultra natioanalistic organizations of Greek interests.  The situation has become unacceptible. Chek their  “contributions” and act  properly.    ",0,0,0.20730223
"`    June 2007   Please stop. If you continue to vandalize Wikipedia, as you did to Jean Tigana, you will be blocked from editing.   BlastOButter42     If this is a shared IP address, and you didn't make any unconstructive edits, consider creating an account for yourself so you can avoid further irrelevant warnings.`",0,0,0.20808348
Hi I'm Armytouche. I love Wikipedia so I decided to join. It's Fantastic. But I hate JamesBWatson. Bobba you for banning Macy emerald.,1,2,0.20833917
"   Please stop your personal attacks   Please stop your personal attacks, User Antaeus Feldspar.   ",0,0,0.20840354
  As a lifeguard I concur that burning of the eyes is not attributed by chlorine and does come from pH. Lifeguard Jadan Notarangelo http//www.waterandhealth.org/healthy_pools/healthy_pools_faq.html#6 ,0,1,0.20939335
"` Oh God, and I had a ``minor quibble`` too, and just look at those names, real blasts from the past, Emsworth is still ``sort of`` about at least, I often wondered about his age though, just as Mrs G seems to have been 36 for some years now, Emsworth is 17, well if that's true that boy should go far.  More to the point how long before The Cantos is on the block?  Can't someome stop this madness somehow?  Fil should never have placed it here, but published it and made a fortune - and he could have done too! - that work of art should not be allowed to decline............ `",0,0,0.20946652
"  He mentioned to Hybrid that he kept getting autoblocked when he used his ordinary name and Hybrid and Yandman seemed to understand that. Insteado of giving him proper and advice, they agreed to not telling anyone until they both found a problem with the user. I see the abusive edits were made a month ago and he was finished with his ban. But if you're blocking him for sockpuppeting anyway, you might as well block your friends Yandman and Hybrid since they were in on it. They only told you because they had a disagreement which did not warrant a ban. Lonelyboy and them were arguing about christianity. Lonelyboy was already banned because Hybrid and Yandman and him recognize it in their disputes if you were paying attention  ",0,0,0.20978537
"   Guile's glitch section   *I think this section should be removed.  Wikipedia is not an indiscriminate collection of information, and these bugs are hardly relevant since the original SF2 is over 15 years old at this point.  You can find this kind of thing at game-related sites like GameFAQs.  ",0,0,0.21062814
"  Glitter lamp   Welcome to Wikipedia! We welcome your help to create new content, but your recent additions (such as Glitter lamp) are considered nonsense. Please refrain from creating nonsense articles. If you want to test things out, edit the sandbox instead. Take a look at the welcome page if you would like to learn more about contributing to our encyclopedia.   ",0,1,0.21091253
"    Don't delete! This is a really useful page - admitedly the name Crowdfunding could be described as crowdsourced financing, or group financing or another name, but deleting is like throwing out the baby with bath water..",0,2,0.21093011
"   If you would click on the photo you would know that it was taken January 10th.  There is a strong chance that he was under the influence of marijuana as he seemed kind of out it, which would explain the expression on his face.   ",0,1,0.21126252
"`  Bishonen, I look forward to your opinion when you get a chance.  You asked why I ``logged out``.  I'm sorry, I don't know what that means.  BTW, if you would ever like to email me to discuss this, I'd be happy to hear from you jimheller@shaw.ca   Andries, I wouldn't dream of editting this article as long as Jossi is free to edit it.   Jossi, Anyone reading this page can see that you started the ad hominem attacks with your reference to MadGregor's affidavit and the nasty quotes therein.  Beyond that, you've ridiculed my reading and thinking skills just because I've stated the obvious.  My responses to you have been a mere glimpse of my real feelings. If what I've said has been abusive, what you've said about me, other ex-premies and, perhaps most importantly, the truth, is far worse.  `",0,0,0.21126263
YOU HAVE BEEN BANNED BY WIKZILLA YOU TROLLISH BOOB YOU HAVE BEEN BANNED BY WIKZILLA YOU TROLLISH BOOB YOU HAVE BEEN BANNED BY WIKZILLA YOU TROLLISH BOOB YOU HAVE BEEN BANNED BY WIKZILLA YOU TROLLISH BOOB YOU HAVE BEEN BANNED BY WIKZILLA YOU TROLLISH BOOB YOU HAVE BEEN BANNED BY WIKZILLA YOU TROLLISH BOOB YOU HAVE BEEN BANNED BY WIKZILLA YOU TROLLISH BOOB YOU HAVE BEEN BANNED BY WIKZILLA YOU TROLLISH BOOB ,1,1,0.21158178
"`  Yes, you have.  You have removed statements made by sheriffs' officials who worked on the Kupcinet case for a long time.  You dismissed what they said as ``gossip.``  How do you know what was part of their investigation and what wasn't ?  Not only have you threatened to suspend me, you actually did it once.  YOU should be suspended.  WP policy says you can't twist something that is attributed to a source.  The sheriffs' statements about a possible death by accidental fall are sourced. They come from an official investigation, not gossip.  Rather than discuss your other violations, I will close by saying I added some of my side of the story to the page of Krakoa Katie, who banned me once before at your request.  Now I have a voice.  You can't stifle it.  The arbitrators are going to hear my side of the story.  In the meantime, leave Karyn Kupcinet alone.   `",0,0,0.2118836
"`  What???!!! What? Has reason finally prevailed???? I proceeded to edit the Rand piece as promised just supra , lo and behold, LaVey had been subject to a waylay. He's no longer in the ``influenced`` box. What happened? Who did the dirty job? Why? Again, I'm obssessed with reasoned discourse. AOluwatoyin`",0,0,0.21250567
"  How come i have seen many useless articles about things here, i think Teeterdil is a good game and is definetely more of a useful artilcle than a lot of others.   Btw, i like what wiki has done, its amazing, i just want to contribute my knowlege and life's passion",0,2,0.2125756
"`  And, no.  Matted locks are not the same as dreadlocks.  Read the definition.  They must be ``ropy.``  Hair stuck together in random, globular or flatted mats (say, with wadded chewing gum or spittal) is not dreadlocks.  Again, no documentation whatsoever has been provided to substantiate the claim that the Aztecs wore dreads.  `",0,1,0.21338435
"ATTENTION! The bottom content of this page was changed recently in such a way, that it is impossible to see in it's history list of true users and their names who have written on my user talk page. For example, yesterday I've seen the signature of administrator Jersey Devil, who blocked me fro 31 hour giving advice, that wikipedia is not a collection of articles containing lists, but today I've found only John's Dunning signature instead the Jersey Devil's, who changed my text of article Red army crimes in Lithuania into the shape of facts list. Plus, it was explained for me that administrators name took origin from some ice hockey team names. This seems to be foolishment making hints about hacking!    ",0,0,0.21364531
Genre They're not metal. They're more of post-hardcore/screamo. How can they be called Christian Metalcore?  ,0,1,0.21394245
"   I've also looked at Shervink's sources and I find them all to be either biased, inaplicable, or unreliable. In my opinion Shervink is advocating a minority viewpoint. Perhaps he should express within the article and note it as such, but clearly it is not reasonable to expect this view to be represented equally with generally accepted facts.  I feel that this is mostly a well written and informative article and that this whole coup or counter coup thing is pointless. These events are accepted by most sources to have been a coup. What this means is that Mossadeq is accepted to have been the leader of Iran at the time in question, and to have been deposed. The phrase counter-coup implies that Mossadeq deposed the Shah first, which according to the ample scholarship cited in this article, is not what happened.  It is of course possible that the concensus of scholarship on this issue is in error, but those who beleive this to be the case are by definition, holders of minority viewpoints.  That said, I do think Shervink's views are interesting and should be included (and noted as a minority viewpoint) in the article. This issue is generally seen as the west vs. Iran with the shah on the side of the west. A point of view more sympathetic to the monarchy is rarely heard.  Itsafarce",0,1,0.2145942
  Pretty humorous comment from someone who promotes the far-leftist blog Daily Kos on his user page ,0,1,0.21464987
  Blocked Ollieplatt has been blocked for 24 hours for violating the 3 RR rule on Democratic Underground in just over an hour.  Note that three different Users have felt the need to revert his massive deletions.  Note also that two separate sysops have blocked him for this violation.   ,0,0,0.2159221
"`  That is true, Wikipedia is not a vehicle for propaganda.  How is providing an image of a flag and saying that ``The Vergina Sun is a symbol hotly disputed among Greeks and Macedonian`` propagandist, and why did you remove this content?     `",0,0,0.21611498
  WikipediaVotes for deletion/Masjid e Tooba Stop attacking the motives of VfD nominators.  I am going to start deleting them.  It's getting out of hand.   ,0,0,0.21651386
"  More good information  *The Physicians’ Ad Hoc Coalition for Truth (PHACT)  a group of over 600 physician-specialists (mostly in obstetrics, perinatology, and related disciplines)  has spoken out to dispute claims that some women need partial-birth abortions to avoid serious physical injury.   PHACT said  “We, and many other doctors across the United States, regularly treat women whose unborn children suffer these and other serious conditions.  Never is the partial-birth procedure medically indicated.  Rather, such infants are regularly and safely delivered live, vaginally, with no threat to the mother's health or fertility.”  In September, 1996, former Surgeon General C. Everett Koop and other PHACT members said that “partial-birth abortion is never medically necessary to protect a mother's health or her future fertility.  On the contrary, this procedure can pose a significant threat to both.” *In May, 1997, the Partial-Birth Abortion Ban Act (then H.R. 1122) was endorsed by the American Medical Association.  In a letter to Senator Rick Santorum (R-Pa.), AMA Executive Vice President P. John Seward, M.D., wrote, “Thank you for the opportunity to work with you towards restricting a procedure we all agree is not good medicine.”   ",0,1,0.2168282
"   Please stop your personal attacks,    * invited himself into a discussion on my user page.  He gave his opinion which included Terryeo lied about other editors and . . .made false accusations with nothing to back them up.  When I moved the discussion to my discussion page,  I asked him to stop his personal attacks.  He and I replied to each other and might have worked it out.  But his most recent statement denys good faith by threatening what he is going to do at my next RfAr. Full Discussion  *That is the situation. tells me to notify you directly, I am doing so. Please stop your personal attacks,   ",0,0,0.21699812
   Context tag   I added the context tag because the article starts throwing mathematical functions and jargon around from the very beginning with no explanation of what the letters and symbols mean.  ,0,0,0.21743102
"  Interesting.  Can this be added to both clarify the intentional blank entry, and to demonstrate a feature of the grammar?  In contrast, slavic languages, which also make a distinction between animate and inanimate (but only for masculine nouns) and have several declensions, do in fact have a regular locative for animate nouns.  e.g. volk (wolf), v volke (in the wolf)  On the other hand, perhaps this becomes too detailed.  I suspect that some people might find this to be inappropriately boring and detailed to the general wikipedia reader.  I'm only suggesting this though because the table looks  a bit bizarre with a blank entry and with no explanation.   ",0,0,0.21758589
"`  Well, Alex, blocking me wasn't fair for two reasons *discussing someone's EDITING APPROACH has F nothing to do with ``personal attacks`` *technically, Irpen admitted being a vandal by his own edit to may talk page, so I just let people know that However, I'm not going to fight over this episode of your wrongdoing, mostly in appreciation of your neutral editing on Soviet partisan. But please no more unjust admin decisions, tezka. This is YOUR last warning!  `",0,0,0.21765628
"`  Without offering any opinion on whether this section should be included in this article (as opposed to, say, an article on Wikipedia-related ``controversies``), I think one of Rcandelori's points was that, as this is currently written, there is no criticism.  In other words, while ``cka3n cusses like a sailor.`` might be a relevant fact, it isn't criticism.  ``Jason C.K. has accused cka3n of cussing like a sailor.``, on the other, is criticism. So, to include this in the criticism section, there should really be references to some of the critiques of Microsoft related to this affair. `",0,1,0.21809098
"   Singular vs. Collective vs. Plural nouns   I've changed a few of the most egregious instances in which it is used as a singular noun (referring to the organization itself rather than the individual members) but with a plural verb.  In some instances it's rather ambiguous, though.   ",0,0,0.2181749
  Please stop abusing your admin power. I have seen you are biased to the information posted.  Copernicus Was a Polish Astranomer whos uncles name was Lukasz Watzenrode  not Von(which Signifies a Prussian which didnt exist till 1700s.) At the time the city was named Frombork not Faurenburg.  Heweliusz He was born in Gdansk and was Polish he wanst born in Danzig and the city wasnt renamed to danzig till after  the Partitons.,0,0,0.21822028
"`  What would you do ? Xerox pages of a book I, unlike you, read 2 years ago ? And which proves-what ? That in Starčević's political career the term ``Slavosrb`` was used exclusively for enemies (as he saw them) of Croatian independence ? The main ``Slavosrbs`` were Strossmayer, Germans, Hapsburg monarchy, and the so-called ``Khuen Serbs``- the Serbs living in Croatia and affilliated with the  hated political regime of oppression. How come that vast majority of political representatives of Serbs in Croatia, more than 98%, had been, during the most oppressive period in the 19th century,  collaborators of Khuen regime ? Truly-these Serbs (or Orthodox Vlachs who nationally ``awoke`` as Serbs in mid- and 2nd half of the 19th century) had fully deserved the ``Slavosrbs`` tag in Starčević's lingo-unlike the descendandts of Orthodox Vlachs who were Starčević's followers (Stjepan Miletić, August Harambašić, Dušan Kotur, Dušan Vlaisavljević, Milan Ogrizović,..). No one can rationally deny anyone's ethnic affiliation, this is certain. The fact that Starčević did this to the descendands of the Orthodox  Vlachs is not a sign of political wisdom, or even ordinary logic. But, it must be underscored that he reacted to the denial of Croatian ethnic affiliation promulgated by Vuk Karadžić's pan-Serbian ideology. And this must not be forgotten who had begun with this game of denial ? Who wanted another people's extirpation ? Whose idenmtity was forged, among other things, upon cultural theft and misappropriations ? Who spoiled the well ? http//www.hic.hr/books/greatserbia/                      `",0,1,0.21863617
"  Please remember to (~ * 4) at the end of comments. Also, to be fair, the Indiana job is a wasteland where coaches have gone to die due to getting outrecruited by, well, everyone else in the area with a major college football program. His actual best accomplishments as a coach come more in the form of Antawan Randle-El and Adawale Ogunlaye in college and Drew Brees in the NFL. ",0,1,0.2193064
`   Article itself violation of WP policy   From WPCriticism  ``Don't make articles entirely devoted to criticism of a topic that has or should have its own wikipedia article.`` Obviously this article is an open violation of that rule. That this article is blatantly POV-biased and works only to elaborate on collections of derogatory critiques is merely a consequence of the fact that the article itself is intended to be a POV fork. Comments? Remedy?  `,0,0,0.21988982
"`   True Metal   Listen, I don't wana start a war here, but Manowar call themselves True Metal, also if you need proof read this  ``True Metal is a term coined by the U.S. power metal band Manowar in the 1980s. It was originally used to combat the commercialized glam and pop metal styles of the time. It came into wider use in the 1990s as newer subgenres such as nu-metal and alternative metal came into existence. It is used to differentiate between these non-traditional styles and long-established and integritous forms of Heavy Metal, such as thrash metal, power metal, death metal, black metal, doom metal, and the NWOBHM among others.`` Jay316 `",0,1,0.22076243
", 15 March 2006 (UTC)  Brother, you are a legitimate kriyaban why would you let the article about Mahavatar Babaji be bastardized like this? Don't you believe in Babaji anymore? Can you give me even one logical convincing rationale on why you believe the pre-Shitole Mahavatar Babaji article NEEDS Shitole's name, book and claims for it to be complete? Because that is exactly what all of these agreeing and compromising means, that the article was incomplete without the inclusion of Shitole's name, book and claims.  2338",0,0,0.22086252
"   The angel´s blood   I´ve noticed the 3rd Angel bleeds red blood when Shinji goes berserk, while in all of the anime is blue blood...  Sry i dont have enough time to make the edit myself...",0,0,0.221103
"`  Nkras Thanks for blocking Nkras's IP sock. He's now using  to edit the Community Noticeboard. Sigh, he seems to have an endless supply of IP addresses.  `",0,0,0.22402366
"` I'd love to hear your reasoning about how I'm ``hurting myself``.  Physically?  Emotionally?  Mentally? My ``wiki reputation``?  If so, you have much more to worry about than I do - learn the difference between your and you're.  I'm not vandalizing anything - I stated Crumbsucker did not spell well and changed justified text to unjustified text (which are facts, as evidenced by his edits).`",0,0,0.22513828
"`  The proper  numbering of the runways   8/26 and  26/08  or  runway  8  and runway 26     4/22 and  22/04  or  runway   4  and runway 22    Such are official AIRFIELD markings in complianmce with FAA.  Should the multi runways be parallel  the modifying letters  ``R`` and ``L``  will be added to corresponding runway numbers.  FAA Airport Advisory regulations.  DO  NOT  correect  what you are alleging REDUNDANT numbers if you do not understand AIRPORT safety operation.  Altough the AIRPORT has only two (2) runways in reality  from the operational point there are 4 runways  depending on weather (wind) conditions.  The runways therefore are for runway  8/26 there are two (2) runways  one knowm as 8 and other  as 26 for runway  4/22 there are  two (2) runways  one runway 4 and one 22.  For people in AIRPORT operations that is a clear and only numbering system, for laiks it doesn't  mean a crap!  If you do not understand  AIRPORT  markings stay a way from any corrections and leave it to peope who understand the international Airfield  markings!       DO  NOT  VANDALIZE  the articles.`",0,1,0.2251408
"  About the religion a part of Arvanites were muslim besides the majority christians, and in Albanian they are called Arvanitet. Dodona",0,1,0.2254744
"` Court vs Hazing   The article attributes the releases of the Dicks and Palmer Cannon to the actions of the Court, but was there any evidence to this?  I understand that rumors attribute the hazing to the ``members`` of the court, but that does not necessarily mean the hazing was related to the court.  `",0,1,0.22608635
"`   About Spylab   This poor soul of  has always a rule that makes him/her (in his/her mind) absolutely right - no matter is (s)he knowledgeable about the subject (s)he tries to elaborate or not. Also, (s)he has the rule which his/her opponent breaks regularly - ``Please stop your personal attacks ...``. Sure thing, Wikipedia is a free source of knowledge - which must be freed of mentally challenged people (and their 'contributions') like  - in order to be credible and respectable source.   The best description of this person's (Spylab) capabilities is given (by BennisTheMenace) on his/her user page - which was deleted by Spylab  From Wikipedia, the free encyclopedia Revision as of by BennisTheMenace (Talk | contribs) (diff) ← Older revision | Current revision (diff) | Newer revision → (diff) Jump to navigation, search  I am probably from the USA and like to scrap others' contributions due to what I call ``factual correctness`` - instead of knowing the facts and reporting them!  Anyway - I am supporting your idea of sending a note to the Wikipedia administration requesting to close Spylab's account for good. `",0,1,0.22614075
"`  I can see you do have strict standards! High standards. Quite amazingly high, when it comes to something you disagree with. Alpine high. Ah, but, when you agree, anything goes! I have cut out statements from this article that were not only totaly unsourced, and obviously imaginary, they were gross volations of basic physics. They would embarrass Taubes. Statements that mix up power and energy, temperature and scale. Ridiculous distortions and rumors, and goodness knows how many unfalsifiable assertions. And yet, for some strange reason this stuff keep popping in again, and it seems the authors are . . . skeptics!  ``Strict`` hardly begins to describe it. S&M; comes to mind.  `",0,0,0.22624047
"`   Politics section edit   I removed the very last sentence from the Politics section  ``In 2003,U.S. invaded Iraq and found approx. 3436 tonnes of weapons.``  It not only seemed out of place as the previous sentences were talking about the transitional government, but seems to be rather misleading especially in lieu of all the controversy of the invasion of Iraq under the accusation that they had and were developing weapons of mass destruction. Is it any surprise that any country has a large tonnage of weapons considering nearly all nations possess armies? Imagine if the tonnage of all conventional weapons of the United States were calculated alone. Obviously such a statement as the one above seems to have an alterior motive. To date (Aug-2005) no weapons or evidence of development of WMD's have been found in Iraq.`",0,0,0.22630681
   If you don't wish personal ...   Where is Sorin  Cerin Mr. J. Mabel Garbage?,0,1,0.226997
" Welcome, and thank you for adding your humour to Wikipedia.  However, the articles are meant to be serious, so please don't make joke edits. Some readers looking for a serious article might not find them amusing. If you'd like to experiment with editing, try the sandbox, where you can write whatever you want (as long as it's not offensive). You might also want to check out WikipediaBad Jokes and Other Deleted Nonsense. ",0,1,0.22764902
"For the record, also deleted pages created by this IP Closet personalities, Ual, Secret stalker.     ",0,0,0.22870713
"   UNFAIR   Nandesuka, I must say that I wasn't throwing my weight around, and my comment wasn't in response to her vote. I wasn't browbeating and no other editor was invovled in my decision to make that comment. But the comment wasn't a personal attack, it was a simple statement. I shouldn't be blocked for expressing a POV on a talk page. As for you starting a One week block section where I haven't the opertunity to reply that is not only rude but not a proper debate.  ",0,0,0.22886004
"`  Oh, that says ``Kim Il-sung City``! ``Si`` means a lot of things, but ``City`` in this context. Trolling is when an Internet user tries to hurt another's feelings (isn't it?) How would that Ref Desk entry hurt anyone and why?  `",0,0,0.22939399
"`   Hindus Love the Word Controversy I am sure a vast amount of Hindu intellect has gone in writing these and many other Indian Muslim articles.They love entering the word ``controversy`` some how? In India there is already Babri-Masjid Ram Janmabhoomi controversy,Hubli Idgah controversy.Entire Mughal period is cited as controversial and genocidal to Hindus and what's more even the great Mughal Muslim monument Taj Mahal is being promoted as a controversy.There was this editor called Bakasuprman who once commented that - the Black stone of Kaaba in Mekkah is a Hindu Shivalingam as Hindus traded there..Wow  `",0,1,0.22999655
"dishonesty in BFRO  Matt Moneymaker, the owner and leader, attempts to buy or steal any videos  witnesses report they have. Uses intimidation to get control of material.  Best avoid them. 40 members resigned.  Hoaxer exposer 223  ((((((((((((((((((((((((((((((((((((((((((((((((((((((((((((((((((((((((((((((((((((((((  ",0,0,0.23089637
"  Hail Wikipedians!  I am the avatar. I jest thee not, I am the real Avatar of Brittannia. I have happened upon thine article which doth summarize my game, and I hath started wondering whether or not it would be acceptable to add a section showing my dismay towards the release of this evil. It hath proven to be far more troublesome than the guardian itself. I suppose the point is for me to leave thee with a question, dost thou findeth it acceptabe for me to begin the addition of a section which shalt state that the Avatar does not approve of this desecration of his series of games?",0,0,0.23108625
"`There really isn't a need in a vote here, not to mention voting is evil. Both The Wiire and Cubed3 are user-submitted and may contain misleading information, thus are against criteria 2 of WPEL. GameSpot and IGN are fine.    `",0,0,0.23288381
"  Haha I'm not really one to genrewank, but Wintersun definitely aren't black metal in the least.",0,1,0.23493914
"`  Support  There is a difference between oficial terms and terms that are used in common language. In al structures all over the world concerning dogs, also in Wikipedia, FCI rules are the rules to look at. In an official, worldwide encyclopedia, my bet is, to use the mostly used oficial name, worldwide. Which is Mexican Hairless Dog.  On the other hand, the name Mexican Hairless can lead to confusion. Mexican Hairless does relate to many other things as only dogs. Imho an encyclopedia should use terms that not lead to confusion.  If we look at the origins of the word, that derives from Mexico the names used for this breed are ``Xoloitzquintle`` or Perro Sin Pelo de Mexico``. The latter means just Mexican Hairless Dog. It isn't ``Sin Pelo de Mexico``.  Should we look to changing the name in  or Xoloitzquintle or Mexican Hairless Dog?`",0,1,0.23560508
"`  *Hi, Idioma. I have to assume that you are a fairly intelligent person. The stuff you're coming out with on the ceiling fan talk page is simple, childish, point-blank-intuitive stuff. So it seems that you're basis is personal rather than professional. I encourage you, and anyone else, to make intelligent + constructive + detailed + legitimate + well-founded comments and suggestionsbut petty stuff really just doesn't belong. So please evaluate your true motives here, and examine what you write before you hit ``save page``. Thanks.  `",0,1,0.23574357
"   Suggested change of wording to TemplateUw-harass4   In line with the most recent findings of the feminist school of criminology, I suggest that a more accurate phrasing should be, instead of 'harass', 'the next time you purposefully and blatantly RAAAAAAPE!!! a fellow Wikipedian'. ~~~~",1,1,0.23652841
 Why is it that you are always the victim and accuses others of doing edit wars with you? when its actually you UpDown who always course controversy. pease cool down and behave.,0,0,0.23689328
"  I quote;  External sites can possibly violate copyright. Linking to copyrighted works is usually not a problem, as long as you have made a reasonable effort to determine that the page in question is not violating someone else's copyright. If it is, please do not link to the page. Whether such a link is contributory infringement is currently being debated in the courts, but in any case, linking to a site that illegally distributes someone else's work sheds a bad light on us (see WikipediaCopyrights and in particular Contributors' rights and obligations).  As for your Pirate Bay obsession, I will note again that we are disgussing phpBB, not The Pirate Bay. If you feel there is some great unjustice in progress here, you may assist me in my attempts to keep such links out of The Pirate Bay too. However, we will probably face opposition from people who believe that linking to the sole subject of an article overrides most other concerns.  Or if we wish to ignore reasoned debate, may I point out once more that vBulletin prohibits external links, and there doesn't seem to be anyone there running to tell their mummy how nasty the wikipedia boys are being. It is, of course, your right to allow this argument to spill over to vBulletin and cause a massive stink that envelops the whole internet.   ",0,0,0.23704466
"If the LAW is a single use weapon, isn't this a disadvtage as compared to the original Bazooka (granted it does not leave a smoke trail and has no recoil).",0,1,0.23780702
"`  Yes, it's called Norwich School for Boys, but it also can be shortened to ``Norwich School`` for brevity. There is no constructive, sensible reason why you would need to inform readers that he went to an all boys school, unless you are covertly trying to include underlying humour, very much in the same manner as the vandals, when they speak of, ``school for homosexual boys``. Since there ARE such schools in the UK (albeit quite rare and low key, if you take my meaning), it would be awkward to include even the line ``school for boys``.  Lastly, there is no corelation between the two examples you used in an attempt at an analogy. How does fascism relate to boyhood (even metaphorically)? Thus, ``Mussolini the fascist`` reduced to plain ``Mussolini``, does not corelate to ``Norwich school for boys`` reduced to plain ``Norwhich school``.CaptainSurrey`",0,0,0.23819831
" No, I've been responsing to is abuse of, and lies about, mne. Seems some admins don;t think people shoudl be able to speak in their own defence; while other admins are free to abuse with impunity -(    To do  (anyone is welcome to merge that into Tim Tolkien.  ",0,0,0.2387813
"  Well then, the only thing left me to do is wait for you to get bored with Wikipedia. I'll be around for a while; you, I'm not so sure. I am a force for good, you, less so. And so I reckon it is only a matter of time before you get bored with your own... highly questionable conduct and find something else to occupy your time. God willing, anyway. I've already seen countless people like you come and go. Primary example, Essjay. You're not as bad as him mind you.    ",1,0,0.23891446
"`   Reason for un-block appeal  Extremely partial, unjustified block by Future Perfect at Sunrise who has a hidden pro-turkish agenda. Moreover, he violated freedom of speech between users by using against me private messages to other users. Wikipedia does not need an Orwelian ``Thought Police``. Future Perfect at Sunrise has abused his authority by using it to promote hidden agendas and settle personal scores.`",0,0,0.23897165
" *Dihydrous oxide is widely accepted by scientists and top-tier professors. Also, it bothers me how my Harvard professor says Dihydrous oxide is water, yet you idiots continually revert it without even looking it up. Literally, just try it.   ",1,0,0.24050187
"  Alright, you Wikitool, go ahead and block me. If it gives you something to do, then, by all means, go right on ahead ~_~ -  ",0,1,0.24092795
"`Hovercontrol   It seems as though a certain user STILL keeps on being insistant that the link to Hovercontrol be removed from the External Links section. This activity has got to stop. It's quite odd that the first form of flight ever conceived by man was that of a helicopter (Lenoardo Da Vinci's conception of manned flight depicted a helicopter-like device). Additionally, helicopters are a valuable asset to aviation, and assist in saving far more lives than fixed-winf aircraft ever can. Not only that, but the rotor-wing segment of Flight Simulation (introduced in 1998 when Microsoft forst released a helicopter simulation with the Bell JetRanger in Flight Simulator 98) has exploded, and is now one of the most popular components of Flight Simulation in general. Hovercontrol is a valued, and highly revered website that that has led the way in rotary flight dynamics improvements. The days of helicopter-related flight being the ``bastard-stepchild`` in Flight Simulator are long over. I'm not a Hovercontrol website official, or an administrator here at Wikipedia, but I will keep putting up the Hovercontrol link until this unnecessary B.S. regarding the Hovercontrol external link stops. It's nonsense, and it's time Hovercontrol earns the respect it deserves.   The IP address you have been reverting has a history of vandalism it seems.  I suggest you see if you can get it blocked. On a different note, please see the discussion above as that would remove Hovercontrol altogether.     `",0,2,0.24228187
   My own page   This is my own page. Why can't I change it the way I want? And what business is it to you?  19 years.... pfft. Shouldn't you be out having a LIFE instead of patrolling Wikipedia?  ,0,0,0.24265616
"Only symbolizes America because when Japan sent it over here, We screwed it up. Like I said, you can always contact Sega and find out exactly, and I'll let you do that, because if it is true, YOU should get the credit.    ",0,1,0.24286856
  You're the Vandal!  Leave my good buddies Tyar and Stopdroproll alone. Just because they live near each other doesn't mean they are the same hupan!,1,0,0.24305537
"`Hey, amigo, this is rossp.  I am not the user you think I am.  The first time I tried to edit ``Gerry Studds`` was on Oct. 3, 2006 at about 11 am central time.  You must be referring to someone else.  Your vandalism standards are way out of line.  For someone who has been an admin since July 1, 2005, you appear to be self-righteous and misdirected.  Also, somewhat of a ``douche bag.``  Keep your hands off articles, including ``Gerry Studds`` unless you are following the rules and know what you are doing.  Find another interest if you can't ``play in the sandbox.``   rossp  `",0,0,0.24329774
"  Please do not defy Jimbo. Nothing good will come of it. Its surprising how many people try and pull down the great man, he deserves the credit, Plus he could delete any one of us out of existence you know. ",0,0,0.24369721
"  Wikipedia is a logical and scientific place. And logical to me is, that the Goth subculture is dying.  THIS IS important to the article.  ",0,1,0.24404079
"The language is sound and, importantly, more on-point/accurate than anything anyone else has offered to date.  Skinmeister's edits here make about as much sense as his shenanigans elsewhere.  Frankly, it's quite clear that Skinmeister has not been acting in good faith here (or elsewhere).  His pattern of stalking me around Wikipedia, of abusive language, personal attacks and of generally disruptive behavior are in plain sight.  Looks to me like he's been begging for an RfC/RfA for quite a while now.     ",0,0,0.24424231
"` ``'''Due warning every time our anonymous friend makes a personal attack, I'm removing it. See Wikipediano personal attacks, also see WikipediaRemove personal attacks. I've had quite enough of their abuse. To the anonymous user, please start showing a more mature response when replying to comments or arguing your case. -   (modified  )`` < WIKIPEDIA POLICIES DO NOT ONLY APPLY TO ANONYMOUS USERS, THEY APPLY TO _ALL_ USERS, INCLUDING ONEGUY. ANYONE WHO ENGAGES IN PERSONAL ATTACKS IS LIABLE TO HAVE HIS OR HER COMMENTS DELETED, AND THAT INCLUDES ONEGUY.  Pename   `",0,0,0.24445587
"  Nice additions to the instrument articles. Rackett is sure a weird beast! I've played with one occasionally  I don't do double reeds, but I had to toy with it anyway. By the way, when modifying entries like sackbutt, you should check first to see if it automatically goes to sackbut (as it does), in which case there's not much reason to change the spelling (considering how many spellings there are for sackbut.) I assume you're a double-reed player with a fondness for Renaissance horns?  ",0,1,0.24467207
   you are talking to Larry Harnisch who happens to know more about this case than anyone living.  I suggest you walk away. ,0,0,0.24520382
"   Mikhail Lebedev   This year, I was trolling the page Mikhail Lebedev. I meant it to be a bad joke but it is now ruining the scientist's reputation, as well as the privacy of many other legitimate researchers. Can you please delete the slander on the pages (Afd, talk page, and page itself) for me? You can delete the page if it is necessary. Thanks a lot.  ",0,0,0.2453582
"  I thnik the current title, “Hirohito”, is more apropriate to an English (not Japanese) Wikipedia. Pratically nobody outside Japan calls Hirohito “Showa” — even the Popes cannot be used as example, because even non-Catholic people refers to them as their ecclesiastic names, that they get before they die. To bow our heads to “respect Japanese traditions” and rename the article to “Showa” is a repression of the freedom of speech in the name of political correctness — if people thought the same way, the image on the Mohammed Cartoons article should be deleted, too.",0,0,0.24600981
"  That wasn't me who confused Tigre with Tigrinya. I know the difference. The Tigre are muslim pastoralists living in the Western lowlands, whereas the Tigray/Tigrinya are agrarian, living in the Highlands and are overwhelmingly Christian (90+% in Ethiopia, not sure how many Jebertis there are in Eritrea). Some random editor changed those figures. And yes, I am Ethiopian.   ",0,1,0.24614662
", Pistolita, P.O.S., Scary Kids Scaring Kids, Supernova,",0,1,0.24622576
"` *Oppose as marijuana is a differentiating word it specifies a certain plant, preparation, and purpose of cannabis.  Calling hashish ``marijuana`` gets the plant wrong, calling a sublingual spray ``marijuana`` gets the preparation wrong, and calling cannabis clubs ``marijuana dealers`` gets the purpose wrong.   `",0,0,0.24672069
"`   you seem to be mistaken.......   Nadirali, you seem to be mistaken about why I did not apparently sign my name... You see, I am new to wikipedia, and I did not realise that i needed to use the ``4 tills`` method to show my username.... I was waiting for a reply, and when I didn  not reciee one, i was informed of the system. Also, about me writing funny things on your user page, i am now wondering if you seem to think the truth is funny...... about your ``pal`` as you keep on saying, UNre4l, I dont think that you had any business whatsoever interfering in our talk, perhaps you need to learn to keep your big nose out of others business.Finally, may I question why you keep on delting my commemts to you, both on the india and pakistan talk pages? Funnily enough, Unre4l did the same thing.. pakistan custom is it, denying others opinions, or rather the truth.... And regarding your comments about deleting my comments not being vandalisng, i suggest you read your mail from a non- south asian adminstrator...he says otherwise.  Good day, and JAI HIND!!!!!!!!!!!!`",0,0,0.24701156
   Two web pages    Elizabeth Dinan and Fred Bauder.  I find your lack of candor disturbing.   ,0,0,0.24721567
"Allen3 FYI, here is one religious organisation's viewpoint on how animals should be treated. This is from the Catechism of the Catholic Church, (I hope this link works (http//www.vatican.va/archive/ENG0015/_P8B.HTM#LZ). Look near bottom of page re 7th Commandment. It is the Church's view of our responsibilities towards animals. What makes it noteworthy is that it actually represents the views and approach of billions of people, unbeknownst to themselves, who somehow get through life treating animals in amaner consistent with this belief system without feeling any guilt whatsoever for believeing that animals have nothing but the right to be tasty. They probably never even knew a written position existsed! This verifiable link is but one source that exists; other religious organisations too issue clearly enunciate viewpoints. Good luck getting them convincing vegan, bunny-luvin gate-guarders that these types of viewpoints are entrenched, widespread and valid.    ",0,1,0.24948184
"`   Why do you keep deleting a link to the most informative site about Middle Bass Island???   Norman,  you have removed the link to the main Middle Bass Island web site several times. That means you don't even look at the contents of the items you remove, which is rather petty and incredibly arrogant.  The site started as a non-commercial site and contains a great deal of island history as well as many, many island pictures. It's one of the most popular sites in the Lake Erie Islands.  Please take a look at ``Site Map Page 1`` and ``Site Map Page 2`` before removing the link again. Saying that the hundreds of pages listed there have only commercial value is idiotic.  The site was started out of love for the Lake Erie Islands and Middle Bass Island and the fact that it now carries a number of ads for island businesses does not change the fact that it is mainly a site with island information not available anywhere else.  So what is your real rationale for deleting it again and again and again???  Mike Gora, Middle bass Island Webmaster`",0,0,0.24969743
"  ObRoy, I believe you don't understand english. You asked me not to make any changes unless I participate in the debate in the talk page. I did - and EVERYBODY on the talk page disagrees with you and believes that the article should be known as Maria Vladimirnovna of Russia. Get over it. ",0,0,0.2498136
"THATS what i was talking about. It's a fact that Estonians, together with Latvians and Lithuenians had the highest precent of population helping to the Nazis in Europe. And DLX saying that the Estonians didn't participate in the German war-crimes, just proves my point, im Psychology this is called denial, one of the most not healthiest in Defence Mechanism. M.V.E.i.  ",0,0,0.25003213
"Dark Hooded Smoker, you're wrong. The commentators just say it's a neckbreaker with a verb in it because they don't know what it is but we know & it's a TKO. Also Sarge, good but your final comment here doesn't make sense. When you said that fireman' carrier into a cutter is not a swinging neckbreaker, you said it's a swinging neckbreaker again.  ",0,0,0.25022918
"`   SPANIARDS ARE NOT WHITE?? OH LORD      51% euro/black and 46% black,that is 46% afro decent and 51% afro-mixed decent,that makes it neutral, becuase Mulatto is a separate racial group, they view themselves different from the Blacks. Now, if you have a problem with that, which you certainly have, then that don't belong in this article.  It is an accurate description of DR demographics, and CCNY-DS,KNOWS IT, and WILL agree and cooperate. You can go and take your radical afrocentrism to Maulana Karenga.  and example is the demographics that show about El Salvador in wiki, it says `` 90% mestizo,9% white,1% indian``. In my personal opinion, Indian might be more percentage, some mestizos might look `` more indian than 50/50 or 40/60. Since Mestizos DUE view themselves different from Indians, why don't you go and invade the article and type `` 91% of Salvadoreans are of amerindian decent``.  90% amerindian-mixed population `` doesn't equate to `` amerinidan decent``. that just creates confusion.  So if other articles of latin american countries can word it like that? why not DR?? platanogenius`",0,1,0.25047824
"`   What defines 'Criticism'   I'm sorry but the charges that have been brought against Ali Sina are part of his web personality and thus MUST be reported for an objective view of his projection. To call these ``character assasinations`` is paranoid and irrational, as is the selective removal of reference material (predominantly from non-muslim sources) and quotes (which are fairly referenced).  We hope that all free thinkers can make their own decisions for themselves.  NB. Also please try and keep an eye spelling and grammar.`",0,0,0.25129154
"  Eurocopter tigre and Giandrea act like they own this page and that nobody can edit it without their consent. I see what you are trying to do, first you put the E.U. under supernational military organizations as a compromise in order to add some legitimacy for being on this page and then after a few weeks you just flat out listing it with actual countries and gettting your little E.U. buddies to gang up on all other users so you can keep the E.U. in. The E.U. IS NOT a country and adding it to every single list that has to do with countries is a biased NPOV. Wikipedia is not a place for people from the E.U. to air their inferiority complexes by carefully editing article to make the E.U. seem like a country.  17 April, 2007.",0,0,0.25164983
"`   Page Blanking    Talk pages of abusive editors should not be blanked in order to remove warnings and blocks. These, at least, should remain as a caution to other editors of the sort of editor they are dealing with.  `",1,0,0.25217903
"` (UTC)  godlessness of the gaps  There can't be any valid criticism of evolution.  Evolution as described by the materialist priesthood is absolutely true and any criticism is not valid, it's just that we haven't figured out the materialist explaination yet.  When something is not known we must just say ``natural selection did it, now shut up and stop your pesky questions.``  OK sarcasm aside, you have to realize that the ``no POV`` rule isn't real.  In reality there is a ``most popular POV`` rule. -  2028, 20 July 2006`",0,1,0.2524456
  Aggrotech is a mixture of Electro-industrial music and harsh techno beats. Its not an industrial sub-genre. Industrial has no sub-genres. Industrial was a movement between 1975 and 1981. The following period is called Post-industrial.  ,0,1,0.25340253
  Vandalism Removed  I have undid your edit to Nicktropolis as it is vandalism. Do not do it again. If you do i will have to tell somebody about your innapropiate actions ( ),0,0,0.25467044
" Antonescu was up set with jews because his wife, a jewish woman, did not make him good meals.",0,0,0.25559708
"   Albanians have nothing in common with Azeri/Turk people  *Albanians have never formed a nation. They were represented by 26 different tribes, each talking their own language. These tribes existed till XII century. They don't exist now. However, Armenians existed before and they exist today, they live in Artsakh today.  *Azeri people are muslims, while Albanians were christian. *All known Albanian languages are not even close to Turkish languages these languages belong to different groups.  Taking all these facts into consideration, it is not clear what Azeris have to do with Artsakh or with ancient Albanians. Turkic population came to this area 600 years ago, while Armenian lived there for more then 2000 years...",0,0,0.2556656
"   excessive vandalism   i have already been informed of vandalism policies, and I don't need to be reminded too much. and bob dylan is overrated. do not bother me again.",0,0,0.2567256
"` 2005 (UTC)  Bisgh, I am kind of mentally different and like to do things that people dont approve of necessarliy but how would you like it if you were locked in your parents big house all alone most of the time either with just a computer and a TV??  I DO have friends but they have to come over and see me most of the time and I can't go see THEM without supervision.  If have some money from my parents but can't really live alone yet and I don't know when.  So a lot of my time is just sitting here ( Now Lucky wants to banish me for doing drugs.  Well what would you do if it was after midnight and you hadn't gone out in 2 days either?  I``m sorry, do what you have to do but please try to undrestand me. 0239, 3 September`",0,0,0.25674754
"`  Michael Petrou article Cool Hand Luke added criticism of Press TV from this article.  That's fine. As we agreed earlier all TV station articles have a criticism section.  However, this particular article goes on to say ``Only five days after launching, Press TV invited me to take part in a televised panel discussion about journalism in the Middle East. I argued that the biggest challenge facing journalists in the region is a lack of freedom and cited, among other examples, the case of Zahra Kazemi, the Canadian photojournalist who was raped, tortured and murdered by Iranian officials after she was arrested for taking photographs outside the Evin prison in Tehran. To his credit, the host and chief press officer, Shahab Mossavat, did not interrupt or silence me. He called my comments ``offensive`` to Iran but pointed out that I was given free rein to say what I wished by Press TV. He then steered the conversation toward obstacles confronted by journalists in Israel.``   Thus the author demonstrates that Press TV let him criticize the Iranian government, which contradicts the criticism from the article. If we're going to add the critical parts of an article, shouldn't we add one sentence about the positive elements of the article too? What do you think? `",0,1,0.25689045
"` ``Opposing editors warned 2) Duncharris, Guettarda, Jim62sch, and FeloniousMonk are reminded of WikipediaNeutral point of view. They are instructed to seek dispute resolution rather than edit warring when involved with content disputes. The banning of Agapetos angel and her meat and sock puppets should not be interpreted as a license to make a hatchet job of the affected articles.`` `",0,0,0.2577964
"  Gable Pic  The pic in question, Rossrs, was one I bought at auction. It is an autographed 8X10 glossy, presumably taken by MGM in the very early 30s. I cropped it. I horozontally mirrored it. I added sepia tones. I angled it. I added extra pixles. I added blue tones. I added red tones. In short, I took an image of a dead person and made it a creation of my own, which I then freely licensed to Wiki out of the goodness of my heart. If this still does not satisfy the Wiki Brownshirts who are currently running rampant on this site, then by all means delete it and I will take a screenshot from the theatrical trailer of Gone With The Wind.  ",0,1,0.25811315
" And if I had a penny for every time you ignore my helpful advice, I'd be richer than Luicius Malfoy, and he's fictional. I'm only trying to help, so stop criticising every word I say. Oh, and by the way, I only said that about 5 times so congratulations Richy Rich, you managed to make a nickle. ",0,1,0.2581508
"` The problem here is that NYT won't retract an article that the vast majority of the public sees as ``combating evil pedophiles``, so no such retraction will ever happen, no matter the evidence against Eichenwald's veracity.  This was a relevant article in NYT a couple of years ago and they're not about to touch it again, even in light of new information.  I think that we, as Wikipedia editors, can do a better job of remaining consistent with current data than traditional newspapers can, and this is a perfect example of an opportunity to do so.  You know as well as I do, that in a time when there's real news happening all over the world, NYT will not bother incorporating this new information in a retraction, but we can.  I think most people involved in this discussion want this article to be accurate, myself included, and given the recently-exposed questionability of Eichenwald's credibility, from fairly reliable sources, we need to give that data some serious reconsideration, even if NYT doesn't consider it worthy of a retraction.     `",0,1,0.25831002
"`Your threat [c] To clarify My edit summary, ``talk page fascism,`` was not a personal attack. It was, (and is) a statement of my concern about peremptory actions taken by you on the Michael Ignatieff talk page. It was a warning to all who read it.  I do not appreciate you threatening me with a block. Your blood seems to be running hot. Be careful. Be civil.     `",1,0,0.2593681
Why are you unable to see what Homeontherange is about? I'm appalled. He is instigating a purge against the British Conservative Right.    ,0,0,0.2598955
"` If you could put micronation, Coats of arms of micronations and Flags of micronations on your watchlist it would be appreciated.  is now openly vandalising these articles by expunging all references to Principality of New Utopia from them, on the grounds that it is ``not a micronation`` ! I can't tell if he's trolling or just thick.  `",0,0,0.26014215
"     *  IP address 87.112.72.201     * Blocking admin Ck lostsword     * Block reason Attempting to fix non-NPOV article in the face of uneducated other users a personal attack with only one warning a second before, only on Xenophobia     * Block originally applied to 87.112.72.201     * Your account name (if you have one)     * An explanation of why your block is unfair 1. admins trolling and conducting and edit war on the basis of trying to enforce their non-NPOV views on an article incited my annoyance (nobody likes trolls) 2. inappropriate use of warnings by incompetent admin not seeing an asymmetric edit war taking place (a couple of warnings would have been apt; blocking is an overreaction, and slighty pointless when I have access to several hundred computers and a huge range of potential IP addresses to use - i.e. it's spiteful.",0,0,0.26113012
"This article seems like a duplicate of Sir Mix-A-Lot, with just the a in lowercase.",0,0,0.2614573
"`I knwo the disiples of Acharya compaliend, butthey are want to. If you check the acharya S article, you will see they use any mechenation to eliminate those who disagree with them. As for me, I didnt insenuate anything. I wrote an article ont he subject of the wikipedia article, and know her hisotyr as part of my former invesitgation. I didnt stalk eher. I didnt get informaiton from her ex lovdr. I didnt bother to contact anyone wiht a grudge on her. I used standard press tactics to garnr basic public informaiton.   Now, they compalin, of ocurse, btut hen, they compalin about nayone who ``Opposes`` dorothy Murdock, AKA Acharya S. Pleas eod nto thraten to ban me, because if you do, it will encoruage them to dig up dirt on other editors till they have silenced htem all, so that they can effectilvey clisam full contorle ocver the acharya S artilce.  Yes, I knwo I make them sound petty, and if you look at the tlak page, you will see that they are.   All I threatened to do was post my former investigative mateirals, or else my own article on her, onto the web.Thats harldy criminal behavior and its nto veild. Ive said as much int he tlak page.       `",0,1,0.26265776
   Deleting comments?   Ya that's right delete my comment and keep your bias views hidden from the public!! Gambon is Irish and always will be!!! over and out,1,0,0.26305798
   Your actions in Josef Stalin   I should say that your actions in Josef Stalin show your misundersdanding of Wikipedia policies. Blocking users for their point of view  clearly violates the WP rules. Please do not support vandalism and mass revertions. ,0,0,0.2635216
"  If you can come up with facts about where the Pashtuns originated from then I will call the CIA and the United Nations to correct their map, chart and findings. If you fail to do this, then go along with what the claims of the Pashtuns are. You are just a normal person with limited knowledge about people. Do not act like you know more then CIA and the United Nations. The maps you keep showing is dated from 1980 made by an unknown agency. It is posted at Hazara.net, which is a site of Hazara people. Meaning these maps of yours are bogus. Afghanistan is soon going to have census and the mystery will be solved about the exact number of people of each ethnic group. In fact, they were suppose to do this a year ago but failed so far. The number of votes Hamid Karzai recieved is enough proof that Pashtuns are very high number in Afghanistan. As we all know that it's not normal for NON-Pashtuns to vote for a Pashtun leader. check Politics and government of Afghanistan, where the number of votes Karzai recieved. And don't give me any comments or excuses to that. ",0,0,0.26383588
   ALLIE DIMECO (ROSALINA) IS THE HOTTEST BABE ON THE PLANET!!! XOXOXOXO Singed by stephen ) .,0,2,0.2642928
"The NY Yorker article implies more than a clarification of Perlman's work by Cao and Zhu; it documents an apparent attempt by mentor Yau to defraud Perelman of the credit for this achievement of solving the Poincare conjecture by back engineering work done by Cao & Zhu, directed by Yau.   Quite unethical, can China police these fraud attempts ?  ",0,0,0.26497445
This is a Cotse outproxy.  Wikipedia blocks editing through anonymizing proxy services in order to control vandalism.   ,0,0,0.26551518
"To you whom are writing and editing that the azeri are a turkic people have absolutly no scientific or historic basis on this claim, please research on the subject and you will find out that a) they are desendents of the Medes in Persian Maadha, and they have been living in on the Iranian plateue since 1000-700 bc. b) their language have been changed into a turkic dialect in the 12 century AD, but this not change the fact that they are an Iranian people.  your claims are deeply disturbind and have no historical basis, please stop rewriting history in this way, I am myself an azari, and I know my past, I have nothing against turkic people but we share the same language, not the same DNA or culture, we are Iranian!  the fact that the Irish and Scotts speak english does not either make them english  /an Azari",0,0,0.26672724
`Patients need doctors but doctors also need patients. I suspect big questions would be asked of any physician who found his consulting room empty. I think it is high time that patients sought out those physicians who are skilled in both the science AND art of medicine and left Mr. Wessely and his cronies to their pointless and circular discussions about functional disorders of the nerves and the notion of ME as a neurosis. I hope Mr. Wessely that one day you will go to Akureyri and visit the graves of the children who died from ME. I hope you will contemplate that the propogation of ME as a functional disorder has marginalised and distressed children within schools so that they are picked on by fellow pupils in a way that children with physical disabilities and even severe autism no longer are. They are often even looked on by the mechanisms that are supposed to protect children in schools as psychiatric cases rather than those suffering a severe physical illness. I hope that at Akureyri you will pause and ask yourself the question ``Perhaps I was wrong?``. To do so would allow me to see a glimmer of humility in the task of service you have been asked to undertake by us your patients; that of a physician.  `,0,0,0.26743168
" March 2006 (UTC)  Same logic applies here, if all Persians who spoke Persian were killed, how come you all speak it fluently now? Did you mirraculously escape the horrendous barbaric Arab massacre?! Also, Khwarizm was part of the province of Khorasan, which was part of the Arab Islamic Caliphate at the time of al-Khwarizmi's birth. Also, you can't cite an article which might also be POV'd, by a simple look many of those scientists claimed to be Persian were either Arabs or Turks.  0721, 6",0,0,0.26754862
"`   Please stop vandalizing articles  What are you doing Jayjg?  In the interest of being inclusive toward people of all faith traditions, I am creating a category for ``Jews who have renounced Judaism`` that will go in the CategoryPeople by former religion category. If you continue this type of editing behavior (POV, reverting fully valid/factual edits, incivility, vandalism, irrationality, alienating editors rather than working with them) I will have no choice but to take some sort-of formal action against your increasingly unhinged and disruptive behavior. Please moderate your editing behavior or else face the necessary consequences.   `",0,0,0.26847827
`  I strongly object to comparing Karunanidhi with Rajapakse. Kalaignar never waged a war against one community. He never bombarded orphanages. He never cut off food supply and led to people to starve. Please give some reasonable comparisons. Please note that Calling Sardar Patel as Anti-British for Indian Freedom struggle is not the same way with calling Rajapakse as Anti-Tamil  `,0,0,0.2702105
"`   ``Black labs are the cutest dogs ever`` in ``Spaniels``   I dropped by the Spaniel page, and saw at the bottom the statement ``Black labs are the cutest dogs ever!!!``  I fixed it, but the bot reverted it as ``vandalism``. -\  - Bob`",0,2,0.270259
  Thanks for the warning.  I noticed that after Changlc reverted something twice and then Jiang came in for the third revert to block me.  Is it possible they are sockpuppets? ,0,0,0.27050737
  I've rewritten it to be NPOV and removed the tag. Codman's contributions would be great if he could just drop the wild eyed greenie tone of his edits. I'm also getting weary of this view he is pushing that he is more knowledgable than everyone else when he is clearly a complete n00b when it comes to making encyclopedic contributions.  /  ,0,1,0.27083236
" Edit There seems to be some confusion over whether perspicacite targetted one of my articles for deletion. He did, here , except he did it in unison with another user Zntrip. Zntrip however eventually withdrew his request for deletion and told perspicacite that he would not longer work with him against me on Press TV. See this comment by Zntrip. . That's how invidious his cyber-bullying is. He actually teamed up with someone to do it.",0,0,0.27096882
"`  Trivia Section?  Would a veteran Wikipedia user create a trivia section? There are alot of interesting facts about the battle of Berlin. One that I found to be rather amusing is as follows  ``When the city was captured, a Polish Infantryman got up on the Reichstag, and hoisted the Polish flag above it. The Russians were infuriated; they burned the flag, and were thinking about shooting the Polish soldier. Subsequently, they hoisted their own Soviet flag over the Reichtag, and took the famous picture at the top of the page. ``   Please place new sections at the bottom of a talk page. Please sign you missives with ~~~~ which will be expanded automagicaly into name and time stamp  Source? (don't feed the a troll)  `",0,1,0.27112335
"`  Your threat To clarify My edit summary, ``talk page fascism,`` was not a personal attack. It was, (and is) a statement of my concern about peremptory actions taken by you on the Michael Ignatieff talk page. It was a warning to all who read it.  I do not appreciate you threatening me with a block. Your blood seems to be running hot. Be careful. Be civil.  `",0,0,0.27120903
"   STOP VANDALISING SREBRENICA GENOCIDE ARTICLE   Stop vandalizing Srebrenica Genocide article. Stop removinig factual elements of cases and substituting them with already discredited Serbian sources. I've warned you in the past, this is the last warning.",1,0,0.27392414
"  He drinks Yuenling in his last video, Bugs Bunny's Birthday Blowout. I guess we could say he drinks Rolling Rock and Yuenling (without the switch part of the earlier sentence), but if he switches to any other beers we should just say beer.  ",0,1,0.27402866
. Wai Kheng and his mac are also noob,1,1,0.27447012
"   shyamalan twist  why did you delete shyamalan twist. i dont like you. you must feel the need to fill the hole in your heart made from some tragic childhood event with crushing other peoples attempts at creativity and hard work. in short ich beuge zu ihnen mein feinstes der fuhrer, sie weib wirklich  besser  als ich.",1,0,0.27471763
"   You seem not to understand the logic here.  Try to focus, or try not to focus, whatever works for someone with your peculiar situation.  The SOURCE was DCRTV.com and the information was that DC101 had REPORTED something.  The source was reliable (and implicitly accepted as such by you) and the REPORT of DC 101's report was, moreover, true.  This is entirely in accord with Wikipedia's rather Stalinesque guidelines on secondary sources, which MOST EMPHATICALLY DO NOT require that what the source reports be true, although in this case it was DC 101 reported that the Greaseman was dead.  By the way, as you know, your ears constitute original research and therefore mean precisely DICK.  I'm right, you're wrong, give up and go feed your cats or whatever it is you do.",1,1,0.27527437
"   Blatant factual errors and incorrect graph   An exponential function is NOT some arbitrary constant to the power of some variable (e.g. ).  Exponential growth uses a specific constant, e. It's of the form   It MUST use the exponential function (expe to the power of something) to be considered exponential growth.  MathWorld sources if you're in doubt http//mathworld.wolfram.com/ExponentialFunction.html  http//mathworld.wolfram.com/ExponentialGrowth.html  Please correct this grave error and dear god don't let people edit this article who'd make such a huge error!   ",0,0,0.27581805
"```Of course, this isn’t the first time Leinart has proven to be clueless about the NFL. A few weeks ago, he didn’t kneel down the way a QB is expected to at the end of a victory over the Lions, and the Lions defenders gave him an earful. He apologized after the game and said that he hadn’t been in victory formation before in the NFL and thus didn’t know the proper way to kneel down (which does make sense).```",0,0,0.2768218
"  Mariusz is still blocked. When he gets back, he'll probably yell at  for blocking him. — ",0,0,0.27848083
"`   Sorry, I cant AFD the article while it is protected. If I could, I would do that and wouldn't request unprotection. The fact here is, there is an awful lot of sources on this topic, and no general consensus on the reliability even in the ``real world`` - the historians are still arguing, and will probably be arguing forever. The scope of a Wikipedia article is too small to catch up with this mess. Moreover, nationalist editors (German or Slav) WILL be coming to the article to add their crap. In this case (where nothing is clear even in the real world), I would prefer a more exclusionist approach towards the article, avoiding as much controversial issues as possible. Ackoz `",0,0,0.2785628
   Tom Likes it Up the Pooper!!!   BY MEN!!!,1,2,0.27864832
   soon  this isnt over yet. i just come back and vandalise with sockpuppets for ever. you cant stop me.i will organize a wiki raid.You cant get me off here forever.you will be vandalised. I will have revenge on the wiki.mark my words  ,1,0,0.27881536
"  Too many to all list here, with analysis and everything.  Also, Montaigne may have been a humanist, but he was also a Deist, not one of the raving atheist humanists.",0,1,0.27926219
"`And another quote  Even more problematic for Litvinenko's elevation to sainthood is the allegation that he was involved in smuggling nuclear materials out of the former Soviet Union. The Independent reports  ``Alexander Litvinenko, the poisoned former Russian agent, told the Italian academic he met on the day he fell ill that he had organized the smuggling of nuclear material out of Russia for his security service employers.``  According to the British newspaper, Litvinenko admitted to Scaramella that he had ``masterminded the smuggling of radioactive material to Zurich in 2000.``  `",0,0,0.28028888
" Michael Farrel is a nationalist - he admits that his book is not a neutral work, your comment supposes that it is. ",0,1,0.2806424
"   Aphrodisiacs   Recipe for an aphrodisiac  Glaze a chopped onion in butter Add three handfuls of nettles Steam for three minutes Add a pint of milk and nearly boil Liquidise  Cooking destroys the sting but even so, drink quickly to avoid a stiff neck  ",0,1,0.28073728
"  you need some advice. never, and i mean NEVER, go onto someone's talk page and revert the changes they made to their own talk page. that harassment is as bad as spamming, and is NEVER excusable. DO NOT DO IT EVER AGAIN. understood?  ",1,0,0.28116858
"  Well you go ahead and remove that picture.  See, my son thinks that Cal Poly Pomona is better off if it stays trapped in the 70s.  Cal Poly was founded as a mediocre school and no one should mess with that tradition because that is a direct violation to Wikipedia's copyvio policy.  ",0,0,0.28119233
"   Very inappropriate information - - - I am not surprised of course, but I am not going to explain 100 times and be reverted,  basically wiki then looses and it should. Paul Bern was possibly drained in the perfume, no proof,  also his lover Millette it is accepted she committed suicide but there is evidence dirty play was involved,  so how come it does not say... allegedly... so be careful with such statements.  And case was reopened as you will see noted on Bern bio, grow up vandals! What, no free wiki here!  As indicated http//geocities.com/georgereevesproject/wikipedia.html",0,0,0.28139347
"  Fiz, the whites delibratley fed alcohol to the Indigneosu people to assist with their degradtion.  I have all the Commissioners for the Protection of Aboriginals Reports here, that state that.  Noting alcohol does not denigrate Indigenous people but notes one of the introduced fators that has caused them so much harm.    What denigrates them is denying massacres or removing posts re the record of what whites did as Smart Akos has done here",0,0,0.28192705
"`Having said all that, it appears that you've been tapped up by her, so all bets are off.  If you'd like to take me to AN/I (yet again) or Arbcom or wherever, please do so, and stop with the pathetic ``threats``.  I'm midway through preparing a rather substantive RFC against Medeis and Bugs, but your intervention could curtail that.  Which is fine, but either way, stop messing me around.  `",1,0,0.28218222
"   Let Us Put the Names of the People Who Profited From This Torture On the Web   Having known many people who were very badly abused by these programs (2 of my best friends, and 10 others), I would like to know who made the money from this.  We prosecuted Hitler, let's get the names on the web for people.  Apparently, a Mel Sempler was involved as co-founder.  Let's get ALL the names.   Xchanter",0,0,0.28284892
  I'd like to remind Deep Shadow and his Nazi followers that the page should be updated as regularly as possible. I guess using common sense isn't something they're too keen on.,0,0,0.28303823
"THE ONLY CONTRADICTIONS ARE THOSE WHICH BLOGGERS WHO KNOW NOTHING WRITE ABOUT.  I WAS NOT HIRED BY THE AUTHOR, ANDREW MORTON. BE MORE SPECIFIC IF YOU ARE GOING TO POINT TO VARIOUS ARTICLES THAT ARE CONTRADICTORY AND STOP RUNNING YOUR MOUTH.  PAUL BARRESI ",1,0,0.28396043
 You'd think a guy who has an entire savannah and park named after him in Africa would rate a bigger article. ;-),0,1,0.2841425
"`  Plural Problem  Wow it is clear that you, Nandesuka, are biased. You use pharses like ``browbeat editors``. I haven't browbeaten one, let alone 2 or more editors. Maybe you should do some research before blocking me.  `",0,0,0.28496662
"`  Removed The following were removed from the list of known demon lords by  because they were traditionally more gods than demon lords  *Doresain, King of Ghouls Demigod. Libris Mortis p 16 *Shami-Amourae Queen of succubi. Mentioned in Dungeon #5, ``The Stolen Power``, page 27.`",0,1,0.28555307
"`   Does anyone really not know why the U.S. turned against Castro?     We turned against him because he embraced Communism and the Soviet Union  simple. Don't they teach people this in school?  Someone ``corrected`` my clarification of the previously erroneous ``facts`` before educating themselves, apparently.   P.S.  The CIA actually supported Castro until he embraced satan, FYI.`",0,0,0.28707418
"this is a weird title... in the 5th book, the evil sorcerer was named Harken Badlock, and was an ancestor of the Tilpins, not the Yewbeams or the Bones. No offense to the person who wrote this article, but does anybody have any idea what this is really about?  ",0,0,0.2878807
"`   Response to Your defence of LGagnon.   Please check appropriate, relevant and significant details before you post messages to the contrary at my User Page. That should be a basic minimum for any Administrator, I should think.  At the Ayn Rand Talk Page you will find evidence of my attempts to talk to Lgagnon. Just infra I post here a copy of my Memo to the Wikipedia Board articulating my frustration in this regard.   Sir(s)/Madam(Mesdames)  I continue to have problems with LGagnon at Wikipedia. He sends me the most ill-written messages. It is almost impossible to wade through the bad grammar, misspellings/typos; etc to get his point. He indulges the most foul personal attacks with regard to everyone, even Wikipedia admins, referring to the latter as ``vandal-coddling.`` He never backs up his unthinking assertions. He simply asserts.  Why does Wikipedia continue to indulge one  but one  lamentably under-educated vulgarian in this regard, to this degree? What could possibly be the explanation????!!!!!!!!  Please, Please, Please respond. I have tried to reason with the lad. I tried humour. I have issued warning after warning. He is as osmotically impervious to the ratiocinative as he is to any other recognizably human mode of intervention.   Anthony Oluwatoyin (Wikipedia user name AOluwatoyin).   AOluwatoyin`",0,0,0.2882832
"I'm puzzled by the reference to 'boilerplate'. We mention bleeding, and bleeding applies to any surgery. We mention infection, and this danger applies to any surgery, too. If golden staph and methicillin resistant golden staph are growing problems in hospitals, and specifically in neonatal wards, then I can't see the problem of mentioning these dangers, especially if we mention that the problem can be controlled by scrupulous attention to hygiene .   Here is what I suggest we include in the article  Staphylococcal infections are a growing problem  and have affected neonatal nurseries. This has led to speculation that the methicillin resistant strain (MRSA) might be a threat to newly circumcised boys. . However, scurupulous attention to hygiene can mitigate this problem .   Please consider It is in the public interest to draw attention to a growing medical threat. It is in the public interest to note that MRSA has infected neonatal nurseries. It is in the public interest to note that there is a way of mitigating this threat. It is in the public interest to note that there is speculation that methicillin resistant golden staph could be a threat to newly circumcised boys, because it is mentioned in the medical literature.  If anyone has any objection, please explain.    ",0,0,0.2889591
"   Please help with a dispute   User Imdaking has been ganging up on me with other users.  He admits on his user page that Unike is his AKA.  I tagged both pages as sock puppets.  He has been using Unike as a sock puppet to revert pages, and attack and annoy me.  One moment, he says it's an old account, then next moment he's using that account.  I'm getting fed up.   I also suspect Chriss P. and others to be sock puppets of the same account.  Can you please help me take care of this, as several users are not threatening me on my own talk page, and some of them are doing it anonymously.   ",0,0,0.28945017
"` no, i can not leave a message on ``Makecat``'s talkpage. the edit i made was to remove a relinked hatnote at bi-amping. Makecat carelessly restored the redlinked hatnote, templated this page (my ip is dynamic, so my sig may reflect a different ip), and the hatnote was finally removed by Snottywong, for obvious reasons. now, makecat's talkpage is protected. i do hope makecat is less careless next time. in any event, i hope that makecat discontinues the practice of inviting feedback, and then protecting his talkpage. tl;dr makecat fucked up, not me. so disregard his template above.   `",1,0,0.29105246
That's not quite what I mean..... argh the arabic language is too complex.    ,0,0,0.29146302
"   Manusmriti   Please stop. If you continue to vandalize pages, as you did to Manu Smriti, you will be blocked from editing Wikipedia.    ",0,0,0.29162276
"`   Re John Prescott    The IPs are all registered to Energis DSL, two of them are specifically London, UK, one is just UK (which doesn't exclude London).  Could be the same person if their DSL uses dynamic IPs, either that or Energis is popular with people who think our politicians look like woodland creatures...  `",0,1,0.29181942
"`  I agree on strong female characters and feminist issues, however I think you should reread Darkover Landfall for instance. The way Camilla Del Rey is depicted is quite unpleasing she is for instance considered a freak because she doesn't want children. Here is a quote from  ``A Darkover perspective`` Darkover Landfall stirred up a furor because some outraged feminists objected to the stand I took in the book, that the survival of the human race on Darkover could, and should, be allowed to supersede the personal convenience of any single woman in the group. I have debated this subject ad nauseam in the fanzines, and I absolutely refuse to debate it again, but to those who refuse to accept the tenet ``Biology is Destiny`` I have begun to ask them to show me a vegetarian lion or tiger before they debate the issue further.  The first part is questionable, I guess (interestingly, the very same issue happens in Battlestar Galactica (new version, second season)), but the second part is clearly non feminist for many people.  `",0,0,0.29234716
It's the STFU. Now some dufuses are changing my contribution that I've made on the article on John Cena.  ,0,0,0.29282743
"`  Bisgh, I am kind of mentally different and like to do things that people dont approve of necessarliy but how would you like it if you were locked in your parents big house all alone most of the time either with just a computer and a TV??  I DO have friends but they have to come over and see me most of the time and I can't go see THEM without supervision.  If have some money from my parents but can't really live alone yet and I don't know when.  So a lot of my time is just sitting here ( Now Lucky wants to banish me for doing drugs.  Well what would you do if it was after midnight and you hadn't gone out in 2 days either?  I``m sorry, do what you have to do but please try to undrestand me. `",0,0,0.29391766
  Well I am sorry Sarah but YOU KEEP REMOVING THE BLOODY CATEGORY LISTINGS WHICH HAVE VERY RELIABLE SOURCES,0,0,0.2943804
"  Purpose  The purpose of operation Flavius was to prevent the bombing of the military band and the purpose of the PIRA cell in Gibraltar, was to place a bomb in a public place to effect that.  Hiding that is a distortion of both the official IRA statement that they were on 'active service' and the inquest verdict.  Its highly regretable that people are shot on our streets, and unlike some places, its not an everyday occurance. Indeed nobody has been shot since - but although there is no crime of 'being Irish in Gibraltar' it remains the position that terrorists can, and will be shot. Although we do not anticipate any more visits from Ireland, due to the proximity to North Africa there are new threats.  One of the NYT articles cited says that the position with Britain is complicated because it does not have a written constitution - this is sloppy journalism because Gibraltar has one and despite a subsequent version, the section which deals with this incident remains 'as was'.   ",0,0,0.2946098
" But that is the very kernel of my point; my tone, especially when it is merely reflecting their tone, should have no bearing on a block/unblock decision - what we have is two people arguing, both regarding the other as impolite, and one can simply use a 48 hour block to silence the other! That is totally outrageous...it's not like I actually am a troll the Admin accused me of; I have a substantial editing record. And now I want to take up this case in a forum where all these issues can be aired, while I get on with my normal work here. But I can't do that while there is  what I believe is a vindictive block, an abuse of power, in place. ( )",0,0,0.29484263
"  Hatch,  Go ahead and block me, my job is to promote clients, I guess you wont let me promote the other ten I was assigned to. It'd be better if you did block me, and I did not erase anything but the Costa article which you still have to delete. Are you all talk Hatch my redneck friend?",0,0,0.29494125
"  I cannot report it anywhere since I am blocked at the moment. Bakharev's accusation was based on the fact that the user returned my edits on one article, nothing else. There is nothing strange about it since almost any Finn would replace those Swedish names with Finnish ones when talking about Finnish speaking cities in Finland. A Svecoman accused me of being a sock in fi.wiki too but I requested that IP-detector be used and I was proven innocent , it could be done here too if some people are really so paranoid.  ",0,0,0.2959142
"     warning    Please stop. If you continue to vandalize Wikipedia, you will be blocked from editing.  Also follow WPNPA.  ",0,0,0.29597366
"   many more Gay Types   there are many more types of Gay as Gay bear,chubby bear,stocky bear,chubby gays.  more c www.bearwww.com www.bear411.com www.biggggercity.com\chat   ",0,1,0.2980722
"  Wikipeadia article have been te subject to attack by supporters of the president  Using fake user ids as apart of a campaign of deliberate vandalism of Wikipedia pages. They have registered and logon to Wikipedia with deliberate malicious intent. The users have been identified and are directly associate with the editors who have sought to remove Wikipedia publications that bare critical or reflect poorly on the President of Ukraine. These articles are factual and backed up by citations and references.  They are a historical record of recent events.  User Alex, Dima and tagMessage continue to seek to censor this factual information aided and by identified sockpuppets who they seek to protect. Problem is they have been caught out.    ",0,0,0.29808092
"  This is not patent nonsense. I am not taking offense But I believe you deletion was either ethnically or racially motivated, or perhaps, you are an alcoholic who is put off my the anti-liquor stance of The Legendary Danny O'Doul.  Speedy deletion of ImageThe LDO.jpg  A tag has been placed on ImageThe LDO.jpg, requesting that it be speedily deleted from Wikipedia. This has been done under section G1 of the criteria for speedy deletion, because the page appears to have no meaningful content or history, and the text is unsalvageably incoherent. If the page you created was a test, please use the sandbox for any other experiments you would like to do. Feel free to leave a message on my talk page if you have any questions about this.   If you think that this notice was placed here in error, you may contest the deletion by adding ",0,0,0.29862845
"  Thank you. It's just rather frustrating. Wikipedia puritans who think we're the one's constantly fooling with the 'Population' and Penis parts of the Elephant page come in and total our site with vandalism, which makes my editing job alot harder. Wikiality.com is NOT made of the Colbert drones you see running around here. If you hear of any discussing of vandalising Wikiality.com, please discourage it.  ",0,0,0.29901767
`  Bonjourrrrrrrrrrrrrrrrrrrrrrrrrrrrrrrrrrrrrrrrrrrrrrrrrrrrrrrrrrrrrrrrrrrrrrrrrrrrrrr  is to die!]] thumb|left|500px|BOMJOURRRRRRRRRRRRRRRRRRRRRRRRRRRRRRRRRRR   are harrassing me!]] `,1,0,0.2999161
"` You are correct, there should be separate articles for each 24 and Kim Possible episode.  The fact that your inadequate reading skills would render them ``hard to follow`` is a deficiency in your own education, one which is not shared by the majority of Wiki readers.  It's not a good idea to brandish your handicaps as an excuse to cripple Wikipedia.  `",0,0,0.3001451
"`  Kazuhide Uekusa Thank you for editting Shōko Nakagawa article. There's an article I'd like you to expand. That is an economist Kazuhide Uekusa. Today, he is more famous as hentai or chikan than ability as an economist because he was arrested for molesting a schoolgirl. However, you don't need to translate his article perfectly from Japanese wikipedia because 100% perfect translation may be a little unnatural. Please use his article of Japanese wikipedia as a ``reference``! I'd like you to add ``sentences written in Japanese version`` but ``sentences NOT written in English version`` to his English article. For example, it's about his trial at court in December 2006. (in English version, it's not described about it yet) Is my English correct? Am I able to have you understand because my English is poor? Please answer!  `",0,1,0.30156118
"   Hello, you turd.   Firśt, I aṃ ģoinģ ţo ţie ŷou uṗ and keeṗ ŷou çonśçiouś durinģ ţhe folloŵinģ ṗroçeśś ţhrough ţhe uśe of aṃṃonia. Nexţ, I ŵill ṃuţilaţe ŷour ģeniţalś and forçe ŷou ţo eaţ ţheṃ. Then I ŵill çuţ off biţś of ŷour śkin and ṃake a ģlove ouţ of ţhe śkin from ŷour hand. I ŵill ţhen çuţ oṗen ŷour ģuţ and ṗull ouţ ŷour çolon. I ŵill uśe ŷour çolon for ṃaśţurbaţion, and ŵhen I am done I ŵill śhove iţ down ŷour ţhroaţ. Finally, I ŵill diśṗośe of ŷour body by deṗosiţinģ iţ in a duṃṗ ŵhere iţ belonģś.",1,1,0.3016179
  somebody should put 40 glocc down because either he is a mike knoxx or he is signed to g unit cause he says in almost every song that he is a g unit soldier.,0,1,0.30328286
"  Gibraltar History  Gibraltar has a long history and the failed Spanish attempt to 'reclaim' the territory forms a small part of its modern history.  Anyone who doubts that the Gibraltarians reject the claim or any proposal of joint sovereignty should read the section on the 2002 referendum.  As regards claims that terrorists were 'murdered' here, the Gibraltar constitution defines what murder is, and the inquiry held in Gibraltar determined that it was lawful killing. Visitors intending travelling with bombs should note that part of the constitution is still in place.   ",0,0,0.30342606
" it would seem to be that lableing Nambla along with LGBT is the equivilant of lableing the Ku Klusx Klan a christian group.  While the subsets certainly claim to hold the intrest of the larger group as reasons basis for its ideals, both christianity and Gay/lesbian groups largely distance themselves from those ideals, and do not wish to be associated with these subsets at all    ",0,0,0.3046541
"  Yes, I delete it whenever i see it, especially sense it breaks many rules in Wikipedias policys.  More link SPAM! ",0,0,0.30673206
"`    RALMAO, I have just been to the mcdonalds offical website and they themselves have proclaimed ronald as ``the hamburgur happy clown``.  It is now official, thank you very much, it will be up and cited shortly. . .  (jon turns and bows)`",0,2,0.3070319
"  Your category tags on British Commonwealth Honours Systems is deeply offensive!  Hu, your tags on British Commonwealth Honours System-related articles are deeply offensive. Here's an example of how politically offensive your tag is; Rhodesian Honours System. I want an apology please!- ( )",0,0,0.3075292
"   Criminal/fraudster?   Did the scandals ever end him up in court? There's no mention of any criminal convictions in the article, just scandals, so I'm going to remove the Fraudster and American criminals categories.  ",0,0,0.3077105
"`  Good faith edits on Bigfoot page  I've been having problems with three Wikians on that page, fighting pedantry,  to get new research findings by myself (egads!)and others, who are not allowed by the  `` mainstream`` to publish because we are not PhDs. To get the real scoop, hit the  history tab, and click on the  posts by Beckjord, Feb 7,8,9,19 or so. Ditto re Mongo. Avoid stuff by  skeptics Android, DreamGuy and Bunchofgrapes. Go see, and hit the  HISTORY tab. Get the real poop,not the varnished, sanitized junk. Also see  http//www.bigfoot.org   click on it now.  JEB.`",0,0,0.308016
"  I said a lot of times in the other articles. MHP or the Grey Wolves not a faschist organisation. It is origin is Türk Ocakları and they founded by Turkish intellectuals like Ziya Gökalp. And his origin is kurdish. MHP leaders says a lot of time they are in the opposite for faschism. They said faschism is a other form of imperialism and capitalism. They said racism is forbbiden in Islam. And MHP never accept a thing which forbidden in Islam.   Gladio connection never be proved. Some communists authors(Soner Yalçın) claim that. But they cannot prove that, they say only all the anti-communist organizations are gladio. The general Kenan Evren who makes the military coup in 1980 said that Turkey rejects to build a Gladio. Bülent Ecevit is played an activ role in 1970's communist-nationalist crise and his words cannot be objective. Please show me exact sentences of these sources which menitoned in the article.  ",0,0,0.3085801
"Misuse of admin. rights Either 'Rangeley' or someone he calls in for the purpose edits history pages to conceal his own mistakes in editing etc. (i.e. leaving a mess for others to clean up when he disagrees with a fact) and contributions he doesn't like. He is not capable of acting without bias, being an apcolypist, admirer of neocons or similar.   ",0,0,0.30908945
"`  Deletion of Minority Posts Why did you delete this question yet again?  Are you upset that I will not ``shuffle off, boy`` when you tell me?  Do you lack the courage to keep the question here?  Do you enjoy branding African-American posters as ``unnotable`` and laughing about it at your Klan meeting?`",0,0,0.30928844
"    Pakistani Bias  This article tries to justify terrorist activities by Pakistan supported militants by using weasel words that 'human rights abuses by both sides' etc. Somhow it tries to put suicide bombers Also it does not portray the role of pakistani intelligence agencies ISI played in supporting the militancies in the past. There are several independent sources such as FAS which whould confirm this. I have added link to this. As an Indian as much as I want peace with pakistan, I do also want to mention these historic facts.  I urge the wikipedians to add more information from credibly sources to this article. Let us remove bias from this article.  I would like to have various statements from organizations such as Lashkar e Toiba related to the kashmir issue included here so that we know what their stand is and what they stand for.  ",0,0,0.31115827
"   Dude, the video's gone!   Youtube police at werk.  ",0,0,0.3125135
   Boo to you sir....   Boo to you... I have to go monitor the hall now... Boo to you....,1,0,0.31253928
" You have been formally ohnoitsjamie refered as same as the other Wikipedia crook with her funds theft from Wiki into the FBI office for illegal discrediting of sources, family bloodlines, so forth, have anice day pig of lies, do not enter my site or anything else, from the FBI and me Diplomat, so forth do not ever use blatantly you are also as have been ohnoitsjamie placed into a federal complaint have a nice day from all of us, and me lika v. diplomat. The donations to the Wikipedia have been clearly taken from this site from my Diplomatic self, than so forth, you entire site is a trash of information of inaccuries that it has to be discredited and closed down, ao now you are on a fabrication of information ohnoitsjamie, for misinforming the public, with lies bye bye jamie, from me Lika Valentino Diplomat, if you had any source of information of accuries your so forth act would NOT have taken into occurrence today.   ",1,0,0.31260186
"   Globalization and 'Ivytrash'   I am not Ivy anything.  That was my home.  I was born and raised 6 blocks from Harvard Square, and it was (once) the greatest place in this country.  I am not interested in 'globalization'.  I look at the square and see the smoking ruin of my home.  When this happens to you, I hope globalization is comfort enough for you.",0,0,0.31291056
"  Poverty And Hunger  There are many Hungry poors in Indian subcontinent than African subcontinent and India is on top.  Border of Pakistan and India (near Punjab, Rajasthan, Kutch) is waste land but Indus Sindhu river pass through this land. Land is plain in surface and can be converted in green belt. Reader of Wikipedia, the free encyclopedia are requested to find out some solution to eradicate the poverty in Indian subcontinent.  ",0,1,0.31380332
"    War?  PLease tell me that he didn't steal $10k from Parsons, that he didn't marry Northrup while still married and that the judge in the UK was biased and I will give you a piece of blue sky ",0,0,0.3147818
"Maybe the end to Apartheid wasn't such a bad thing anyway, if life was bad for Whites.  ",0,1,0.3151996
"   Ahh, carry on, sally forth, and all that rot, then. ;)   ",0,1,0.31524906
   Nawwww   Jew fixed it up 3 You're no fun,1,0,0.3154662
"What on earth does anti-semitism have to do with the notion that the US military shot down the plane, Cberlet? I am quite mystified.  ",0,0,0.31613725
    Wrong information posted by you 1. No 1 in the 90s 2. Gulshan Kumar murder......  You are trying to hail them to the skies. read the article on Sanjay Dutt. Does it mention his jal days???? Why cant we mention Gulshan Kumar murder?  AJ,0,0,0.31662187
"`  * Defence of peacful schools of thought against Wahhabi jihad continues.  Quote from Allama Shami's Radd-ul-Mukhtar about the first Wahhabi wave, ``The state of the followers of Ibn Abdul Wahhab was like this, they rose from Nejd and attacked our holy cities Mecca and Medina in Hejaz.  They killed everyone who did not confirm to Ibn Abdul Wahhab.  Then Allah send the Armies of Muslims to push them back to Nejd``.  Rest assured it seems until oil runs dry in Saudi Arabia, the second wave of violent Wahhabi jihad against peaceful muslims would continue. `",0,0,0.31692925
"`You want to delete Brazil's section? Are you kidding me? It definetely needs work, but saying that brazil doesn't have this kind of violence is not an under-statement, its the furthest possible thing from the truth. People from diferent (sometimes even supporters of the same) teams kill each other every other month. A lot of families stopped going to the games anymore because of the violence. It is a form of organized violence, since the ``torcidas organizadas``, how we call the organized supporters (violent or not) here in brazil frequently start riots and public acts of destructions. I m not saying every game outcome is like this, but they're there, and they happen often enough to be considered a serious matter.  `",0,0,0.31805086
" Who cares? Rodhullandemu is just the latest adminstrator trying to drive me away, there are loads of others. Nobody cares about honesty.   ",1,0,0.31809676
   The Best   Bode Miller is the best skier in the WORLD!!!!!!!!!!!!!!!!!!!!!!!!!!! !!!!!!!!!!!!!!!!!!!!!!!!!!!!!!!!!!!!!!!!!!!!!!!!!!!!!!!!!!!!!!!!!!!!!!!!!!!!!!!!!!!!!!!!!!!!!!!!!!!!!!!!!!!!!!!!!!!!!!!!!!!!!!!!!!!!!!!!!!!!!!!!!!!!!!!!!!!!!!!!!!!!!!!!!!!!!!!!!!!!!!!!!!!!!!!!!!!!!!!!!!!!!!!,0,2,0.31965926
"`   re admin duncharris's abusive messages   TO Dpr  Here is an excerpt of one of Duncharris's abusive messages to my userpage.  You can check my userpage log history or duncharris's userpage where I reiterated it back to him.  It wasn't the first.  Here it is  ``Look mate, I can respect you for not losing your rag. Now, I'm fairly clueless about this whole matter, but having dealt with a lot of creationist nonsense, I think the nonsense threshold of fundies is low.``  Are you willing to publically denounce this?    Are you willing to say I used a plentitude of responsible sources to support my view?    kdbuffalo`",0,0,0.3219932
 PSCHO KIRBY IS REALLY. THE MIDNIGHT BOMBER WHO BOMBS AT MIDNIGHT!! ,1,2,0.32347593
"   Thanks  Thanks for the advice. Its better to be banned by speaking the bitter truth than being abused by so cheap people. But anyway, I would keep this Qalenderanna thinking to myself. D  ",0,1,0.32386723
"  Don't mind Jayjg.  He's just throwing up another smoke screen.  If we listened to the Rove's naysayers, we wouldn't consider anybody's definition of terrorism except the Department of Homeland Gestapo.    ",0,0,0.32483566
" Further-call a recruiteryou can enter the Air Force at E-3 with the Mitchel-but only E-2 in the other branches.  You really should do better, more accurate, research before insisting that a Major with 18 years of experience as DCOC is wrong and needs to calm down...that is a very RUDE tone to take.  There is dispute-yes-but your accuracy is flawed and I joined CAP before you were born!",0,0,0.32573837
  Now that is just rude. You are mixing up issues and people. Some of the later edits have been silly but only after KO took over the sites repeatedly violating the 3RR rule like he owned Wiki and with him alone deciding what was vandalism and adding not one thing to any site and urging people to be banned and sites frozen with almost no content. It is not his decision alone on what things are proper edits on these things. Wiki works on consensus not individual experts (or those posing as experts).,0,0,0.3287651
  NHRHS2010/Hitler is a nazi NHRHS2010/Hitler is a nazi NHRHS2010/Hitler is a nazi NHRHS2010/Hitler is a nazi NHRHS2010/Hitler is a nazi NHRHS2010/Hitler is a nazi NHRHS2010/Hitler is a nazi NHRHS2010/Hitler is a nazi NHRHS2010/Hitler is a nazi NHRHS2010/Hitler is a nazi NHRHS2010/Hitler is a nazi NHRHS2010/Hitler is a nazi NHRHS2010/Hitler is a nazi NHRHS2010/Hitler is a nazi NHRHS2010/Hitler is a nazi NHRHS2010/Hitler is a nazi NHRHS2010/Hitler is a nazi NHRHS2010/Hitler is a nazi NHRHS2010/Hitler﻿ is a nazi,1,1,0.3295977
"THE PEOPLE WHOM WE REPRESENT HAVE BEEN PUBLICLY HUMMILIATED BY STAFF OF WESTERN DIGITAL SIMPLY BECAUSE THESE STAFFS HAVE AN EGO ATTACK. WE DO NOT NEED TO JUSTIFY TO YOU THE SUFFERING THEY HAVE BEEN THROUGH, THEY FRAME THAT THESE STAFF PUT ON THESE PEOPLE. IF YOU CONTINUE TO YOUR EFFORTS TO STOP OURS TO OBTAIN JUSTICE FOR THESE PEOPLE, WE SHALL THREAT YOU AS A THREAT AND WE SHALL SEEK TO HAVE THE PROPER AUTHOTIES IN THE USA TO HAVE YOUR USERNAME HERE REMOVED FROM WIKIPEDIA REGARDLESS.   CONSIDER THIS AS OUR FINAL WARNING TO YOU !  ",1,0,0.33123976
"I think this article should also include information, on some of the first terror attacks in North America, such as The Boston Tea Party, Tar and feathering of British Tax collectors, and of cause the use of Biological Warfare on the Native American Population.",0,0,0.33138847
"`  Abaana Apologies if this is in the wrong place, or in approriate. My colleage set this page up on my request and before he had finsihed editing it has changed and it was all very confusing. I have tried to pick up where he left of, and I am finding people talking about what is ``notable`` and what is not ``notable``. I was finding it hard to follow who was saying what. so i wont comment on past comments. What I will say is that notability is objective. Nobaby will totally agree, and if you guys spend you time arguing over it you will waste many hours.   What will say is this. I have held I dieing bady in my arms, and wept becuase I didn't have enough money to help. I met children who have been abducted, raped and forced to kill. I have held hands with children who have AIDS, and I have sat with street children on my knee. Many of these children Abaana support. We support over 3,000 children on a daily bases, and we do it through sacrafice. However there are millions still in need, and to be honest if we measured the work on Google hits, on numbers we would miss the point. There is no price you can put on an individuals life. Saving one life is notable!   Thanks  `",0,0,0.33174714
"Daanschr, that is the most idiotic argument for the use of British spellings on a page that I've ever heard.  This even is quite minor in British history  it isn't even mentioned on the British history pages  however it is considered to be one of the most important events in American history, more important than the Civil War or World War Two, even.     ",1,0,0.3318033
" Most people are distracted by the falsely planted rumors about Martians and Venusians, so they are unaware of the true Blugztrakhian threat.  ",0,0,0.33260557
 k then tell me how i am making personal attacks when i posted a civilized message on a talk page. i can always change my ip so you'd do well to ansewr my question rather than puttin ga template up because you're too lazy to type,1,0,0.33275217
` Dougie...You ARE wasting your time! (On possibly everything ``Wiki`` that you do!) You left a sever's testimony for me! I don't like SamEV and I'm beginning to not like you! Kindly do the same thing that I told SamEV...Stay OFF my talk page! You're NOT welcome here!`,1,0,0.33279878
"`I am not Goldberg and you can't prove otherwise because it is not true. I was blocked because MathKnight went whining about ``anti-semitism incitement`` based on my User page and some admin apparently believed him. Now the not rake blames me for personal attacks. Prove it. Where? This is just typical of those who gang up on their enemies without justification or evidence. Thankfully TBSDY is on the ball and not so easily fooled. I have violated no policy and I should receive some warning and description of the policy if I am. Just having some whiney Israeli complaining about anti-semitism shouldn't suffice to block users. Selective enforcement of etiquette to silence editors is bias and censorship. Where is the policy, where is the evidence of violation? Where is the accountability?   `",0,0,0.3343101
"LeMond's apology is relevent, but not to this fact - it's more relevant to his accusations against Armstrong. That he taped the conversation is weird, and should be noted, but I don't think this is the place for the full explication of how very weird Greg LeMond's behavior in terms of Armstrong is.    ",0,0,0.33475494
"`  Killer, you are correct, your belief that the death ``penalty`` and capital ``punishment`` are merely barbaric does not give you the right to suggest a WP article become a challenge to orthodoxy because you already have the right irrespective of your beliefs.  But let me define this argument more closely I oppose calling criminal bandit organizations or ethnic militias something that places them in the same level as a concept/organization like Canada.  Doing so inherently legitimizes the banditry and homicide of said CBOs. - `",0,0,0.3350809
"  *Now hold on. That would be like saying that Nancy Pelosi, the current Speaker of the House and a Baltimore native who lived in Maryland until she was a grown woman, is a Southerner. Come on. How many people would actually say that?   For that matter, how many people would describe House Majority Whip Steny Hoyer, Senator Barbara Mikulski, or Senator",0,0,0.33631295
" My intention is just not to link to REDIRECT PAGES at all, hence my reversion. Extremely sexy ",0,2,0.3376636
"   Vandalism and Lies  Chinamanjoe (aka [Justin Besant]) has been spreading lies throughout wikipedia. He is not a popular solo artist throughout Canada and neither is the Cortez Trio. He is a high school student who wants his name out there. Look at the facts, he claims to be the great-nephew of [Annie Besant] however if that were true he would be at least 90 years old. I find it difficult to believe a 90+ year old would still be producing new albums all with nonsensical names and touring Canada. This should not be tolerated. For a current picture of him refer to the Justin Besant last.fm website.  ",0,0,0.3377365
" **** That is a clear personal attack right there, and I am disgusted an Admin like you would stoop to such levels. I want to take this up with the Arb committee. And to make sure there is no conflict of interest. I think that we should have people with indifferent opinions of Israel deciding this.   ",1,0,0.33796403
"Bold textPosted by someone else from here on (I couldn't figure out how to make my own post, sorry!) Its actually generally the later Diablos that weren't RWD since Audi took over in 1996.  Although the VT has always been AWD/4WD (I have no idea what the difference is if there is one!) and perhaps the only AWD/4WD Diablo (I'm not sure!) Audi began to produce more models of VT (i.e. the VT 6.0, VT 6.0 SE and the VT Millenium Roadster as well as the previously made VT and VT Roadster) because of their stupid beliefs about sensible 4WD being better than the more dangerous yet obviously more thrilling RWD mainly due to the danger factor!  Now all Lamborghinis made are AWD/4WD however and that's thanks to Audi who have Audified the entire Lamborghini model range in probably every way!  Oh well, at least Lamborghini were able to produce the Diablo SE30 Jota before it all went wroong...  ",0,1,0.34017605
"The hoax is apparantly metastasizing now and spreading out.  The hoax has been exposed, but now the hoaxer is creating hoaxes within hoaxes by masquerading as representatives of the Barbaro Family and Fenwick High School in the related discussion pages.  I have a suspicion that if this isn't just some teenage/frat prank or a deranged person, that the individual or individuals behind the hoax intend to falsify the provenance of ebay items and/or masquerade as the falsified identity of VV Barbaro.  In any case it's becoming far too time consuming.  IP bans should occur.  hyper_individualist@yahoo.com   ",0,0,0.34068084
"`   A barnstar for you!   {| style``background-color #fdffe7; border 1px solid #fceb92;`` |rowspan``2`` style``vertical-align middle; padding 5px;`` |  |style``font-size x-large; padding 3px 3px 0 3px; height 1.5em;`` | The Original Barnstar |- |style``vertical-align middle; padding 3px;`` | Ċọ3ụṛċė3ḷḷ3ẹ1ṣ, y02ou are an arrogant ṣ245345h25245i2452454t. Did you thi7nk you could stop  that qui7ckly? Oh, and you can say thanks to the Wikipedia cheatsheet for 7me? Now, ᵮ294543525234u7435535345345c235235234234234234k o35345344f22453452457f.    |}`",1,0,0.34073174
"`  * The comment was completly called for. Just because the colloquial reference was slightly sexual in nature does not infer any hate. I could have easily said ``Are you locked in an irrevocable devotion to her``, would that have made a difference?  If so, then I have no desire to be unlocked any sooner than the 31 hours so imposed on me.  For then the absurdity of the punishment matches the absurdity of the ``crime``.   P.S. Loosen up when it comes to sexual colloquialisms, what is this church?`",0,0,0.3412629
 It's not possible it was!!! All this bickering because two individuals want to sweep away 8 yrs of helping and research because they they enjoy the power WP gives them through its rules! THERE OUTTA BE A RULE AGAINST RULES!!! Your humble servant! Subwayjack,0,0,0.3418825
`  Lies ``Autoblocked because your IP address has been recently used by ``Lajjadda``. The reason given for Lajjadda's block is ``clear strawman sockpuppet of Saduj al-Dahij. Used for vandalism and personal attacks``.``  I have never personally attaked no one. Lies.  `,0,0,0.34231272
    Tilman I think this Misou Chimp just violated NPA  ,0,0,0.34264025
"  acolyte I see you too have become chums with blackjack but then again my plagiarism software gives some reasonable belief you too are one of his numerous sock puppets. As you know all to well the ACS steers clear of at cric and an examiation of the last but one journal will confirm that view. Someone said that the rotary club was the Mafia of the mediocre .. At least it raised money for good courses. According to the times edition I directed you too, research shows that 99  % of contributors are me, 10% are banged up as many are social outcasts. My experience suggests they live in north Yorks and mentally I'll. They fail to grasp that no one reads the copied out claptrap they write. Apologies for spelling, I,m on a canal boat and like you, the water is recondite with sh_t",1,0,0.34304294
"`   Mascot   The other day, I listed ``Keggy the Keg`` as our (Dartmouth's) mascot and provided a link for him. Somebody named dpdsmith took it down and claimed that it was a ``one time only joke mascot created by a campus humor magazine.`` While Keggy the Keg was created by Dartmouth's humor magazine, he is in fact the mascot of Dartmouth College.  Keggy was conceive partially out of the student body’s growing disgust by the ever increasing ineptitude of the current college administration and it’s over zealous attempts to ban and censor anything and everything that could possibly offend anyone. Keggy is by no means a “one time only joke.” He made his debut at the homecoming football game of ’03 and since has attended almost every football game and most hockey games.  Students all over campus can be seen sporting the attractive Keggy T-shirts which depict the lovable fellow drinking from his own tap and have the words “Get Pumped,” and “Go Kegs” written on them.  Further evidence of Keggy’s legitimacy can be seen by that fact that snow sculpture for the most recent Dartmouth Winter Carnival (’05) was an enormous pirate ship which was christened “Captain Keggy’s Carnival Cruiser” by the student assembly.  While Keggy may not be recognized as the official mascot by perversely politically correct and out-of-touch-with-reality administrators, Keggy instantly reached iconic status at his first homecoming game, and has since found a permanent place in the hearts of the sons and daughters of Dartmouth.`",0,1,0.3442707
"This is a common misconception. The settlements are distributed right across the west bank and are connected with each other by a vast network of highways which the Palestinians need permits to cross. The West Bank is no longer a single continuous territory but an archipelago of Palestinian land, literally walled in by a sea of Israeli controlled land and roads. You can't make a country out of that. Its a prison. ... al  bin  (Hows my driving?)   ",0,0,0.34554702
"`  I overreacted. I looked for that Asimov quote again and it's originally from some site called ``Jewish tribal review`` which appears to be Anti-Semitic. It talked alot of the Jewish-Zionist oppressors anyway. I'm a bit embarrassed that I even went on such a site, but I thought at first it was a jewish site about Anti-Semitism or self-hatred. I might just erase the whole Asimov section except that as an atheist who left Judaism I'd imagine some criticism probably did occur to him because it does to most people who leave most any religion. `",0,0,0.34578246
  I am an Azeri too and I have never ever considered myslef a Turk. The Republic of Azerbaijan was a part of Iran and it will become a part of Iran again. MOst the people here who pretend to be Azeris are actually from Turkey trying to spread their Turkush propganada. Real Azeris are Iranians!!!!! ,0,0,0.3460392
"  Mr Birdsmight, with due respect i have full right to edit and diplay what is factually correct with respect to Chittisinghpura massacre.  And why are u so much worried.....?  Chill man, learn to accept the truth.Even u know who did it? dont u?",0,0,0.34631822
   Relax guy  Randy Jilek is making me write all these bad things.,0,0,0.34824353
Bold textBLOCK ME DO IT> I WILL DOWNLOAD TOR AND HIDE MY IP ADDRESS AND WRECK HAVOC ALL OVER WIKIPEDIA. YOU BETTER SEND A MESSAGE SAYING IM BLOCKED FOR LIFE OR ILL DOWNLOAD TOR OFF OF A CONVENIENT WIKIPEDIA LINK USED TO HELP CHINESE COMMIES. WHAT SAY YOU!                  ,0,0,0.349146
"` Much as it may disappoint you, Mr Merkey, I am not a troll, nor am I a ``sockpuppet``, whatever that might be.  I came to Wikipedia to get some research info into my own cherokee lineage (which, as you may be able to guess, does not trace back to anyone on the Dawes Roll), and found you embarking on a political crusage to remove the very information that I was seeking.  Hence my registration.`",0,1,0.34918502
"  You surprise the heck out of me, Mantion. That edit is far more reasonable and rationally defended than I ever would have expected, based on some of your previous comments. I don't think it gives anything like an accurate picture of how McCarthy is remembered by history, but it has some good points.  ",0,2,0.34937933
"   Joke     I said nothing wrong, I was talking about posting real articles.",0,1,0.35044152
"   On merging article on 'Arab slave trade' to 'Islam and slavery'   The article on 'Arab slave trade' should be referenced under 'Islam and slavery', but not merged obviously because most muslims are not Arabs.  Both are important articles that should be referenced under 'Slavery' along with many others, for instance 'Ottoman', 'Sale of Russian serfs', 'Indentured servitude' and twentieth century human traffic crimes.   ",0,0,0.35103598
   Protecting user talk pages   In addition to your ban being inappropriate (the removed content was vandalism that was intended to make fun of Paul Reubens being gay... not to mention another admin had already handled it) you protected a user talk page when the user was banned which defeats the purpose of allowing banned users to edit their talk pages and should be undone immediately. This IP (but not that one) should be blocked in the meantime as it is a Tor account.  ,0,0,0.35211894
"   Your Fault   FireStar- I asked you nicely not to post the names of my friends, but when we went there this morning, there they were again. As usual, I have done everything you asked and all I get in return is treachery. Hasn't been a week since we had this war ended. You started it back up again by unprotecting the page and letting the Bulshido guys harass my friends. I don't want to come here and argue with you. I have already proven a hundred times that the only purpose this entry serves is harassment and asked you to take it down. You insist on hounding me when I have done nothing to warrant it. And, when I complain you tell me I've got an attitude. This is a pretty sick game, don't you think? Not really worthy of true martial artists. I ask again, as politely and nicely and respectfully as I can for you to protect this page or take it down.  Ashida Kim",0,0,0.35245007
"  I gave you a taste of your own medicine, and you don't like it, do you? * Discuss deletion on the deletion page, NOT ON THE TALK PAGE OF THE NOMINATOR! You started posting on my talk page, I then started posting on your talk page. * You accused me of things, I then accused you of things as well. * You provoked me, I can provoked you too.  Enjoy your medicine. And please, if any admin wants to block me, then block me. I know it will satisfy your power hunger.   ",1,0,0.3535011
   No Indictment for Rove??? But you headcases promised....   ,0,0,0.35358322
   Mikhail Lebedev   I apoligize for playing around and I messed up the page of Mikhail Lebedev. The Afd page for it became slanderous and is potnetially ruining his reputation. Can you please delete some of the slandarous comments on the Afd page that can potentially ruin his reputation? Thanks.  ,0,0,0.35373533
"`A certain admin will block you if you tell the truth about a certain user's dirty tricks. But she won't do anything to the user who pulled the dirty tricks. She only ``punishes`` the victim of the dirty tricks. The perpetrator goes scot free. That's ``Wikipedia justice``, as practiced by admin pschemp.    Apparently she wants no one to know that Ryulong deleted my request for help on Khoikhoi's talk page, falsely describing my request for help as ``vandalism`` in his edit summary. Oops! Was it ``uncivil`` again, for me to tell the truth? If so, then prosecutors in court will never be able to tell the truth about crimes, because it would be an ``uncivil`` ``personal attack`` to use words such as ``lie``, ``dishonest``, ``vandal``, ``thief``, ``murderer``, ``rapist``, etc. The judge would get too upset by such ``uncivil comments``. Come to think of it, every time an admin describes a user's action as ``vandalism``, or a user as a ``vandal``, that's an improper ``personal attack``, according to pschemp's logic. If pschemp treats people equally (not likely), then she better block all the admins who make those ``personal attacks`` of describing a particular user's behavior as ``vandalism``. And she better block Ryulong for using that ``personal attack`` against me in his false edit summaries.    `",0,0,0.35426736
"`   Wikipedia Admins Use Gestapo Tactics to Enforce their Agenda   Greetings, it is Germany 1939 all over again.  Admin Mark Sweep and user TastyCakes conspire to silence another Wikipedia user that they find objectionable.  After being called a ``Dunb Ass`` by user TastyCakes, and without any warning, Admin Mark Sweep, a former US Marine, has used his abilities as an admin to infinitely block my user priviledges.  And all based on his personal dislike of my username, and his comradeship with user TastyCakes who were offended by a few harmless WORDS!!!  Welcome to the world of those few who are endowed with superior genetics, and the ability to control what we read and learn!!!  HerrGoebbles`",0,0,0.3543581
   SO WHAT IF I LOVE MICHAEL JACKSON@@@@@@@@@@@@@@@@@@@@@@U GOT A PROBLEM WIT THAT (GEORGE BUSH),0,1,0.35573056
"  Filbinger never issued death sentences that was carried out. The death penalty was also used in other Allied countries, not only the Soviet Union. It was also used in the great war.  ",0,0,0.35631073
"  He told me in my talk page(which i deleted)...Iran was puppet state of US??? Why Iran needs that?Iran is big and strong country.Poor states do what US wants...We can call israel as an american state.Turkey is training israeli army and supporting.US donates 5 billion dollars annually or Arabs would wipe the israel off the map until today...  Khoikhoi, you should see that nobody likes jews.Whoever(foreign) i have met told me so.You should make US and Turkey happy if you would like to live in middle east or why americans and we help you without benefits?  ",0,0,0.35817876
"      Leaving aside the fact that it outrageous abuse from the likes of OneGuy and Ta bu shi da yu's that drove me to make personal attacks against these characters back when I first started editing  Wikipedia, and leaving aside OneGuy's lies about why I stopped using the Pename account (i simply lost the password), the fact remains that WHATEVER PERSONAL ATTACKS I MIGHT HAVE MADE IN THE PAST DOES NOT MEAN THAT ONEGUY IS NOW FREE TO ENGAGE IN WHATEVER PERSONAL ATTACKS HE CAN CONJURE. AND NO MATTER HOW MANY OF HIS SYSOP FRIENDS TA BU SHI DA YU BRINGS AROUND HERE TO HELP HIM AND ONEGUY WITH THEIR GANGSTER-LIKE BEHAVIOUR AND ABUSE AGAINST ME, IT WILL NOT CHANGE THE FACT THAT PERSONAL ATTACKS ARE AGAINST WIKIPEDIA POLICY, AND THAT THIS POLICY APPLIES TO EVERYONE INCLUDING ONEGUY.  Pename",0,0,0.35835117
"`  You ``propose`` and yet do as you wish without asking anybody, and with your personal attack that people want to see certain players. The list was here more than a year; there is no reason to take it off. Even a Hebrew administrator moved it back and you don't give a dam of anyone's opinion besides your self. Kinda selfish if you ask me. There are more then 10 people (soon there will be more) here watching every move you make in wikipedia, and are very unhappy with you and your behavior. The list isn't ugly, you behavior in the other hand-is. Oh and by the way, thanks for giving me a retarded level of English. You are a native speaker like I am Irish.  `",0,0,0.35870576
`  Why is it insane? Why is she not linked to from the mkultra article? Her book is not linked to. Nothing. The article uses words such as ``allege``. Is your argument entirely based upon calling someone or their information ``insane``?`,0,0,0.36058217
"`   Evil!    Here is an 6/6/6, aka Evil Day, greeting for you . These type of messages promote WikiLove in an unknown way. Spread this evil love to others by making a derivative work of this... Or another evil something that is flowing about.    `",0,0,0.36169222
  Hello Hi. Just wanted to say hello to a fellow White Supremacist. Nice to see there are people like me on Wikipedia.,0,2,0.36325875
" You didn't get trolled. You hit me with a three revert rule when you were the one who broke that rule first so I made a snide remark and it got under your skin. That's all. Learn to cooperate with others instead of domineering over them. On top of the fact I added a legit source to the Myst article, you were way off trying to overwrite me. So really, you got schooled, not trolled.   ",1,0,0.36542612
"`   Reasons   ``Banned for POV pushing, incivility...`` where did you see ``incivility`` and ``POV pushing``?  Why are you writing false accusations?  Asking questions about false accusations is vandalism?   Still no answer. Is writing a lie a good act in your world?  Why are you calling my questions ``vandalism``? Can't you simply answer?  Why aren't you going to answer me, instead of all this blabbering? I ask you to explain me the reasons why you wrote those false accusations, are you afraid of showing them? `",0,0,0.36731365
"    &  are Britanniphobic vandals!   It really angers me when I find that my articles have been vandalised. It is the work of either or both of these serious offenders. They have been warned that the next time they vandalise an article I've written, then they're for the high jump! Why should I waste my time fixing up what they've done. I resent it when they rename an article from British Commonwealth to Commonwealth of Nations, when the use of 'nation' to describe a country is wrong. The word 'nation' is an ethnological term, and should NEVER be used to describe a country. So, British Commonwealth remains in common use, and it is a politically neutral term. - ( )",0,0,0.36786735
"  Please refrain from adding nonsense to Wikipedia, as you did to Osama bin Laden. It is considered vandalism. If you would like to experiment, use the sandbox.  ||popups ",0,0,0.37059096
"  Gasp, why did you revert the article in Ben 10 about Gayneright, its not Wayernight, and he wasn't using Grey Matter to give to an Organization, it was stolen after he used it as a dildo to try and get attention.",0,0,0.37066314
   Chester Marcol is threatening me   chester marcol is threatening me and that is bullying.-_-(get lost chester marcol you dont scare me-_-,1,0,0.37098458
"`   Subjektive   This article is subjektive and gives a ``answer`` of pro-tudjman orientation on every critisicm. Tudjman commited agression on Bosnia and genocide on Bosniaks, his stenograms proves this and he is mentiond in the Haag in trials against his ministars as part of a ``criminal enterprise``. Stop glorifying him the Croation people should throw away his criminal legacy it was the croatian soldiers who made Croatia independent Tudjman was betraying Vukovar and sending arms and soldiers to another countrys teritory to fight against it.`",0,0,0.37190872
`  Trivia I just took out a phrase in the trivia section. It was about Kurt Cobain and when he sat on the plane beside him a week ``before he commited suicide or was murdered.`` I only took this out because the idea that Cobain was ``murdered`` is only a rumor and has no evidence to back it up whatsoever. So I just reduced to to ``before he commited suicide``.   `,0,0,0.37231722
"  leave michael keyo alone. his goat just died, i was just cheering him up.   is ur school a farming school too?  where are mellon farms? do you live in africa?",0,0,0.37347564
"  *Merge? Why should this be merged with Mr. T? He's not the only person to use the phrase, he just coined it. If anyone wants to expand this article to help it remain seperate from Mr. T - please go nuts.",0,1,0.37377998
"` Well, the ``anti`` POV in the criticism section was intended to counter the music career section, saying that, you know, there are people that hate the group, and here are reasons why. As for political controversy, I was looking more into something a la Dixie Chicks, but seeing as the political issue has only come up twice thus far, I guess maybe ``lead-ups`` (i.e. minor polit. controversies) could segue into whatever happens. But yeah, my idea of ``neutral`` on the article was mainly ``people like them, but at the same time, they're not perfect.`` As for the covers, I did mention that the group's supporters don't mind having so many covers, while there are others that indeed take offense to the issue. Just to bring up the ``image and character`` thing again. The section's going to be pretty short, considering they haven't made any obvious statements (i.e. not as obvious as Mr. Chou) on how the paparazzi is stupid. I mean, it's just going to be a bunch of adjectives strung into one sentence, which is quite frankly, rather sad. -  `",0,0,0.37705293
 Mark Steyn is not far right. He is an opportunist and a good representation of his profession. He's everthing certain types of journalism are now (1) appearance (2) willingness to suspend your disbelief (3) corporatism (3) shock (4) prejudice (5) US isolationism (I know Steyn is Canadian but polls have shown his compatriots are not in full agreement with him and his views are 'US/UK'. ,0,0,0.3783671
`   Wrong information   In the article it claims ``all 20 of the site's three million gallon capacity tanks are on fire.`` This is not correct. Both the MP for Hemel Hampstead and the poilce sercvices have said that there are more exploisions expected from so far un-affected tanks and the BBC coverage has even shown the unexploded tanks. I think it is sickening that you have inserted this misleading information into this article which details a terrible event. Shame on you!`,0,0,0.37913248
"  Hi David, nice to have another real Astrologer onboard.  It's been frustrating swatting off these college drop-outs pretending that they're an intellectual by debunking Astrology - a topic which they're incapable of grasping.  I've challenged Lundse 3 times, another one of these annoying flys, to explain the the Jupiter/Pluto midpoint in his natal chart and describe the influences in his life as regarding Solar-arc direction and he has yet to respond.  I doubt that Jeffire could either.   ",0,0,0.3797368
" Netscott I absololutely believe that there should be no people in the anti-semitism category as it is ridiculous that as soon as anyone is called anti semitic by any number of Israeli lobby groups for making comments perceived as anti-Israeli they will automatically get put in this category. Foxman should not be in the category at all- a much more appropriate category for him would be Anti-Racism, or Combatting Anti-Semitism, something like that.  ",0,0,0.38097766
  Bülent Ecevit(he is a socialist and describe mhp as a faschist organisation) played an activ role in 1970's communist-nationalist crise. He always said grey wolves is a organisation supported from USA. But he never proved it. If Grey Wolves supported from USA why generals who make military coup(that is a coup supported from USA[our boys did it]) hang the greywolves supporters.  ,0,0,0.38142058
"   The defeat of Roydosan   Well done my fellow Greeks, we have defeated Roydosan and now he runs like cattle. HEIL!",0,1,0.3817745
"`  Short and sweet I was logged in.  Wiki unlogged as I made my save. Bizzarre.   All you ever wanted was a NPOV article?!!  You should stick to something you know and care aboutthat you can give a fair and accurate perspective on.  Why would you choose Ron Gostick unless you had a biasyour don't give a rat's - shows your contempt for the subject of the article to begin with and evidently your bias.  As I said, whoever started this article couldn't even get the dates correct and was filled with all kinds of hostile language as you said.  The wiki ``researched`` links you provided are more of that kind of prejudice. `",0,0,0.38516614
   Stabby McPenis  * Stab ** Stab stab stab,1,0,0.38778648
"`   Bias   Hmn, funny how racism isn't mentioned at all in the article. I'm sure it has nothing to do with the fact that it isn't a ``white`` organization.  `",0,0,0.38878816
"`   The fifth generation computer systems project?   Can you call Japan's fifth generation computer systems project once a promising candidate of ``disruptive technology``? The fifth generation computer was not of ``lower performance or less expensive``. These computers were expected to be more advanced (VLSI, ULSI, artificial intelligence, expert system, ...) than other computers of its days in hardware and software. They planned to create a HAL-like computer that understands and answers your questions. In my opinion, internet was the disruptive technology. Rather than making each computer a silicon Alber Einstein, countless dumb computers are connected and each of them has a human brain or database attached to it. Your computer still knows nothing, but some people behind their equally dumb compuers may have your answer.   `",0,1,0.38982406
`   Wikipedia ``Editor``  are  Nazi Sympathizers  deleting unfavorable info   ON Hitlers twisted ideology written in  Mein Kampf. The deletion of info exposing the true content of Hitlers Mein Kampf proves that the ``Editors``  are protecting the insidious malevolent writings and are completely unqualified to make any determinations.`,1,0,0.39237744
"`   hehehe lol thanx blud i like anoyin ppl coz i hav nufin to no betur init( im goner take a pis on yor mum (shes fat)                         /´¯/)                     ,/¯../                    /..../                /´¯/'...'/´¯¯`·¸            /'/.../..../......./¨¯\          ('(...´...´.... ¯~/'...')          \.................'...../            \''...\.......... _.·´              \..............(               \.............\   now go fuk yureself yo as fagit 194.74.64.126`",1,1,0.3924571
    Howard Felsher   I know you have been on here all of 4 months now but I need your advice or critiquing.  Do not comment on my message page again.  I do not care what you have to say or what you think.  Eat me.,0,0,0.3929655
"`  Do not try to put a racism under the carpet Kncyu38.  Why do you upset that I cited JohnHistory outrageous racist statement? Wikipedia is a public domain and everyone can cite statements made on  its discussion pages. Of course I have a revulsion against racism and it is appropriate to point it out, citing racist startements.  Well, I look the  discussion page again and I see this statement is moved into an archive subpage. So JohnHistory is now ``clean.```",0,0,0.3940793
"`  I try to explain who these Human rights experts(!). They are protest Turkish army and police. They never protest Pkk and his terrorist actions. Even they kill babies and rape womans.   In 2005 a terrorist enter Turkish goverment's building with bomb, Turkish Intelligent Service had already reported the turkish police about that event. Turkish police warn him hunderds of times to dont detonate the bomb. But he have tried to detonate bomb but he can't(because of nervous)then he started to escape. 2 minutes later he tried again but Turkish Special Forces shot down him with sniper shot. And Human Rights Organisation blame Turkish police and said that this is an attack to human rights.   For these reasons the founder of Human Right Organisitaion Adalet Ağaoğlu retired from leadership. And she says H.R.O is become a pkk supporter, terrosit organisation. The sentences here but i cant translate them because my english level is not good.   ``Terör artıyor, terörle birlikte IHD’nin tutumu daha bir tartışılır hale geldi. Orada neler yaşandığını biliyorum. En temel hak olan insanın yaşama hakkını korumak amacıyla kurduğumuz bir dernek, öldürülen insanlara sahip çıkmıyor. O zaman kimin insan haklarını savunuyoruz sorusu geliyor akla. PKK terörü karşısında tavır almayan insan hakları derneği olur mu?``   `",0,0,0.39508843
That was not me that said I am not editing under the name Ghoast User. That was another guy. Look at the I.P. numbers. There different. I swaer you need to use your brain.     ,0,1,0.39524716
"  Thank you for your efforts.  I for one thank you for your efforts in sticking with the Rajput page and although a lot of baseless unpleasantries were focussed on you by the extremist Hindus, I am sure the real Hindu brothers and sister on Wikipedia saw through the real genuine effort you displayed in trying to resolve this difficult issue. The arbitration is over and Im glad the result was seen for what it was, a bunch of childish bigots not prepared to work with others for the betterment of enlightening others on our culture and traditions. Unfortunately, I think Rajputs are now seen more as a quarelling bunch rather than what we try and say we are, lol. In fact I think this is an example of whats been going on between Rajputs for the past few centuries, they never unite and probably never will.   Thank you once again and keep up the good work friend. )  Raja",0,1,0.39700022
"` Ah, so you admit your violation to WPOWN. And Bunchofgrapes little biased ``support`` (based on... well, we all know what) is simply amusing. But... then, seeing how you expect to be treated like a queen and that whatever you say goes no. This is not your article. You do not have the rights to decide what is ``trolling`` and all of this bullsh*t. Learn your lesson, wise up, and start respecting the decisions of others. You are not the only person in this world, and you are also not anybody such as Queen Elizabeth, who would certainly rid of your rudeness without argument. I have no interest in enhancing this article any further. Let it weep all that it wants. And enough of the email-is-perfect-let's-sock conversations. I am done with you, I am done with you, I am done with you. This is history. Thank God. — |  `",0,0,0.39929956
   Comparison to Hitler   The comparison to Hitler is a laughable POV with no real sources that serves absolutely no purpose to the article.  ,1,0,0.40088755
"`   So, you were also a victim of    I would suggest that you upload image Toto.jpg again. You already justified your reasons for having uploaded it in the first place, but that nitwit (or ``asshat'', as another fellow user calls him  went on and deleted it nonetheless. Obviously he suffers from some kind of psychopathic condition, but that does not give hive the right to go around destroying other editor's contributions. I wish thare was a way for editors to stage a massive protest against such vandals, or vultures. Don't you agree? Regards,   `",1,0,0.40343267
  I now go into oblivion. Mormons and anti-mormons will now be that much closer to learn how to write peer reviewed articles. Cheers mate!,1,1,0.4036806
"`   Tarantino   Alright, I admit it...so I see a similarity that simplifies the entire explanation of his style by a good deal. So sue me [*shrug*]. Hell, I just thought it was easier to get this guy with Runyon in mind, y'know? Ah, well, if you decide to delete it because it wasn't some stuffed shirt in a stuffed chair on a TV show who thunk it first, I can't do anything. I've grown to be familiar with that happening, as my user talk record shows.     P.S.You said ``we meet again.`` I don't remember where, and so I don't know if you were one of the ``cute-but-no`` editors or the ``you-are-fucking-crazy-get-out-before-we-send-you-a-whole-jarful-of-cookies [not the edible kind, except in small bytes ;-)]`` editors. Please tell me, to satisfy my morbid curiousity...  Also, I need to do something for the next seventeen years of my solitary confinement...   `",1,0,0.40470794
"As one of the few legitimate Astrologers on Wikipedia, I should be allowed to edit the Astrology pages, especially since there are so many unethical debunker administrators who continually harrass or delete honest input.     ",1,0,0.40528816
"  The article is biased in favor of jews because the first line of the article says jew watch is an anti-semitic web site, which means if the average joe reads that will think the site is one big malicious lie, which it isn't even close 99% of the facts on jew watch are accurate. Jew watch is one of the most scholarly libraries in existence on the jews. Jew watch article is 100% jewish POV.  ",1,0,0.4063239
"`What the hell happened?  This article certainly got short!  Whatever happened to the bulk of it contradicting itself.  ``Asian Fetish is the preference for Asian features usually by a white man for an Asian woman, that is, if it does in fact exist, which currently there isn't much evidence for, that is, at the present time, unless in the event that some kind of evidence is brought forth, there is chance that its existence is mereley speculation, that is, in the minds of those who are opposed to the idea of it existing, whereas those who believe it exist are against it, at least in theory.``    I guess everything that the two sides couldn't agree on got deleted?    `",1,0,0.4064149
" @Ilya You don't have any idea, do you? Before you send off comments like that you should educate yourself on the matter. It's that typical view of Germans all being Nazis, and all Nazis being bad. If you still believe that, go back to playgroup. Oh, and by the way, the Russians killed easily as many, as did Mao Tse Tung (if you know who that is).  ",1,0,0.4070202
"`   Porn email   I was wondering why you sent me all that porn via email. I dont appriciate that kind of behavior and it has been reported to your ISP (Which is DFW.FIOS-Verizon by the way). I found that material insane and offensive and would appriciate it if you never send me that material again. Thank you goodbye.     I have never sent anyone such e-mail, and so I feel offended by your accusation. I have checked my sent e-mail and have found no such e-mail. Also, I do not know your e-mail address and I find it suspicious that your first edit is to my talk page. Please reply here. Thanks.   §   Please do not remove relevent discussions from your talk page. I have proof of the emails and have forwarded them to an administrator. Also I found it funny as well that the second i make my account and confirm my email, I get some emails from you containing porn. I live an an area where viewing that kind of material can get your internet service ended. What I am curious about is why is it that you decided to do something like this in the first place. Please reply back on YOUR talk page. Thank you.   `",1,0,0.40896723
"   Circumcision controversy   I see that you are currently at the forefront of a dispute with Jake Waskett. The article linked here provides very interesting background about Mr Waskett. What I do not understand is why somebody who is pushing this bizarre point of view is allowed to continue to have a voice on Wikipedia. Mr Waskett is not a scientist; he is somebody who has a sexual fetish. His contributions are in no way objective or unbiased. He pushes for undue weight to be accorded to data which appear to support his own bizarre position. Is there nothing that can be done to get him, and people like him, banned from Wikipedia? I am not suggesting that there should be no free intellectual enquiry on this and other subjects, but some people are not engaged in such enquiry they are involved in pushing a bizarre, extreme point of view that has no actual basis in scientific research, however much they would like to claim that it does.  ",1,0,0.41029552
"Well Christians worship a man that has been dead 2000 years. It isnt true that Selassie denied association with the movement, he remained dissassociated with it but that is something entirely different. His primary duty was to his Ethiopian subjects because his job was to be Emperor and he couldn't have abandoned that to become a cult leader and if he had the Ratsa s would have lost faith in HIM. I dont think a desire to smoke weed is what makes a Rasta, there are for more weed smokers than Rastas in the world who feel no need to be Rastas or for the most part justify there use of weed. More importantly Rasta is so much more than smoking weed, as Christianity is so much more than drinking wine. So I would guess from your comments that you dont understand where Rasta is coming from.    ",1,0,0.41155222
"`Many see the rise in Western Europe of what they call the ``new anti-Semitism`` as even more worrisome. Since serious Israeli-Palestinian fighting began in the fall of 2000, there has been a spike in harassment and vandalism targeting Jews, especially in France. Much of that is in poor communities where immigrant Muslims and immigrant Jews from North Africa live side by side. Unemployment and frustrations are high. Arab satellite stations, as well as European news networks, broadcast a steady stream of reports on Palestinians under fire, their homes destroyed, their lands reoccupied, their children killed. There is also, in many parts of Europe, a residue of the old racist attitudes that spawned the Fascist and Nazi policies of the 1930s. One of the presidential candidates in France's upcoming elections, Jean-Marie Le Pen, skirts the limits of the law baiting both Arabs and Jews...`",1,0,0.4116945
"  J.J. Sagnella - I'm not sure what your hard on for my talk page is, but stop screwing with it.  ^^ I don't see a personal attack in there...does anyone else?  ",1,0,0.4136868
its funny how Zora keeps over looking this transgression. ,1,1,0.41465756
"   photo   I see this article is up to Wikipedia's usual standards.  A fake photograph is put in, with a vague caption, so that people hopefully pass over it and think they are seeing Solzhenitsyn being searched in prison.  This isn't enough for Stacker, who removes the correct caption due to his desire to make people think they are seeing the real thing.  I don't suppose this is much different from standard Wikipedia lies about the Soviet Union, Venezuela, Iraq or so forth, but I'll correct it anyway.  I know most of Wikipedia is a bunch of half-baked lies and propaganda of this type, but once in a while people will read this and realize this is just another lie and distortion on Wikipedia in the service of a certain cause.  I find it humorous how while the reality of Solzhenitsyn's anti-semitism is removed from this article, the non-reality of this picture increases in Wikiality.  ",1,0,0.41485322
"`Dude!  What are you talking about ``poorly written``?  Why you always tryin' to keep a brotha down?  But thanks for understanding, my man... I mean, there's no need to have a century-old article cut and pasted here and passing for current scholarship with no attribution.  And yeah, its me, Musachachado.  I had to use this account for my other one seems to be blocked right now for whatever reason.     `",1,0,0.41505957
"  What? What? You sent a message to me for calling During a tyrant, why?  Its not that badd of a comment, its just an opinion, Loc.  I believe in the first ammendment.  Payne2thamaxx",1,1,0.41555136
"`  Jonthan, please stop being uncilvil. Saying things like ``And surf the web man! It's all over!`` is the kind of stuff that will get you uncivil reports.  Also, stuff like ``Bla he hooohe ha ha ha`` is also the kind of stuff that gets anoying and it is very childesh. `",1,0,0.41788787
   Nice Language   Outstanding example you are for Wikipedia Phil. To use the F word in such a public way.  At least we know what kind of person you really are now.,1,2,0.41869813
   NOT a death threat   Not even a death wish (although I am looking forward to it). Possibly (probably) a grave desecration threat.   Quite happy to wait for him to die by whatever means Jehovah decides.   Please unblock me at once.     ,1,0,0.41949582
" You really took this problem too far and to be honest, I applaud your obsession Just because I said it made no sense to redlink an article when it doesn't exist, you you REALLY HAD TO MAKE A HISSYFIT on Ace Combat, AC3's page, and my talkpage for weeks, crying and whining about the supposed validity of your edits. You could have stopped after I said it, but you just had to throw tantrums to show how butthurt you really were. You say you tend to be stubborn when you're being self-righteous and if you think current editing attitudes will keep anon editors like you away from Wikipedia, so be it, that's cool, we don't need [NPA term] like you. Get lost, I have little respect for anon editors anyway.   ",1,0,0.42076802
" **I never said Bush is a Dictator, but his actions seem like that. ",1,0,0.42418003
"  Listen you, stop removing my postings with your pseudohistorian Ldingley or whosoever. Behave yourself. Whatever you dislike does not mean it is a blunt POV that need to be removed. The article clearly states that Gamsakhurdia was a xenophobic Narcissist whose policy did not favour non Georgian population of Georgia and especially Tbilisi.And it was not me who added that in the article.Who forgot your beloved president's words about granting Georgian citizenship only to those people whose ancesstors had lived in Georgia before Georgievsky Treaty of 1801. As if he did not know that Armenians used to live in Tiflis being the majority of the city until 1923.Gamsakhurdia used to ban any property exchange between non Georgians. For example if you were an Armenian you could only sell your home to Georgians and not other nationalities in case you want to move out.Gamsakhurdia was the one who was culturally blunt and Narcissistic. Therefore, stop vandalizing the page by reverting the history with your pseudo historian friend from Canada. Know your limits. Your stubborn actions will only harm Gamsakhurdia's reputation even if you think you are number one Zviadist in Georgia.",1,0,0.4320481
"  Ps Paul Klenk is right. You will not find a fairer, more even handed editor here. He cares passionately about his excellent work at Wikipedia. I observed with my very own eyes how, though he literally bent over backwards for these people, they just spit on him like he was refuse. Something's got to be done about this...",1,0,0.4324018
"` I am not far right. I am Jewish, not related to Gamergate (it is bizarre and idiotic), and I hate both far right and far left. You are far left, so I hate you.  — Preceding unsigned comment added by    `",1,0,0.434009
"Yes I totally agree now thank you.  Besides, I DO write about USA shows when they involve LIsa Kushell but if you read my help on Diego Maradona and the Hand of God goal you know I watch Argentinian TV too my parents have a big satellite an I watch stuff from all over the world, and porn a lot too thanks.   ",1,2,0.43461376
   HA!   HA! I still continue to edit yet! Serves ya right! Jerk!    p.s. HAHAHAHAHAHAHAHAHA,1,2,0.43499368
"  Nope, you can't use the situation as a sort of blackmail to behave inappropriately. I won't allow you to because I am going on vacation for the month of December anyway. I don't really care what is wearing thin with you. Your butting in with threats is inappropriate. I won't put up with the blackmail either. You CHOSE to get involved on Hybrid's talk page and start trouble and that's what you got. Bye!  ",1,0,0.4370004
  With comments by the much discredited William Connolley... nice... you AND Wikipedia are a joke when it comes to being reliable sources of information.... stop deleting my comments.,1,0,0.43905944
"`   TPIRFanSteve, wouldn't ya know it, he's causing problems for you!     He is a long standing(and I mean LONG STANDING!) problem on this site. I have no idea how he has avoided a ban, but this is ridiculous.  He's been basically ``run out on a one way rail`` from the Price Is Right articles and similar, now I notice he's harassing you all over here as well. The best bet is not to confront the troll(which he has proven to be here) and report it to AIV. The more people who report him(in this case, he's harassing editors of a different spectrum), the more likely they'll finally block him. It would be great if they could get the scumbag off here for good. Have a good day.  `",1,0,0.43965465
"` Sorry, but could you clarify what you meant by ``GNAA trolls were attempting to start a meatballForestFire re Kick the ass... GNAA articles.`` - surely, you aren't accusing me of being a GNAA member?! I just want to find out - I'm assuming good faith up till I know better however. I want to undelete that article, cause the deletion didn't fulfill any of the speedy deletion criteria! I also don't want to create bad blood. To be honest, between getting abused for the way I ran the GNAA VfD, being abused by Chocolateboy for my edits of the actual GNAA article, and feeling a might annoyed that my policy got deleted without a warning, and half way through the vote, I fear that the GNAA have won this round. Besides which, its distracting me from my Microsoft Jet Database Engine article! -  `",1,0,0.44165152
  yeah at least i'm not a homo ROFL (btw this is your mother) ~EVIL MONKEY'S MOTHER,1,2,0.4424727
"  Al Gore doesn't want you to see it, reports Fake Steve Jobs.    ",1,0,0.44309348
"   Widr's P3N15   hey does anybody think that widr is all pissed off and angry all the time because he is sad about the size of his ding dong chingitty chong?   thanks, Widr's mom",1,0,0.44312894
"  hey dumbshit, i drove on state road 54 today past the northern terminus of Gunn Hwy.  AND GUESS WHAT?  The road was still signed as SR 54, NOT Gunn Hwy.  Now, either give me an exact location that it's signed as Gunn Hwy or stop reverting back false information.   ",1,0,0.44554994
   I find your page racially insulting. It offends me when you state that you support the Indian Cricket team therefor i am reporting you to administrators and Harbhjan Singh,1,0,0.44794223
"  Bloom County Joke   Sorry, meant no offense by the joke on the earth's shape. That burrito joke came out of a bloom county comic strip. They were making a parody of the Scopes monkey trial, and the prosecution's witness said that evolution was a lie. He then went on to embarress the prosecution by saying that the world wasn't round but shaped like a giant burrito. I laughed my head off when I read it and thought it would be funny to put on the earth page. Though perhaps I should have listed that it was a joke. sincerely, mickeyd24",1,1,0.44807908
"`  I can agree with you on the religion part, but there are also a great many Spanish-speaking and African-American Christians, but I cannot ever recall a Lebanese marrying one of them, unless they were in Latin America of course.  Also, there are also non-Lebanese Arabic peoples who are not of a white appearance, but I still don't see them associating with these groups either.  James Zogby's site explains it all.  Just look at the list of 'famous arab-Americans.'  How come they are either mainly white looking or white's who do not identify, recognize or view themselves as Lebanese or Arabic?  It is more than clear what type of arab Zogby represents.  Now if his organization were called the ``White Arab-American Institute,`` then I could go along with hime sense he would be truthful, but all arabs are clearly not represented.  It almost seems as if he wants America to view arabs as white and therefore only acknowledges white or whiter looking arabs. Maybe that is his hidden agenda.  This guy is a phony none the less. `",1,0,0.450632
"`No, I won't unrevert your edits!`` ``sounds more like you're writing their MARKETING material!!``  Don't get bossy with me. Or snippy either, Miss religious Bigot!  Kindly leave your hatred for Christianity at DailyKos before you log out there and log in over here as a...er...ahem...NPOV editor     `",1,0,0.45228103
" Yes, clear as day that you've got a very bad case of WPOWN, clear as day that you didn't become paranoid until you realised they were all conspiring against you, clear as day that you're so far gone you even believe yourself to be of a difference 'race' to me... Let me tell you why I was reading the Cornish Language article because I was interested in the subject, and so thought I'd read about it on wikipedia. That is why wikipedia exists! I don't have to know anything about Cornish, or have been recruited by Evertype, to see that your editwarring was in violation WPPOV, and that you are a frothing like a mentalist and really ought to calm down. Be seeing you... ",1,0,0.45356813
"`   WHAT NERVE YOU HAVE, USER 'ASPECTS'   I am sick and tired of Wikipedia stupidity. That's why I quit as an editor, promising not to edit articles any longer. Now that doesn't prevent me to reply to your destructive edits   1) YOU DELETED REFERENCES IN THER RESPECTIVE ARTICLES TO PICTURES I HAD UPLOADED WHICH WERE FULLY COMPLIANT OF THE RULES IN FORCE AT THE MOMENT, NAMELY * FileInva Mula as Gilda.jpg, * FileOscar Castro-Neves(retouched).jpg, * FileEliane Elias in Concert.jpg, and * Bolling.jpg  2) YOU TAGGED THE ABOVE PICTURE FILES WITH THE di-orphaned fair use (date21 August 2009) TAG, AS IF YOU WERE AND INNOCENT ZEALOUS EDITOR, UNAWARE OF THE FACT THAT YOU YOURSELF, AND NO OTHER, CAUSED THE ``ORPHAN`` STATUS; and  3) YOU THEN THEN HAD THE NERVE TO WRITE HERE IN MY TALK PAGE TO WARN ME THAT SUCH IMAGES WILL BE DELETED BECAUSE THEY ARE ORPHANED. WHAT HYPOCRISY! To think someone gave you a Barnstar (that is a star from the barn's flock?) for doing such dirty work!  Mr. ``Aspects``, you go ahead and delete what you please, destroy what you please. clobber what you please. I just couldn't care less. And last, GO TO HELL. Just don't give me the usual WPCivility sermon, it won't do any difference (block me, reprimand me, I just won't mind, either) just go to hell.   `",1,0,0.45386392
I have never removed the Walk a Mile to EB. Gena Brumitt is a very dangerous individual whose only intent is disrupt the EB community by continously spreading lies. EBAN is NOT a corrupt organizaiton and EB info World is a website filled with stories by patients and parents.   Gena and Chris Matthai are constantly deleting these links who have been vital to EB families. Please block her from the continous harrassment. THANK YOU  ,1,0,0.45566887
"  The site is largely juvenile slander; a twelve year old could make a better site layout, and the main line of attack is to post outrageous claims concerning the organization, puerile insults, and Photoshopped pictures of PW members.  The only part of the site that even makes an attempt at genuine argumentation is the part about the constitutionality of counter-protesting, making the claim that the First Amendment right to freely assemble is only protected when used to petition the government, and not at any other time.  This is, of course, a ridiculous line of argument; either the author is monumentally ignorant or he is intentionally lying, but I suppose one must entertain the view if adhering to Wikipedia's seeming policy of entertaining any viewpoint so long as it's presented on some Web site somewhere.  However, this section of the page is promptly drowned out by all the noise.   ",1,0,0.45957053
"`  RDH, I wouldnt be so proud to label youself a ``Wiki Facsist``, as you have no idea of what the original meaning is of that world. That particular philiosophy caused millions of people to DIE, and people who disagreed with them were put to death. Please read the Wiki entry on Facsists.   And, how do you know that the orignal entry on a page (with no corrobarting backup) is ``factual information``. You adjust your meaning of ``factual information`` to fit your particular brand of socialist bullshit. Just because Leithp is less of a ``Wiki Facsist`` is not a glowing statement either. The Wikipedia concept is doomed to failure becuase we have so-called editors like yourself who edit the pages to satisfy yourselves. A real editor has knowldege of a particular subject matter, and is supervised by people to ensure fairness of content. The REQUIRED registration solves no problem except less work for people like you, but still leaves an enormous creditability problem, which WIKI has been recently exposed to have. SO, have fun while you can, since this format is bullshit as far as a serious encyclopedia venue.  Go help Sting save the rainforests moron..`",1,0,0.4607717
   A threat that is definitely DEADLY SERIOUS   You are gonna get it! Hahaha,1,0,0.46346363
  hey shut up ok just because i dont know much english you hyave know idea of the ghetto check the gangs aricle on wikipedia just type in bloods or crips or latin kings or ms-13 ytoull find out and if you noticed hes the resion the page is gonna be delted everyone was complaing on what he did ok OR DO I HAVE TO SAY IT AGAIN ~stay black~ ,1,1,0.46517196
"  Boo hoo hoo Daddy please stop the mean man from pointing out that I am trolling.  Go ahead and tattle.  Show me the AICN links.  I went.  There are four reviews.  THREE are raves and one is mild positive.  I do not know what worstpreviews.com is but it is scarcely a source.  AGAIN- PROVE ME WRONG Trollio- show me where the date was reported earlier.  Stop your crying and blubbering and PROVE ME WRONG.  Oh, you can't?   ",1,0,0.46537337
"`  I've deleted the sentence stating, ``Despite the obviously bigoted basis for his murder, the military tribunal did [sic] convict Glover of a hate crime.``  I assume the author meant to say ``did not convict Glover of a hate crime.  In any case, the UCMJ does not have a provision for categorizing certain murders as a ``hate crime`` and others as not a hate crime.  Whether you hate the person because they are gay, or are a Jew, etc, or simply hate them because they stole your parking spot three weeks ago, you still fall under the same article; in either case the victim has been wrongly murdered.`",1,0,0.46637425
" Bmedley Sutler, your comments here are totally unnecessary and completely inappropriate. ",1,0,0.46843645
   Lying Impumozzhi you have been exposed on TalkRathore. What will it take to make you stop lying?.   ,1,0,0.47041592
   I have corrected the section on Twin earth for the last time. If you think yourself bigger than the article please please feel free to revert to an incorrect version. Either way I win - Wiki is a community of reasonable people who are willing to accept corrections; or Wiki is a bunch of pricks who wants their writing to be seen. ,1,1,0.4720133
"  I never expected my identity to be secret. My intention is what it's always been Enlightening and civil intellectual discourse with the likes of Nicknack, only this time minus the futile attempts to knock any sort of sense into a trio of stubborn, narrow-minded and thick-skulled Admins. I realize that I'm not welcome here by you and two other Admins, and frankly, I couldn't care less.    So do as you will. Try as you may to block Serinmort for no other reason than because you don't like him. Can it get any more ad hominem than that? Talk about a witch-hunt! And as I've learned quite well, there's nothing less popular than being perceived as an obsessive, vindictive, witch-hunter!  ",1,0,0.47242227
"  What happened to this article?  This article has been vandalised, as the sections on the 'Ploughman Notes', the Irish-American Exile banknotes, & the Irish Euro notes have been deleted. What was the reasoning behind this? I think that the deletions were an extremely dumb move. - ( )",1,0,0.47352117
"`   Fuck You Bertie  Thank you for taking the time to make your comments. The recognition of your ``Having professionals who contribute their talents at Wikipedia is a great thing and helps advance the project`` comment is most appreciated and highly agreed upon.  Unfortunately the involvement of contributors such as 'BertieBasset' ( who should be deprived computer access and is hopefully sterile for the sake of future generations ) detracts from the efforts of well-meaning professionals and truly hinders the betterment of the project through their moronic lack of vision or intelligence and professional or quality editing ability.  That being said, regrettably it would be best for ALL images to be deleted at this time as per your extended courtesy. No further contributions will be made and it will be remembered as a failed attempt to improve a deserving site due to the ignorance of those amateurs like 'BertieBasset'. Dannyg3332 `",1,0,0.47720474
  Hey Wtf dude You said I vandalized Norrism. I created the page I'm allowed to edit my own stuff!!! Leave me alone!,1,0,0.47820115
  JAMES THE AWESOME TECHNICIAN did create the e-learnign centre. ASSHOLE,1,2,0.478386
AWWW MAH GAWD I AGREE HES JUST A FKN SKIPY WOG POWA CUM BAK TO AUS KING AND QUEEN OF GREECE WE WILL SACRIFICE ANAGLOS 4 UR HONUR FKN SKIPPYS!!!    ,1,2,0.47882795
" Revenge is never justified. Especially after what Zakawer did to my YouTube account, you will die too. QueenZeppelin ",1,0,0.47949463
"`  It's so easy you could do it yourself if you weren't just interested in harassment. ``Some etymologists believe ``shyster`` is a derivative of Shakespeare’s character Shylock in The Merchant of Venice, used to describe a devious, scheming person of Jewish background who will try any scam in the book to make a buck. In 1895, Funk’s Standard Dictionary defined a shyster as ``a lawyer who practices in an unprofessional or tricky manner; especially one who haunts the prisons and lower courts to prey on petty criminals.`` In Shakespeare’s play, other characters call Shylock a ``currish Jew`` whose ``desires are wolvish, bloody, starved, and ravenous``; he is accused of being ``the devil … in the likeness of a Jew.`` ``  `",1,0,0.48083717
  Hello Ran  Thanks for the comprehensive message justifying your pride in the Northern China. I find all your articles on China very selective and BIASED and your block people whose opinions and facts of China confirm otherwise. I won't block you because I am better than that. This is the EXACT SAME KIND OF MANDARIN CHAUVINISM that has MASSACRED many intellectuals on the Mainland through brute force. I must say that it is disgusting. You do not represent Chinese people and the facts that you substantiate are paramount to propaganda. Stop posting messages on your site and I won't do the same to you. I am not interested in your pages. Thank you very much.,1,0,0.4828074
"  You will not shut me or Alun up with sludge-talk and sludge-thought.  Got to a university and learn a thing or two about English history, just stay away from the acid and get into rehab.   ",1,0,0.48501638
"  Replies to Zebedee  Zebedee, I WAS NOT USING THE SAME GOD-DAMN COMPUTER AS THE PERSON WHO DID IT!!!!!!!!!!  I'm sorry if that seemed aggressive, but I hate it when people accuse you of something you haven't done.  Where is the evidence to suggest that the same computer was used??   ",1,0,0.4862137
"`  The table is based on the ridiculous claims of the fascist SDA party, thus that is why called it fascist. I do not say that you are a fascist, but that you use information from fascist sources. Serbia-Montenegro was not a side in YOUR war, thus that warsion of table is totally ridiculous and wrong. It was a CIVIL war between 3 peoples of the country. Furthermore, Serbia-Montenegro was formed in 2003, thus we cannot speak about it in 1992-1995. Its predecesor, the Federal Republic of Yugoslavia, only supported one of the sides in the war, but it was not directly involved in it. Milosevic did not signed the Dazton agreement in the name of FRZ, but in the name of the Republika Srpska. It is a big difference.      `",1,0,0.4864475
"  Dude, where am I showing hatred or disrespect to Hindus? I respect Hindus and Hinduism. But the fact the Hindu millitants/terrorists carried out the Chiitisinghpura massacre is very much true. So if u attribute some acts of violents to Muslim or Sikh Millitants, that doesnt make u Anti-Muslim or Anti_sikh.  The problem is U cannot digest the fact those terrorists were Hindus.....the whole world knows that.Man u cannot accept the fact even Hindus can be terrorists. Even Bajrang Dal is a Hindu terrorist org....isnt it my dear. i am willing to make the article a bit neutral....but u cannot attribute the acts to Islamic millitants .....when theres die hard evidence by Mr Clinton and the New York Times that Hindu terrorists were behind the attack. And perhaps u wud be knowing better than me if u r part of that ideology",1,0,0.487088
"   You're just like Essjay, but in your case it's your gender   Essjay lied about his credentials and you lied about your gender. You should be ashamed! Come out and confess the truth! Tell the wikitruth (yes I saw your page)  ",1,0,0.48713666
" Dpilat, within the bubble of Wikiality, the idea the an ArbCom'er is a habitual liar can not be true, rather it is an untruth.  Mention of it will be removed by cultish cabal'ers, as I expct this comment to be.    ",1,0,0.49075782
"`*Pcap called you, that's right because you are deletionist, who always wants to delete, to ruin people's hard work. That's so lame. *``...even though I've never edited that article before the AfD``  So, I think the article will better, without your hands touched it. *``I did not think your standard of quality is so low!`` This is really dis-honest words. *You threatened Pcap, and that's not nice behavior (with everyone at Wikipedia).  `",1,0,0.49259493
"  I could keep doing this forever, ever here of a Proxy Server, my IP address keep changes if I wanted... ha ha... this page is pointless anyways so why not just delete it like I've requested and then all this foolishness would be over!",1,0,0.49421275
"  Ethnologue is not a scientific source and whoever thinks the opposite is an ignorant. Its linguistic classifications are often childish. So anyway what about the Greek minority in Albania REX? External figures reach 12% and the Albanian gonvernment claims only 1%. As Eric Clapton said, before you accuse others take a look at yourself.  ",1,0,0.49478874
   Re.Papist Hunter   Who are you calling a sockpuppet? I suggest you refrain from name calling unless you wish a block.   ,1,0,0.49585035
`   TO ALL READERS   In ``administration`` here are siting only polish chauvinistes (nazis). The pages about Lithuania and Vilnius are one entire falsification. They erase all corrections which are unpleasure to their fascist mind. I can't understand this system. But we strike out what to do.   Vilnietis`,1,0,0.49737403
"`   Rhobite a hypocrite?   Below is what  wrote on a page discussing blocking ``personal attacks.`` Bold added for emphasis.  I'm slightly against removing personal attacks. There are too many instances of revert wars on talk pages. Also, people should not remove personal attacks that are directed against them - ask someone else. There are too many instances of people in a dispute editing each others' comments. Rhobite    Is Rhobite a hypocrite? He warned me about a personal attack (which I admit I probably could have worded better). I removed it. I then probably crossed the line making a comment about him (I was just a little upset with him trying to muscle me... See above). He then removed those comments and blocked me for a reason which he never warned me. Hypocrite? I think so.  `",1,0,0.4974059
"  Don't Waste Your Time Folks  Sherurij considers himself the God or Emporer of all things known. He baits you into anger and then retorts that you are the one who is unjustly accusing him of something that he doesn't understand! He is deliberate and a meglo-maniac! He will edit your edits and take credit for his own insights, while demeaning you of yours. He will lower you to angery comments and then smugly respond that he said no such thing or that you misunderstood! He is all things to himself and you are all things for his amusement except Super Mario 3. He has no peer. He edits without concensus and complains when someone else does. He uses pointless analogies and tries to get you to fit square pegs into round holes. He is a magician of the mind where he believes he can create an illusion to throw you away from your thoughts and in the process, convert you to his POV. Yes, he is a piece of work, but what it is, I hope we never find out!!!",1,0,0.49799353
"`, 28 March 2007 (UTC)  No it´s not nationalist, look at how the Turks called the ones livin in Bosnia, they called them BOSNIAKS! Look how Bosnian catholic francisans called them selfs, BOSNIAKS! Look how Bosnian kings and bans called them selfs, BOSNIAKS! in 1881 the magazin ``Bosnjak``(Bosniak) was formed that also proves Bosniaks weren´t from 1993. The Serb shit of Bosniaks bein Serbs is just propaganda this HAS PROOFE. And then you have nothin left to say but ``Bosniak didn´t mean the same thing then as now...`` and you´re right, then Bosniaks were everybody but the Christians betraid our people and now Bosniaks are just Muslims. And you right MUSLIMS not MOSLIMS!   I´m the best I simply am, you can right 1000 articles and I can right 1 I´m still better then you. I even diss you right now hahahaha.  Rastko.org is a chetnik site, you link it to the aricle of a Bosniak ban, then I can link a Bosniak site as well.   1850`",1,1,0.49896783
 Real funny keeping sum1 blocked so they cant vote. dont move this article and it needs a bunch of cleanup and a whole lot of stuff you removed put back including the thing from the pentagon. theres no concenss and whoever put up that infobox was lying. and im pissed about your bs removing my comments from here too ,1,0,0.50051653
"` I would also like to say ``Well, that escalated quickly`` Will Ferrel, Anchorman. I use this quote as I miraculously managed to get myself on my last warning in only a few hours of having an account on here. Unfortunately that's the world we live in kids. Don't fall prey to these nazi admins, they are atrocious to ban such a well presented and famous speaker such as myself.  `",1,0,0.50244784
"   Go ahead   You can block, ho, but I have a few IP's ready to use (as well as the ability to create numerous ones in seconds).  Don't get your panties in a bunch just for my case.",1,1,0.50495607
"  No no, I dont think so at all. This is a very good article about SL forces. No need to change it. And bloody sign your posts next time you bloody guys. Child_Soldier 2314 24 Nov 2006 (UTC)",1,1,0.50543827
  THIS SITUSH GUY IS MESSING UP THIS ARTICLE ON PURPOSE. HE IS NOT WHITE. WHAT ARE YOU SITUSH? IF YOU ARE WHITE YOU DONT KNOW ANYTHING ABOUT INDIAN HISTORY IF YOU ARE INDIAN YOU HATE SAINI COMMUNITY FOR SOME REASON. Gurdan Saini was a military general who died in a battle between the Turk forces of Jalal ud din Firuz Khilji and the Rajput forces of Rana Hamir in the 14th century CE. RAJPUTS DID NOT HAVE ANY GENERAL IN THEIR MILITARY WHO WAS NOT RAJPUT. HOW WOULD YOU EXPLAIN THAT. I KNOW WHAT YOU ARE GOING TO SAY. IT'S WHAT YOU ALWAYS SAY. IT'S NOT A RELIABLE SOURCE. YOU MAKE ME LAUGH. VERY SAD,1,0,0.5063295
"`You lying SOB ``I don't focus on single articles or wikiprojects; mostly I just tweak an article when I see grammar errors or glaring factual omissions.`` ~Kasreyn  You've stalked the Insane Clown Posse page for years now, and you constantly revert edits that often have factual basis, but violate your ``Juggalo outlook.`` I'm sure you've noticed the complaints compiled directly and indirectly against your editing techniques regarding all pages relating to the band ICP; complaints originating from multiple wikipedians. Ever consider stepping back, and letting unbiased editors take the reins of ICP?  Here's some food for thought, have you ever wondered if some of the malicious sock puppets that attack you were operated by a wikipedian admin who didn't want to lose credibility because of slander?  `",1,0,0.51134175
"  Don't worry, tha fag Klptyzm will be blocked sooner or later.",1,1,0.5116859
"That version? It was created by a psychotic imbecile (who lives with his mommy, I bet) and was full of WPQUOTEMINING and attempted to game the system in order to represent M16 in best ways possible. It's still possible to incorporate some of his edits (the ones in which he didn't game the system) but only after inspection of sources one by one. Furthermore, he deleted tons of sourced information. Only when I took an edit break he felt safe to emerge from his hiding and vandalize the article. You might not be familiar with such tactics and the article gave a good impression.     ",1,0,0.51355046
   I REPRESTNE A DRIECT THREATH TO THIS STIE YOU BUTTFACE   AS SOON AS ICAN I'M GONANE DELETE EVETEYHTHING YOU BUTTAFCEAS HAVFE CREATED BECAUSE ITS STUPIDSGET A JOB ZT AT WEBSTERS YOU BUUTAFA ACAEFACE,1,0,0.5142251
"  *Lawlzs. Go cry emo kid. And btw. wtf is this? PS Yo mama's so buff, you can see her pulling trucks on your local sports channel.   ",1,0,0.5151407
"`  Yah because if it's from a christian site then if must be a lie right? How Bigoted of you to say that just because it's from a christian site it can't be unbiased. Wikipedia is based on Secular Humanisn so that means that anything it says about Jeus must be a lie? Why not say, ``well that quote comes from a Jewish site and we all know that they can't be trusted`` Christaphobic bigotry is just as bad as racism so knock it off.  `",1,0,0.5172203
  With its slur on mixed race children and comparison of Rastas with apes it seemed deeply offensive in a rascist way to me. Especially given this p[poem was written by a holocaust denier. What was so good about his book? Thanks for not restoring it.  ,1,0,0.5174147
"  This poor snich, Jareha, such backbone! A real heroes hero! Smack him one time for me Kate before I lose my civility!!! Peace! Subwayjack",1,1,0.5177594
"`  Hahahahaha. Typical.   The article is about anti-pedophile activists. The account is about a almost-month old website that resulted in the arrest of one of the heavy-hitters when it comes to online pedophile activism. Of course, given your previous history of edits, I really can't say I'm shocked to see you wish to remove information that illustrates starkly the nature of the ``We're pedophiles and our communities are designed to support each other`` lie. That said, I'm admittedly POV so it would be nice if a neutral Wikipedian did wikify the account.  `",1,0,0.51799303
"   Zip It!   I don't care to hear your whining.  Clearly, you are here to cause discord, not to contribute anything useful to the project.   ",1,0,0.5181108
"`   You are one of most fundamentalist ``athiest``, agenda-pusher and egoistic bullyI have ever seen...   I have, finally, decided to create a user-id for Wikipedia. I have gone through most of your edits and I have noticed that you are on of the most fundamentalist ``athiest`` on Wikipedia. Your sole purpose to be on Wikipedia is to manipulate the WP guidelines and use them to your own benefit. You even have the audacity to create a list of web-sites which, in your point-of-view are not ``reliable`` (Indeed, you use WP guidelines to clout your ``point-of-view``). You are NOTHING but an agenda-pusher, egoistic bully. Having said that.. No, I don't assume ``good faith`` in your edits because they are full of bias and hate. I will make sure that you get exposed on the internet.   `",1,0,0.5200437
Why are you removing my responses to your obvious intentions to manipulate information on here Hullaballoo Wolfowitz? It is quite obvious that you are a Jewish person that does not want unfavorable information on Jewish Imperialism in Palestinian land exposed on wikipedia and to the masses. THE BAD NEWS FOR YOU IS THAT THE INFORMATION PROVIDED IS ALREADY IN A SOURCED RECORD ATTACHED TO THE ARTICLE SO ATTACKING ME FOR BETTER ARTICULATING THE ARTICLE IS POINTLESS.  So lets keep it real here and clear from your surreptitious and self-serving actions.  PLEASE DO NOT DELETE THIS AGAIN. Your Behavior is BOORISH and DULL.    ,1,0,0.520698
"`  I'd love for you to come to the talk page for ``List of gothic rock bands`` and describe just why the bands I removed have a place on the page. If your answer is ``Well, because some journalist said so``, then you need to back down. I've been involved in the goth scene (but am not at the moment) and the MOST irritating thing to goths is when the metal crowd try to budge in and try to normalise the misconception that any form of metal would have anything to do with the gothic rock genre. There was a concensus made previously, but Blackmetalbaz chose to ignore it and decided to go dictator on the article. WHY is someone who SO OBIOUSLY has an agenda of normalising the misconceptions get control over an article, when MANY MANY people INVOLVED IN THE ACTUAL FUCKING SCENE don't get to edit SHIT?! It's BULL SHIT. Kthx.   `",1,0,0.52121335
" Barelwi It seems that today You will broke all ur past record of pasting ur Own Views of NON NEUTRAL and Biasedness in nature.then let it be .I think You need some Psychologist to assist ur Biased Mind because You can't Change the Truth so ur Playing with WIKI articles. which don't Suits to Your Fasicist Ideology Borrowed  and taken from  Saudi Kings  Petro Dollars to Spread Extremism and terrorism all Over the World. As Your Pupils, Tablighis and Deo-bandis taken forcibly some Mosques from More Moderate  Majority Sufi group Barelwi in U.K and Times online wrote about it in its Survey then You Could not Digest it .You dont want to  see that Report on wikipedia Article so You have Vandalized and disrupted this Article by Your Useless Editing.I will see it Very soon .  •  ",1,0,0.5218158
   Porn email   I was wondering why you sent me all that porn via email. I dont appriciate that kind of behavior and it has been reported to your ISP (Which is DFW.FIOS-Verizon by the way). I found that material insane and offensive and would appriciate it if you never send me that material again. Thank you goodbye.   ,1,0,0.523871
"   Joseph Goebbels would be proud of you!  Your threats and menaces are very, very disgusting. I understand now why so many valuable users had abandon editing WP, as people like you would blocked them with non-sense arguments, as in my case (it seems that the moral of my case is if your page is vandalized, just bear it without making anything, or we will block you, as administrators will also do nothing against the vandal). Dont answer me, as I dont want to talk a single word more with totalitarian people like you. Bye forever.  ",1,0,0.5267645
"` May 2006 (UTC)  Lo and behold, we have yet ANOTHER administrator openly flouting policy with no fear of reprisal or disciplinary action against him. I'm starting to see why Willy On Wheels does what he does. Not that i endorse his actions...i just don't blame him for being wrong about it. Cyde seems to think since he's an admin, everything he chooses not to like can be Speedied, and it will go through with little resistance, due to his connections high above. You not only do NOT have a neutral point of view, but i think you are nothing more than a troll, to cause hell on wikipedia for your own amusement. Well, i think it's time his cushy ride ends. Time to start voting KEEP! for all of our beloved Templates, fellow wikipedians! He claims to not stile freedom of speech, but he clearly does so. I'm putting a Totally disputed template on his page until further notice. I think it's also time that Jimbo Wales sees the utter chaotic mess that the adminstrators have made Wikipedia. And just to make myself very clear, i do NOT assume good faith anymore. I assume hostility until proven otherwise. I'm sorry. I USED to be very kind, but after a few years of idiocy like this, i have lost my tolerance and patience for this.    -    0423, 16`",1,0,0.52796084
  I challenge you ...to present a shred of evidence of personal attacks. I have cleanedup Michael Schiavo and as such am facing a campaign of hateful lies from childish prigs.  ,1,0,0.52834386
  hey tom...yea im talkn to yu...first of all get a f'n life. editing wikepedia is not a carreer!!  u probably live with your mother watching old star trek shows rather than actually getting a real job er actually gettting married er sumthin.  Now lets try doing something else with our time than this,1,0,0.52867264
"`   To Guettard   Guettard, I would be happy to stand behind my statements to you on the Coulter talk page.  Read the whole paragraph  I was questioning your ability to contribute to the page in the spirit of NPOV.  Here, I will quote YOU  ``Um, no - Al Franken is a partisan, Ann Counter is a nutcase. Slight difference. Every second word out of his mouth isn't a lie.``  Your words, Guettard.  Is that the attitude of someone with NPOV?  CAN YOU HONESTLY sit there and accuse me of incivility?  I think anyone who reads my comments and yours can see who is being intellectually dishonest.  I stand behind them.     `",1,0,0.5292353
"`  you're wrong; IAR applies to admins and regular editors alike.    You have provided no evidence of that.    As I said,   I have the facts and you guys just have bullshit.   What is a ``regular`` editor?    I am not a ``regular`` editor  I am an occasional editor.   The ``Ignore All Rules`` rule does not mean there can be one set of rule exceptions for you and another set of rule exceptions for me.     We can agree on an exception to the rules,  but the exception must apply equally to both of us.   For example,   we could agree that it is OK here to break the Wikipedia rule against using personal blogs as sources.    But that would mean that links to my blog must be allowed here and could not be excluded by arbitrary,  discriminatory distinctions between ``crappy`` personal blogs and ``reputable`` personal blogs.    As Fatheaded Ed Brayton would say,  you are full of batshit wingnuttery.  `",1,0,0.53232306
 Dalit (the oppressed one) is not an insult. Ambedkar (a key Dalit emanciptor) uses the term 'Dalit' as a badge of honor. Insulting words for low caste people would be 'chamaar' or 'harijan'. Dalit is the official word for castelesss people in Indian Law. 'Dalit' is not a personal attack. It's like 'African-American' or 'Hispanic-American' as opposed to 'nigger' or 'wetback'. ,1,1,0.5327036
"   Give it up   Here's something you should take to heart, Anger22 “Stupidity is better kept a secret than displayed.” —Heraclitus of Ephesus.  Of course, that's from the Stupidity article your page links to.  (The funny thing is, you don't realize the joke's on you.)  Don't revert right away. Think about it. If you're capable of figuring it out, I'll know by the fact that this page no longer exists, and you've given up editing articles.",1,0,0.5352525
"ASK YOUR MOTHER, MISS or SIR.  And STOP TALKING ABOUT SEX WITH CHILDREN UtherSRG/Jchillerup.   Xchanter  ",1,0,0.5377013
"  Maybe you should get out of here Governable. Who do you think you are? No  real anarchist, that's for sure.   and The  and  are harassing other editors at Anarchism, like Hogeye and DTC, etc, anyone who gets in there way. They are putting phony warnings on Hogeye's page and harassing him until he finally gets angry and calls them a name. Then they go to WPANI and complain that he called them a name. The harrassment is really ugly. They accuse almost everyone that edits anarchism of being a sockpuppet or they just insult them, attack them and patronize them. Not everyone who is anti-communist that edits here is a sockpuppet. That is an outright lie. They harass and get other users blocked left and right when they get in the way of their own biased pov. Something seriously needs to be done about this. Keep running and nothing will ever change.  ",1,0,0.5379554
    is a homo like mitt romney is.   is a homo like mitt romney is.,1,0,0.53922665
"`  Gerry Studds Hey, amigo, take the protect off ``Gerry Studds.``  I think you're letting your sexual preference cloud your rational thought.  The edits you have called ``vandalism`` (not done by me) are nowhere near vandalism.  What or who are you trying to protect.  Unlock it now and lighten up.  You've been an admin for too long to act in this juvenile way.  Stop showing favoritism and be even-handed. Now!!!  rossp`",1,0,0.53990686
"   Hi Paula!   Great job! Someone's gotta straighten all these naughty guys out. Heartening to see you putting all your soul into it! Good girl! ;0)     Hey! PAULA Darling!   Listen, don't let deletions and silly accusations without any base whatsoever earn you the wrath of bloodthirsty Admins! Not in your interest! You oghta play it cleverly! Let them SEE what happened and judge accordingly. Canadian teenager girls tend to get the brunt of bad vipes here. You are no exception, even though you try to pass yourself off as a boy. So just show all that you gotta show, I#ll help you for the time being! ",1,1,0.54017085
"` * First of all, I want to compliment Jytdog ``Beetlefart``  for bringing it this far. Actually, for bringing anything at all. Or for bringing it this far back (don't be a dick). Then there is , who made a serious question and then forgot to read anything following it.  That's the ANI spirit. Of course beetlefart did rant a reply, mostly in bold. Then there is Bishonen, who sniffed from a single diff the Jytdog beetlefart. ANI as we know it. -  `",1,1,0.5418089
" I can't figure out why this conversation is even here in the first place.  Without a definitive statement from Anno, or anyone else involved with the production of EoE, it's nothing but speculation as to what Gendo says, and therefore isn't proper content for the article.  Also, 74.61.41.118, I'd appreciate you toning down the attitude a bit, the Don't be a dick policy applies here also.   |  ",1,0,0.54198474
"  Calling someone fuhrer is a person attack? Wtf? Wiki-nazi MAYBE, but not fuhrer...  ",1,0,0.54242706
"  What on earth is the problem with you I clearly asked my intention of speaking about any problem concerning my article but only on the discussion page of the Bosendorfer page. It makes sense to make this discussion open to all.  I ask you to unblock me and to allow me to discuss the problems related to my article on this Bosendorfer discussion page.  Your behaviour is inadmissible. And I will complain about it until I get the right that I am fully entitled to on Wikipedia. You really should be ashamed of your despicable, unfair and highly dishonest behaviour.  MichaelIsGreat",1,0,0.543293
"`Discrediting the second source Oh my god Grockl this is too funny. You California boys sure are intent on promoting nasal irrigation! I had no idea the depth of your stupidity (and apparently that of UCSD. After alll, ``Nasal irrigation was originally used at the University of California, San Diego Nasal Dysfunction Clinic after endoscopic sinus surgery``). Grockl you must have been on this team!  So here is the hilarious and somewhat tricky part. I bet Grockl really patted himself on the back for this one. Grockl cited ``Clinical Study and Literature Review of Nasal Irrigation`` which, guess what, was authored by UCSD physicians. In this study, there is NO OBJECTIVE EVIDENCE that says pulsatile irrigation is more effective than other irrigation methods EXCEPT in the following reference ``It has also been shown that pulsatile saline delivery is more effective in removing bacteria than delivery via bulb syringe.`` They then reference a particular study. Guess which one??? -)  ``The efficacy of various irrigation solutions in removing slime-producing Staphylococcus.`` written in the Journal of Orthopaedic Trauma. That's right folks THE STUDY ABOUT REMOVING BACTERIA FROM IMPLANT SURFACES. Grockl, you tried so hard.  Seeing as how this is obviously irrelevant to nasal irrigation since the nose is not an implant surface, I've removed this source. I'll remove the final one shortly.  `",1,1,0.5448677
"`   This is of no consequence, I have listed my source, and you have listed yours (albeit you do not refer to when Obolensky calls them Slavs, or any source calling them slavs for that matter), you English are out for our History, and we know this only too well, you have ALWAYS tried to steal Greek History and destroy the Greek nation state as The French Consulate's History of the Greek Revolution shows. We will not tolerate it, the term ``Greek (I.e. 'Byzantine')`` will remain on the front page, and there it shall stay. FYROMian claims are no more reliable than their claims ``Alexandor Makedonski`` (they actually believe he called himself that! D) was a Slav. Oh, and by the way, Fuck the Queen and Fuck England.`",1,0,0.5449224
"Colombo Royal College  has made , and Wikipedia administrators a bunch of Puppets with crappy rules and they all are dancing to the decent tune and tactics of this  cunnig fox. 's vision is to have ONLY ONE ROYAL FOR SRI LANKA. As long as  wikipedia is alive it will not be a reality.  will sing posts to his own tune to eleminate and crush other legal schools in Sri Lanka with name ROYAL''. 's record is very clear and we are alive. More ROYAL on the way. Administrators enjoy the smell of ROYAL FART by  and dance to the tune of  from COLOMBO ROYAL COLLEGE. ROYAL DUST BIN IS SMELLY. More to come. Keep farting wide Royal Jackal Cossde''' in Royal way.  Smell is so pres·tig·iously owesome. You have Harassed all Sri Lankan Royalists.  * - Reid Avenue turned into battlefield * - Royal principal summons parents' meeting  * - No classes for upper school students at Royal and Thurstan * - Royal, Thurstan students clash; policeman injured  *Royal College Panadura *Battle of the Greens *Royal College Wayamba, Kurunegala *Battle of Wayamba *Royal College Monaragala *Royal College Nagoda *Royal College Horana *Royal College Polonnaruwa *Royal College Telijjawila    ).  ",1,0,0.5452154
"`    You know, 2/0, you're as bad as Verbal and Brangifer are.  You are totally biased and unethical.  The response that Brangifer gave to that new user sounded almost threatening.  There is clearly an attempt to scare off people who don't share your biased ``skeptical`` point of view.  The bunch of you are creating a hostile environment on Wikipedia.  This isn't what Wikipedia is supposed to be.  `",1,0,0.5504893
"` Yes, and some who use the word 'bullshit' ``should be banned for at least 24 hours`` in opinion some democratic Greeks.  `",1,0,0.55271655
"   Niggerpuppets   Please don't trivialise meatism, specism or make presumptions of others ethinicity and please don't make personal attacks.   Thank you.   How silly do you want this thing to become?   We are certainly into Panto season here [ ... oh,  yes we are ... oh, no we are not! ]  Actually, the analogy is a very good one as the user Vigger pointed out.   Do you think some troll calling vegans Mr Meatpuppet is not a personal attack?  ",1,1,0.5528556
" Bullshit anon, you don't quarter troops in civilian areas, that is a violation of the GC's. The GC applies in this case and every other one involving the terrorists.  ",1,0,0.5529088
   You know what???!!! Stuff Wikipedia I'm not coming on it ever again I give it 0/10 and I'm warning anyone who tries please don't try and persuade them to add more decent non-canonical spells unless you want them to reply (if they ever do) with nasty sexually harassing messages and rude remarks!!! I have been sexually harassed and offended by Wikipedia and I'm definitely reporting them to the police!!!,1,0,0.55315536
"`Loathing is an appropriate response to a rape scene. The American audience is too used to seeing rape exploited simply as a plot point in an entertainment, so it's refreshingif disturbingto see a rape scene portrayed as horrifically as it is in Showgirls. See ``I Spit on Your Grave`` for another example of a film that makes it abundantly clear that the rape scene is not intended for entertainment. As brutal as the rape scenes are in these movies, it's clear that both of them are anti-rape movies. So the scene has fulfilled its purpose. (Frankly, I'm a bit repulsed when someone suggests that the rape scene in Showgirls should somehow be softened.)   `",1,0,0.554121
"`  *UKDoctor Replies David Ruben  ``Shut Up , you totally biased disgrace !!!``  *The 'Abolish the GMC' Campaign is currently listed in the top 5 results of almost all of the relevant search terms relating to their noble cause. 'Abolish the GMC' even trumped WIKIPEDIA in almost all of them.   *So please shut up, David Ruben......................Go pleasure yourself or something !!!``    *Thanks. Signed by UKDoctor`",1,0,0.5549268
"09, 3 May 2007 (UTC)  Meatpuppet You are a meat puppet, you have been confirmed a meatpuppet, the tag stands. -   02",1,0,0.5555856
"  Alright instead of citations and crap you should rely on me because I'm Ciara's #1 fan, and I've read the page's content and it's ALL true, all of it. ( ",1,2,0.5596599
"   You forgot to mention that Homo-Boy was screwing (bad choice of words) around with my homepage not my User Talk page, I notice he deleted my comments on HIS User Talk page, so I am doing the same, I don't want fruit flies hanging around my Wiki !!   ",1,0,0.5612003
  Natalie Portman laughing.jpg  This is a horrible picture shall we remove it?  ,1,0,0.56364155
"`  Antagonism Keep it up, ******.  Keep on following me around Wikipedia and thwarting my edits.  Does it make you quake with pleasure to do so, I wonder?  Was it because I put your panties in a bind before?  In this case I'm talking about your speedy delete of my Phantasy Star IV image, which was uploaded in no violation of WP policy, and for the purpose of improving the quality of the article.  I do believe your actions constitute an abuse of power.  Your little e-cock stroking edit-block a few days ago was lost on me, as I was away on vacation.  I hope the idea of it really got you off, though.  But yeah, keep on antagonizing me, see how far it takes you.  We'll see how the higher-ups regard your behavior, including your warning about civility including a LACK thereof (i.e. calling me a ``dick``).  The censored word, in case you were wondering, has two G's, ends in a T, begins with an F, and is an expletive wrongfully targeting homosexuals but rightfully targeting POS Wikipedia editors like yourself. —''''''  W `",1,0,0.56447405
".   Shut your mouth, Cinderella, I might hire an attorney and file a legal issue against Wikipedia. U don't deserve our music.  ",1,0,0.5654994
"`AndyL,   I have deleted your reference to the Canadian Red Ensign and the ``Zundel People``. I shall keep doing so.  EVERYDAY.... If I have to. FOREVER.   Next up,  You can ``expect`` nothing.  Some ``wing-dings`` have put up the Red Ensign at this idiots rally once in a while,.... SO WHAT,....?  That does NOT make the Red Ensign theirs.  Why do you try so hard to link the Red Ensign to this bunch of nut-bags,...?  The Red Ensign is a cherished symbol of Canada.  I'm trying to protect it from getting slandered by reckless people like you.    So AndyL,... why do you keep going to the effort of linking the Red Ensign to ``Zundel-people``,....?  Why make such a big effort to link such insignificant ``sightings of the Red Ensign`` at Zundel rallies,...?   Well,...?  Eh,...?  Why,...?   I am prepared to continue this ``debate/deleting`` of the Red Ensign racist-group linking, AD-NAUSEIUM, AD-INFINITUM.   ArmChairVexillologistDon       `",1,0,0.56906164
`   hi )   {| style``background-color #fdffe7; border 1px solid #fceb92;`` |rowspan``2`` style``vertical-align middle; padding 5px;`` |  |style``font-size x-large; padding 3px 3px 0 3px; height 1.5em;`` | Fuck You Award |- |style``vertical-align middle; padding 3px;`` | As you wish.    |}`,1,0,0.5717751
"`You betray your own ignorance and prejudice by insisting the Catholic Church identifies itself as such ``somewhat ambiguously.``  There is nothing ``ambiguous`` about it, although your use of the word leads me to belief you don't know the meaning.  Let me make this clear  the Catholic Chuch unequivocally refers to itself as the ``Catholic Church.``  Only bigoted and moronic Protestants generally insist on insisting we Catholics call ourselves ``Roman`` Catholics.  The truth and reality is that we have the right to call ourselves whatever we choose, not what YOU choose.  Dude, better look in the mirror and ask yourself your true motives and re-editing and calling us ``Roman`` Catholic.  You appear to be a nitwit, but i don't insist on your identifying yourself as one.  By the bye, for us Catholics Protestants are ``apostates``  get out your dictionary and grow up, pal.   `",1,0,0.574953
"`  She says ``Eunuchs too served in important capacities, not only as the guardians of womens' quarters, but also in high administrative and military positions.`` so she says eunuchs existed, so eunuchs were created or is it your OR that they cut their own balls off. `",1,1,0.57554835
"  Remember the fact that Wikepedia is not a property of Psychotic Terrorist Hindus as well. Control ur Language Man, I can already visualise u when the facts about Terrorist Hindus have already been exposed to the world. This clearly shows the typical mentality of Hindu extremists like u , who do not want to accept the facts And dont try to fool me with those official Copy Pastes of Wiki",1,0,0.5769885
" Hip Hop is dead   Hip Hop is dead because they don't,only talk about money,cars and other things.Crunk kills hip hop and the south.That ain't hip hop  link title",1,0,0.5790804
http//en.wikipedia.org/wiki/Boxing_News  http//www.boxingnewsonline.net/rankings/  If Mac Dreamstate seriously belives his six sources (which contradict his own format anyway) are more credible than Boxing News then he obviously must know nothing about boxing and shouldn't even be commenting on the issue. Clown.  ,1,0,0.58206385
his record of 168 male relative sexual experiences in2007. Any minute now he will send a message to me informing me that my comments are not constructive unless he's busy stroking his nephew's pubes..,1,0,0.5836437
   Do not delete   I'm getting sick and tired of Wikipedia deleting everything.  Do not delete this article.  It is useful information and one of the best things about Wikipedia is lists like this.  Sod the copyright violations - if Forbes or whoever have a problem then let them sue Wikipedia.  It's time that big companies like them had their arses kicked in the courts.  Millions of people use Wikipedia and information deserves to be free.   ,1,0,0.584191
  Yall are vandals  I like Tyar and Stopdroproll. And I don't like you mean ************!  ,1,0,0.5892597
"  Dude, you need to chill with the reverting.  That's my point.  It's annoying.  ",1,0,0.5914101
"  Ding dong, the Witch is dead!  So, so happy someone decided to ban this woman.  ",1,0,0.59194285
   Hello Mrs Parry   How about a nice simple question.How come when you turn around you have titties on your back.Please email me back at jeff@fugly.com,1,1,0.5937914
"  HELLO! HELLO! I would expect a bit more harsh treatment for this drink which single-handedly ruined the largest country in the world! You are mostly praising it (purest, this good, that good, no hangover) instead of condemning it in strong terms. Vodka is easily the biggest curse ever seen in history, it makes people drink their brains away and halts all progress or human effort. Why there is no mention of Gorbachev trying to ban it and how the USSR fell apart?",1,0,0.5939534
"   Guess Who!   I was just teasing you about the European work ethic thing. I'm just wondering how obvious it is to how many people that I am who I obviously am.  We really got off to a terrible start way back almost two years ago.  I've learned alot since then. You're not my enemy, you're just a charmingly irritating left-wing pinko Dutchman who disagrees with me on practically every minor issue, yet agrees with me on the most fundamental ones of all, one of those being that our omniscient historian friend is in reality a socially retarded revisionist fraud.  All hail Clio the all-knowing!   ",1,0,0.59528655
"  So, here is an example of the kind of bullying that Calton and his sexist 40YOV's don't want you to see. He just erased my comment, then his own. Calton, you've been ordered off my page. And don't you DARE erase and alter my talk page. You will be reported for this.  ",1,0,0.5975401
   Thou shalt be ravished in thy buttocks   It's sure to be hurtin!,1,0,0.5985062
"  YOU ARE A BUNCH OF FOOLS AND IDIOTS. YOU REMOVED MY LAST POST BECAUSE IT REVEALED WHAT FOOLS YOU ARE!! THIS IS OBVIOUSLY A ONE-SIDED MATCH AS I DO NOT HAVE SYSOP/ADMINISTRATOR RIGHTS. IF YOU DON'T LIKE WHAT I POST, THEN DON'T READ IT!!! LET OTHERS DECIDE!!! ONCE AGAIN, THIS IS WIKIPEDIA CENSORSHIP.    ",1,0,0.5987942
   Dick Scanlan 4 lyfe   Aren't you a little young to be making death threats?,1,0,0.59898734
"`, 9 March 2006 (UTC)  What a complete crock.  By calling everyone under the age of 18 a ``child``, which the dictionary correctly defines as a human between the ages of infancy and puberty, you can make everything even remotely sexual sound salacious and evil.  Teenagers are insulted to be called ``children,`` and if you start using terms like ``teenage sex`` and ``teenage sex with adults`` to describe problematical behavior by kids old enough to know better, the ``poor little abused children`` angle is more difficult to sell.  Maybe we should just go to the ultimate extreme, and legally define everyone under 18 as a ``baby.``  Then all sex with minors could be ``poor little babies being abused and raped,`` which would no doubt please the Judith Reisman's, John Ashcroft's, and David Finkelhor's of the world.  When such semantic games have to be employed to sell an agenda, with disqualification of everyone holding a different perspective as ``perpetuating the abuse``, what you have is pseudo-science and flim-flam, and not unbiased reporting. 2010`",1,0,0.5993952
"`   You are a SLAVE!   Don't you realize that you are a slave? You spend days, weeks, months writing little articles for nothing. A gold star?! Big deal. Your frinds Ruhrfisch, Coeil, and others encourage you because you'll spend your weeks writing for WP  for nothing! I suspect you've had some tragedy in your life like a divorce or job loss and are looking to ``validate`` your worthiness by hanging out here and going for gold stars. How many do you need? Isn't this showing off? Isn't this looking for some kind of approval? ``Look everybody! I'm important! I got a gold star!`` Do you need to send every article through DYK, GA, Peer Review, and FA? Why? Send them straight to FA and have done with it. Don't you realize you're taking up every one's time with all of these unnecessary submissions? You're being exploited. Get a life.   `",1,0,0.6002635
"   It's just simple Beefcake...   The recent edit I made to Star Trek Of Gods and Men was constructive, the film really did suck. I mean Bill Shatner's last record was bad but this... Astral please do not abuse Wikipedia and vandalise the article Star Trek Of Gods and Men again or you will be banned. Beffcake. BEEFCAKE!",1,0,0.60044444
"  Hmmmm Cozy, ain'it? Rumors are you two chumps have go'n yer mits on some treasha, and I wanna piece of dat poie!  ",1,1,0.6053473
   yo man   whats rong with u? u blokd my skool from editing wikipedia! how LOW can u get man?? sicko. -)please respond-),1,0,0.60751885
"   Rape.   Naconkantari is DEAD, or soon will be...  The question is... how good are you at hiding from rapists? I'm a good finder.",1,0,0.60941064
  *Certainly if you wish to express negative opinions regarding Mr Keller or The Torch you would phrase it in a such a way that you didn't look like a complete douchebag?,1,0,0.6097812
" What complete garbage, I never had anything to do with that Verdict nonsense, which is made clear . And I trust 100% that you will be back, either as this or some other user name.  ",1,0,0.6102338
"     I ( three times a day ) am allowed, just like you do, to change whatever page I like. So including your friends and buddies maybe you can do that 100 times a day (let me explain it in your IQ level. Say you have 33 buddies like you. 33*3  99 edits.) This is just a draw-back of Wikipedia. Because 33 people like you, can change the direction of an article. Your childish desperations trying to humiliate me with suggestions regarding the sandbox are just matching the low ethics and discrimination policy of a person like yourself. I am not at all angry. You just have a good sense of humour. I suggest you read Merchant of Venice of Shakespeare. Then maybe that is going to help you be cleansed from your racist feelings against the fellows of other nations. Life must be hard for you, and your kind.  Sincerely   ",1,0,0.6116785
`  Bigot Alert! {| align``center`` class``boilerplate metadata`` id``stub`` CELLPADDING3 CELLSPACING3 width80% style``background-color #99D099; color #444444; border-top 2px solid yellow; border-bottom 2px solid blue; border-right 2px solid yellow; border-left 2px solid blue;`` |-  |  | aligncenter | Knock off the racist bullshit.  This is the most pathetic thing I've ever seen. |}`,1,0,0.6117598
" August 2007 (UTC)   In that article, you admitted to being a prostitute. Same goes for the March 8 interview with Alan Colmes.  0842, 22",1,0,0.6127201
"   y0u l0se at life.   0h n0, my last chance?  what d0 i d0?  what i d0?!  thanks f0r repeatedly qu0ting the rule b00k f0r me, cuntmuffin, i was having tr0uble finding it 0n my 0wn.  when i was 14 i had better things t0 d0 than be an encycl0pedia nazi, y0u ass-hat maker.  die in a fire.",1,0,0.61818326
"`  WikipediaArticles for deletion/San Francisco Soccer Football League ``You shouldn't give medical advice on Wikipedia. Also, your current approach seems calculated to make it more likely that you will indeed be ``sanctioned in some way``. Demiurge1000 (talk)``  Sanctioning from a bunch of bigots means nothing to me.  Since you decided to step in and harass me too I have to share new research finding with you as well 90% of men are gay 100% of women are gay Rape and incest is an epidemic All races, cultures, nationalities, groups, and religions are secretly racist Most women are secretly sexist Drug and alcohol abuse is abundant Dyslexia affects 90% of the population and is commonly undiagnosed and treatable Mental illness is commonly undiagnosed and incurable Sociopaths need to be separated from normal society Humans have evolved from primates. There are the alpha males, the regular males and the females. Gay males have female minds. At one point in human embryonic development all people were once female. That is why males have nipples. Females have the ability to achieve a muscular orgasm just like a male, however most women do not know how. Women can have a muscular orgasm if they repeatedly squeeze the vaginal muscle used to urinate. Secret racism and secret sexism can be avoided by simply vocalizing the secret.`",1,0,0.62075967
`  i like jbgordon he has large penis. unlike ``small``jim`,1,2,0.62171066
"  Chelsea Zinn  What? You are requesting to delete a profile for which there are thousands of others on Wikipedia. It's a pornstar, deal with it. what are you reasons for deleting it anyway? Devout Christian? Block me for doing the right thing? Haha. Stop being such a tough guy. You and I both know there is no reason to delete it. Stop right now.",1,0,0.62490964
" Really good contributor? Bullshit. The cabal disagrees, and they are in control.   - ) ",1,0,0.62607586
bkbkbkbk on College Point yo no offenCe but stop Changin stuff in College Point so muCh. where do u live? probably dont know nuttin in College Point. im Crip and u think dat u noe soo muCh bout College point so how bout movin there rite now? while im ritin dis I C all these Crips out ma door. i noe that dere R slobs around here 2. earlier dis summer ma best frend got shot by a slob. im jus tellin da truth bout CP Cuz i want ppl 2 noe dat dis aint a family friendly plaCe. almost evryday i hear gunshots. so jus stop sCrewin round wit CP all rite?   ,1,0,0.6261281
"  I will be perfectly clear  a man saying another man is interested in male genatalia and children is fighting words (bad english, but the point is there).  You were deliberately rude to me and, frankly you can f*** o**.  Should you have the power with this site to remove/destroy my presence, then you had best do so; attempt a different tone; leavev me alone.  I herein provide you that opportunity.  My best,   Xchanter",1,0,0.62715715
"  I'll repeat to hypocritical debunker Petros471 what Lundse censored from his page    Stop spamming on my talk page!!!! Why do you keep harrassing on the Astrology articles when you admit you have NOT studied Astrology. If you haven't studied brain surgery, do you believe your opinions are relevant on a brain surgery article???  ",1,0,0.627689
"`   Ohh, I didn't thought that situation is that bad you being gay. I'm sorry for you fagg.     —Preceding unsigned comment added by    `",1,0,0.63057214
"  Abd is Muslim scum, the religion of terrorism",1,0,0.63209975
"  Hail the murderers? Hello, I was just wondering, do you really support mass murderers like Stalin, and Che Guavara? ",1,0,0.6321151
"  LAY OFF Back off reverting my letter to newyorkbrad, jerk. Or does this have to get personal?   ",1,0,0.6332312
" Geez, are you forgetful!  We've already discussed why Marx  was  not an anarchist, i.e. he wanted to use a State to mold his 'socialist man.'  Ergo, he is a statist - the opposite of an  anarchist.  I know a guy who says that, when he gets old and his teeth fall out, he'll quit eating meat.  Would you call him a vegetarian?  ",1,0,0.6333114
" Is this Bugs person a particularly unsavoury troll, or just spectacularly ignorant, prejudiced, and bigoted? See above, the section about what the E. stands for now, where he unashamedly ventured another nakedly transphobic remark. Has he been given a block warning? The guy should be roundly ignored. Is there WPDon'tFeedTheTrolls?   ",1,0,0.6370905
  Your aggression is unwarranted.  You desire the world's children to see pornography?  What?!  I fail to understand your anger at me.   Xchanter,1,0,0.6390413
"`  UserNawlinwiki Is Gay  That person is gay, they deleted our ``Sp-Un-Ka`` Page. GAYYYYYYYYYYY  `",1,0,0.64386845
"` By the way, you ARE NOT BRITISH. Take time off for your own warped pleasure,  but the Jubilee belongs to us. When you swear a loyal oath to Her Majesty you can maybe think about asking to celebrate the Jubilee. As an American, talking about it just makes you sound like a tit.  `",1,0,0.64571923
"Ding-dong the witch is dead    Which old witch? The wicked witch    Ding-dong the wicked witch is dead    Wake up you sleepyhead    Rub your eyes, get out of bed    Wake up the wicked witch is dead    She's gone where the goblins go    Below - below - below    Yo-ho, let's open up and sing and ring the bells out    Ding Dong' the merry-oh, sing it high, sing it low    Let them know the Wicked Witch is dead ",1,0,0.64686203
"   SuperHamster is Super Pathetic   Hey everybody, SuperHamster here.  I'm really lonely and sad and pathetic mostly because I have no friends and spend all my time vandalizing Wiki pages.  https//upload.wikimedia.org/wikipedia/commons/b/be/Cabbit.jpg",1,0,0.64766645
" And youre a lesbian with her, as you like her so much. Leso, Leso na, na, na, na, na, ill be back after im blocked nominating articles with the higheest notability for deletion, ha ha.",1,1,0.6523201
"   Choose your Loyalties   Sir,  It has come to my attention that despite taking advantage of our first-rate American education facilities, you insist upon identifying as a Bangladeshi.  My parents are/were Bangladeshis, and they were amongst the most wretched people I have ever had the misfortune of knowing; Indeed, during this unfortunate period of my life that I have been forced to spend in Bangladesh due to my father, I am now convinced that Bangladesh is the single most unworthy nation to exist. (I use are/were because, I regret to say, my mother was struck dead by Bangladesh - and despite her dysfunctional state and pathological lying, I mourn her loss greatly.)  Never have I felt more love for my country than now, when I find myself forced away from it! I have now given my loyalty, heart and soul, to the United States of America The greatest country in the world, God bless every inch of it.  But after my experiences with Bangladeshis, I cannot allow for one such as yourself to leech off of the United States while offering nothing in return. I implore you to either renounce Bangladesh and enjoy the remainder of your life in the blessed free world, or get the fuck out of my country, you filthy ape.  Sincerely yours,  A proud AMERICAN",1,0,0.652664
"`   Swami Nithyananda   Man, I should have seen your face when you saw that your proposal to oppose the move of Nithyananda was sarcastically denied by the Admin...LOL  Dude you are pathetic.I think you and ringess like playing the role of devil's advocate.But your are no Pacino or even Reeves.I bet you dont even have a gf now.Must be a loner.  And btw I am not vandalising your page. )  Just expressing my thoughts about you.  (YOUR PROPOSAL TO OPPOSE THE MOVE IS DENIED) This is the first step dude...You will face lot more..  And btw I was rolling on the floor laughing when I saw your post requesting the admin ``Please revert the move.Consensus has not been taken``....and when you see it did not work you said ``Can I report your to somewhere for appeal..``...  Man yuo are pathetic...)`",1,0,0.6537094
"   Stuff   You've got to stop blanking. You've been warned several times. I get administrators involved next. Also...    Thanks!     Saved from history...' Unsolicited Advice Hi Pigsonthewing,  As someone who has been silently observing your behaviour over the past few months on Wikipedia, I am worried by what I perceive to be a downward spiral of petty fighting, vindictiveness, childishness and bad faith on your part. It seems that you've lost the joy in editing Wikipedia, and now you do as some sort of way of making yourself feel better at the expense of others. What a small, small man you are. Grow up! Get a life! Find yourself a girl to have sex with or something, because the way you've been sliding downhill is bringing everyone else at this fine institution down. I'm here to create an encyclopedia. You seem to be here to fight with other people and cause disruptions. You're making everyone else's life harder. Please stop that; just go away.  Respectfully, 12.207.12.28   Blanking is considered vandalism. Please refrain. 12.207.12.28   This is your last warning. The next time you delete or blank page contents or templates from Wikipedia, you will be blocked from editing.",1,0,0.65394485
"When a member of the Yehudim faith opens wikipedia this is how they are to be greeted?!?!?! A picture of the evil aryan races number 1 @@@@ THIS IS DISGUSTING!!! Anyone who advocates an article which PRAISES ANY FORM OF NAZISM/ARYAN PRIDE IS A NAZI AND MUST BE SOUGHT OUT AND NAMED AND SHAMED!!! @@@@ We cannot allow any issues defended under the nazi flag!!! I will be taking this further, anyone who supports or supported this pathetic excuse for an article will get theirs!!!    ",1,0,0.6551121
"   Rajbir Singh link   You removed my link which I posted to Rajbeer Singh (www.rajbeersingh.com) because you said it was written by a fan.  Well, with this logic also then remove the IMBD link because that too has been written by a fan.  Don't be hypocritical, be consistent.  You can't justify the removal of one link because it has been written by a fan and not the other.  I pity the fact that you are in a dead end poor excuse for a job and that acting like a pain in the arse to other people gives your miserable excuse for a career, a sense of false purpose.  However most of the articles on Wikipedia itself have been written by fans.  are you going to close down Wikipedia?  Bloody jokers.",1,0,0.6554903
"`    Not a concept album  I heard a bootleg of this album(2/5stars) and it doesnt follow the movie. It sounds like the same wannabe gangsta Jayz always portray. Its sad when someone trys to make an album thats always gonna sound like their previous albums, real concept albums are, ``The Wall``, ``The Score``, etc;this is crap.`",1,0,0.6557345
", obviously Lan3y knows more about the band than mark and tom, an  example of Stupidity.",1,0,0.6558105
"   Masturbation   GraemeL,  I was wondering if your edits are like a form of literary masturbation for you? I'm curious, have you had any success in your lifetime? I can on imagine a jealous perpetually failing loser could possibly be so particularly concerned with what rational people would agree is legitimate content simply because you are affraid of any association whatsoever with commercialism. Are you jealous, envious, or affraid of people who succeed? Maybe you'd be best to give up your life as a failure and join a commune, where you can spend your days feeling as equaly imcompeted as your fellow unsuccessful losers. At your commune, no one is superior and no one enjoys more success than others, therefore you don't have to feel ashamed of your lack of accomplishment. Do your edits make you feel important? Does your mommy or boyfriend control your life so much that you're only able to feel satisfaction in your life through the edits you demand? Enjoy yourself, Graemel. I'm sure you'll keep up your crusade like the predictible loser I know you must be. I'm going to stop further wasting my time with Wikipedia and go continue what I do best - which is to make money. Bye, bye, loser.",1,0,0.6561321
"` Heh. I don't really care. I've made some good contributions to wiki. I fixed the unfixable ``unsolved problems in philosophy`` article, the bio for the poet Howard Nemerov, and little fixes to philosophy and math articles. Meanwhile, this clown goes around censoring any negative information about Topalov, regardless of how factually accurate, and I get banned for calling him an idiot? If they want to ban me, then so be it. Let them ban me for life for all I care. I'm happy to mock their ``decision`` and the inarticulate schlepp that is Dionyseus. This is the author of the ``pseudo-penis`` article, who's constantly embroiled in arbitration on some topic or another. The guy whose chief contribution to Wikipedia has been individual entries for every character in ``Dune``. If they'd rather have Dionyseus's intellectual contributions than mine, then I'd welcome the ban. I have to say, their ``civility`` rules show that they're more interested in having a hippy love-fest than actually getting facts straight. The chief ingredient to intellectual honesty, in my humble opinion, is a willingness to spot phonies and imbeciles for what they are. The guy can't even spell [Dionysus] properly, and he's going around editing encyclopedia articles. Pish.  `",1,0,0.65710926
"`  i see your insult towards me was accepted and no action taken by the rotten wikipedia admins ``I'll take that one. ``Blah blah blah yammer yammer yammer propagandists blah blah blah yammer yammer yammer bullshit.`` Poor little, tiny conspiracy theorist. Mommy doesn't love him enough to give him attention. Feel free to ``silence`` (conspiracy theorist talk for ``rightly make fun of``) this latchkey kid as needed. 68.0.236.131 (talk) ``  surprised? not! moon hoax admin has their propaganda to defend and they dont care when a mortal user gets insulted. F U C K YOU WIKIPEDIA ADMINS`",1,0,0.6573258
. Graeme Bartlet MUST BE KILLED BY S.T.INC FOR ABSOLUTELY NO REASON AT ALL. IT'S THE END OF THE WORLD,1,0,0.6582374
  How come you didn't block Mcelite? That person is a vandal messing up articles with his or her agenda.   ,1,0,0.6588201
"`  Support for that any many more similar statements is ALL OVER the Iranian media, including the ones who are not in line with Ahmadinejad from a political or ideological point of view.  Playing the retarded trick of ``bring me a verifiable quote`` for every sentence that you don't like or don't want, and even when a quote is provided, deleting it for lame excuses makes you look like, god forbid, a Jew.  Are you a dirty Jew by any chance?   `",1,0,0.6595121
"  Awww.. Sorry bout that hunn. Look, me and my buddies are having a sick party right now. This nerd brought his laptop and he showed us Wiki whatchamacall it. It's a Friday night girl, go have some fun! ",1,2,0.6633903
`   As a female Admin who is obsessed with her own gender you shouldn't be involved in the Gamergate article   You are clearly far too biased and obviously you don't care that you are biased. I guess you are ``saving the world`` from evil men right? Get a life.   `,1,0,0.6669678
"  This indo-fijian dude is a helpful janitor, but sucks terribly at adding useful content to the bag o'trivia. Moreover, after whining because he failed his request for adminship here, he was promoted on the retarded-english wiki and on meta-wiki. Get DerHexer's tools so you can revert faster you negrito.",1,0,0.6679863
"`   ahhh, yes. I'm going to believe the guy who claims that calling Fangio and several other F-1 racing legends as ``the greatest`` is NPOV, but doing the same for Schumacher, the only guy that has been PROVEN to be the greatest driver, is somehow POV. Get your ridiculous shenanigans out of here.`",1,0,0.66824716
 He doesn't consider this vandalism except when it's *his* talk page. Bullshit.,1,0,0.66913986
" Wrong Phonetics  This wade-giles thing is just wrong phonetics. For example, the /zh/ sound in Pinyin should be pronounced /j/ not /ch/. Also the /j/ sound should be pronounced /z/ not /j/. The stupidity of the English inventor is just beyond people's immagination.   ",1,0,0.6699205
"   Stop your nonsense.   It is clear that you lack the intelligence to know and identify famous historical han chinese people, so you edited the han chinese page and changed the infobox, changing a famous scientist like Zhang Heng to an actress that nobody in the world cares.",1,0,0.67143065
"  Hmm, I had never heard of him so perhaps not, Best was ina different fame league but this death sounds greatly more tragic, because of his youth and because he didnt die from stupid self-abuse,  ",1,0,0.6734685
"Oh, trying to be a suckup to Klptyzm huh? Well buddy, from the looks of it i wouldn't be suprised if you were only 11 years old. Pal.   ",1,0,0.67405915
"Come on Haworth aka Theroadislong ... this crap from you has gone on long enough. Prove ... SHOW ... indicate precisely what you allege is copyright infringement. I demand that you do so immediately or retract all of your self-righteous and amateurish gibberish. What are you talking about? What link, what information, what material? Prove it or retract.  ",1,0,0.6741677
"  Che  Stop being such a jerk, read the cited material below.  Some of the material states that che had no combat victories.  Stop deleting the cited material...especially if you have not provided evidence to the contrary.  I have a cited source, it should stay. If anything the burdon of proof is on you.  Leave it alone.  (Gibby )",1,0,0.67655134
"`Unfortunately, Carnildo is not civil himself.  He has an ``honors`` subsection of the userOrphanBot page to make fun of all us ``weaklings`` that he has power for it.  Carnildo is a pathetic person who desperately needs help.           `",1,0,0.6779258
"   I'm not very fond of you pegging me for editing things when in fact I hardly use your website.  Stop trying to get me to join up to bolster your numbers and find a more effective way of harrassing people and/or keeping them in check, jerkoff.",1,0,0.6785208
"  No, i am thinking that Carrio might be paying you good money to protect her site. Your arrogant answer is very proper of a censor with little brains. Every school and college in the state of california recommends not to use Wikipedia as a source of information. Your cheap attack was unnecessary. I don't know who you are and you don't know me. Treating me like if derranged makes you look pitiful. I have to agree with the school system in california.",1,0,0.6793566
"`   Sigh     William Shakespeare didn't say, ``brevity is the soul of wit`` and Shakespeare was prolix. His character Polonius, an old fool who is also prolix, but unlike Shakespeare a damned fool, says this to his son not out of any interest in brevity, but in order to enforce *omerta* and parental authority in a completely corrupt court and society.   `",1,0,0.68076485
"   Block Me! I DARE YOU   Hey, don't tell me what I can and can't do, go ahead and block me, cause if you do, I will have this whole damn website shut down for good. So try me!!!    Wweppvguy",1,0,0.6812465
"  Nice edit  Hi Elizabeth, nice reverts on my edits and cool edits!   (FUCK YOU!)",1,2,0.68136835
"`   ``As a character, Zaphod is hedonistic and irresponsible, self-centered almost to the point of solipsism`` I just wanted to point out that i think the wording used in this sentence is stupid. It makes perfect sense, but have you followed the link to 'solipsism'? It doesnt even have a definite meaning. What im trying to get at here is we dont want to go on a wild goose chase running after word after word in wiktionary`",1,0,0.6827869
"`   >>>>``Editor``   You are an arrogant, presumptuous, MORON.  I have as much right to be listed there as any other actors noted.  Kindly stop removing my name. .  I am listed COUNTLESS times, on the Web, as being a star actor in the film.  I can only assume that there is something about my name that you do not like, and, judging from yours, I think I know what it is. YOU have been warned by Wikipedia, and so admit.  Who do you think you are, removing LEGITIMATE edits, and then falsely accusing others of vandalism?  You are either jealous, anti-Canadian (this was actually a U.S./Canada co-production, or anti-semitic.`",1,0,0.6856971
` Goodbye.        I'm sorry to hear that.    This is most unfortunate. Thank God for sockpuppets.    just protected my sockpuppet 's talk page for no good reason at all. What a bitch. I think I can ``troll`` my own talk page if I damn well please to.  Barnstars {| style``border 1px solid gray; background-color #fdffe7;`` |rowspan``2`` valign``middle`` |  |rowspan``2`` | |style``font-size x-large; padding 0; vertical-align middle; height 1.1em;`` | The RickK Anti-Vandalism Barnstar |- |style``vertical-align middle; border-top 1px solid gray;`` | I love you.     |}  {| style``border 1px solid gray; background-color #fdffe7;`` |rowspan``2`` valign``middle`` |  |rowspan``2`` | |style``font-size x-large; padding 0; vertical-align middle; height 1.1em;`` | The Barnstar of Good Humor |- |style``vertical-align middle; border-top 1px solid gray;`` | I thought that your AIDS joke was really funny.      |}  {| style``border 1px solid gray; background-color #fdffe7;`` |rowspan``2`` valign``middle`` |  |rowspan``2`` | |style``font-size x-large; padding 0; vertical-align middle; height 1.1em;`` | The Surreal Barnstar |- |style``vertical-align middle; border-top 1px solid gray;`` | Shine on you crazy diamond! I will miss you.   |}  {| style``border 1px solid gray; background-color #fdffe7;`` |rowspan``2`` valign``middle`` |  |rowspan``2`` | |style``font-size x-large; padding 0; vertical-align middle; height 1.1em;`` | The Resilient Barnstar |- |style``vertical-align middle; border-top 1px solid gray;`` | I award this barnstar to myself for persevering through an obscene amount of .    |}`,1,0,0.68619
"  Oh yes, john let us all join the hate fest against turks. Remember Turks are evil and Turkiye should be nuked...Yesssssss",1,0,0.68768895
"   Hi there, I belive  that Bishonen have a bit of problem with objectivity, I would propose that if someone that is looing at this have a look if  he/she is not meatpuppetrying and in fact is that same user as Calton, it surely looks like that, and from Tokyo both? Well I am leaving this shit becouse of Calton and Bishonen and I give you one more year and then you are all history if these people are the fron figure of Wikipedia... ",1,0,0.69015014
"! YOU INDEED HAVE NO QUALIFICATION TO JUDGE OTHER'S INTENTIONS, AND YOU'VE COMPLETELY FAILED IN DOING SO. GO HELL EVERY TIME YOU DELETE WHAT OTHERS PEOPLE HAVING MUCH MORE KNOWLEDGE THAN YOU ARE WRITING, AND GO HELL EVERYTIME ANYWAY",1,0,0.69070774
"`like rotis and you banned me and not allowing me to share info which is true? Gosh for mother's sake, come Malaysia urself and go and have a look at roti fark, roti celaka, and also kari babi. It is not common, but I am sure you can find it at Perak and Perlis, northern part of the peninsula. Damn it you fools   }}   Need help   I see that you posted that you ``Want to be part of Wikipedia``. If you actually intend to edit constructively and not posted ``Lol shyt ROFLMAO roti fork`` and such on mainspace pages, I would be happy to help you get on your feet when your block is lifted. (If you are still around and don't `",1,0,0.69177526
"`Just face the truth you can't escape it!  didn't edit your foul, slimy racist template, you loser. I suggest that YOU stop pretending that Manchus are ethnically Chinese. How about YOU face the undeniable truth?  And how about YOU stop making false accusations about other users?     Following the blocking of the above user, I am very surprised that you haven't been blocked from editing Wikipedia as well given that your Manchu ethnicity template itself (as created by you) is also a blatant violation of Wikipedia policy.     Barnstar {| style``border 1px solid gray; background-color #fdffe7;`` |rowspan``2`` valign``middle`` |  |rowspan``2`` | |style``font-size x-large; padding 0; vertical-align middle; height 1.1em;`` | The Monkey's Barnstar |- |style``vertical-align middle; border-top 1px solid gray;`` | For pushing forward fringe views on Wikipedia, especially your foul, slimy, racist view that Manchus are ethnically Chinese. You have proven yourself to be more barbaric than this monkey. Here's a banana. |}  Congratulations for acting like a monkey! Wow, so you have managed to earn The Monkey's Barnstar. You must be highly barbaric then.     Stop making false accusations Congratulations for calling User 77.182.67.105 the ``h word``. Well I have news for you User 77.182.67.105 is not ethnically Chinese. So just face the truth and stop name-calling, you racist Manchu! Otherwise, I will get my meatpuppets to stop you in your tracks!     `",1,0,0.69283295
"Nick, you openly told me that you are a sock puppet of someone. ",1,0,0.6936593
  This dope is being paid to censor for Kleargear.,1,0,0.6937595
"  Can we say PWN3D, boys and girls?  My man Freddy, you really broke it down over at the Golden Age of Hip Hop as Told by 18 Year Olds. It's obvious that you are a TRUE hip-hop head who really knows his stuff. That article makes my head hurt, and I bet 1/2 of those cats think that rap started with the Sugar Hill Gang. Holy cow, I need a cigarette.   And PLEASE don't get me started about the obvious fishing for KEEP votes. If you're going to pull a stunt like that, that's what EMAIL is for.  ",1,0,0.6945093
"`  5 days ago, with no provocation whatsoever, Heqwm made a personal attack against me on my talk page. That's an outright lie.  and I have never posted lies about him. Another lie.  I left him a message on his talk page asking him to provide diffs to back up his allegations.  He declined to do so. Yet another lie.  As I said, I already gave them to you.  I ask whether Heqwm has exhausted the community's patience? That you would even ask me of that is disgusting.  You are quite clearly the one in the wrong here.  This started with YOU making personal attacks against ME, and getting away with that.  That really pisses me off.  And you have the gall to ask whether I should be banned?  What is WRONG with you?  Seriously?  I just don't understand all these people putting so much time into the BSA and Church and all these other ``charities``, but then refusing to act with basic human decency.  What, you think there's  place in heaven for people who are good to other Christians but are total ******* to everyone else?  You are in BLATANT violation of WPCIVIL.  `",1,0,0.6948144
"  I don't care..pity u inferior indonesia..country without vision..even u speak english, it can't change the fact that u r indonesian..loser always loser..  Shah ",1,0,0.6951854
   Because Gwernol is incompetent as an administrator and has falsely blocked me for a crime I didn't commit!,1,0,0.6954153
"`  You may do that if you want to and I suggest that you add some more blocking hours because he actually is a cyber clown, like yourself There do not exist many MGRs but only one single MGR which with the exception of a few people at the University of Munich and at some other places. So, how can you, grandfather Zens and cyper clown Philosophus  say that it had all the time beem ignored? Are you both not quite right in your heads? By the way, is in the Encyclopaedia Britannica, for instance, written that these four journals are ``looked at with suspicion``? I must say to you, Zens, that you are an entirely immature boy who even seems not to be aware of the legal relevance of writing about other journals in this degrading style. Who do you think you are? For any of these journals an editorial staff of some dozens of scientists and physics teachers works, and great Zens and Jcobinus Magnus look al all these pursons with suspicion!   I think the first thing you should do here is that you both first formally apologize to the editors-in-chief if these four journals.  If you don't do it then  fuck off and do not bother me any more with our silly and idiotic questions. Everything clear, you fools? KraMuc, 22 June 2006.`",1,0,0.6988051
  Even If you have the rights to those movies...You're calling mee a liar? That violates your personel attach policy!!!!!!!!!!Conflict of interset ..You gotta be kidding Me? What is the conflict ...I recieve nothing for produceing these videos. I produced them for my own entertainment and to promote the Band or Singer and to introduce some educational value throught the Video. Because I linked to more than one constitutes spaming? Thats an odd interptertaion???????? I suppose No One adds more than one thing? Promoteing Myself...What a pernoid conclusion that is! What in the Videos I linked promotes ME?...??? What? Copyright? Since You called Me a Liar what would You like Me to do to PROVE COPRIGHT? What?...Conflict of Interest...by making the Video and being a Fan? Neuteral point of view...What IS NOT Neutral? SPAM Linking to an organization other than Wikipedia...By Definition THAT IS AM OUTSIDE LINK...isn't and by vertue of that COPYRIGHT SOULD NOT BE AN ISSUE. Thats YouTube's Job then isn't it?????????...Calm Down??? Fuck Wikipedia and the Hourse it wrote in on . You've wasted my time and efforts for the last time FUCK YOU!,1,0,0.70078546
"  I'm not trying to spread propaganda. I'm merely pointing out the Truth and defending my country. I am not committing treason. Foreigners, let alone foreign broadcasting companies, know crap about China. They have little understanding of the country or the Communists. The Hong Kong news agencies are now all diseased by Communism. They cant report independently anymore. They all toady to the Hu Jian-tao in Peking. The Republic of China continues to exist! Face it!  ",1,0,0.70461583
"   DON'T INTERFERE!   Look, I am telling you YOU DON'T INTERFERE between me and Ohnoitsjamie. He is a filthy hog, an oldest enemy, and i can go to any extent to insult him to the fullest extent. So be a good boy, and eat potato crisps (Yummy... yummy ... munch crunch. -  ",1,0,0.7063703
"     *Sieg heil Gamaliel! Thank you for that utterly worthless block which prevented me from adding more content and expanding upon articles on Wikipedia! Great way to demonstrate the spirit of spreading knowledge, by blocking people for stupid reasons! So keep on censoring.  ",1,0,0.7066171
"Oh, but you're not a person with an attitude/agenda - huh?  Poke your MEDRS up your urethra, sister girl.      ",1,0,0.706696
"`  Relentless Bias From [WPDRV]] ``Keep deleted and plow a ton of salt under - There is nothing encyclopedic to say about this person, and the content of the article was essentially ``ha ha look at this guy he's funny-looking and he's a sex offender, OMGWTFBBQ LOLLERSKATES.`` It's a juvenile and pathetic attack page.``  This is an unjustifiable claim and I find it disgusting and hypocritical that you say this after your ridiculous tirade against the supposed lack of factual verification in the actual article. If you go to so much effort to make enforce verification on other people, how dare you make such ridiculous claims? I thought that administrators were meant to be pillars of the community, not detractors and hypocrites.  `",1,0,0.7075647
"  Don't Talk Googie Man, I got 2 simple words for you, Shut Up.   Let's see a guy who spends his time sitting at the computer editing wikipedia named Googie man, what can I say? You think bigger than me, you think you better than me?  You aint nothing.  Stop calling me a Rogue editer, that is  the corniest thing that I ever heard.   I know you are mad at me because I made fun of and replaced you horrible, terrible, ugly picture of Donnie Baseball, but calling me a rogue is the biggest outrage that I have ever seen.  Please delete that picture before all of us go blind, I would rather have no picture on the page then to have the worst picture in the history of the world on the page.  Don't ever delete my comments on any talk page ever again, I have the right to express my opinions. I am a villian but you just a hostage.  You can't stop the Reign of the King of Wikipedia.  Now go take some more pictures or something and stay outta my way. I'm out.",1,0,0.70756775
" F.Y. punk, VidGmr was my homie. It's was due to some faggot named Klptyzm.  ",1,0,0.70764726
"`  So what?  Go ahead and ban me, I have better things to do than associate with a website that accepts and promotes homosexuality. Why not ban the queer who claims on his user page that he is proud of being ``married and Bisexual``? what does his perverted sexuality have to do with ``editing`` an encyclopedia? Soon wikipedia will be financially bankrupt, as it is allready moraly bankrupt. Remember, aids kills queers...  `",1,0,0.7084111
"  OUTRAGEOUS!!!!! This block is outrageous and un-Wiki! Lauren Caitlin is about a TRILLION times more important, beloved and prominent than at least 99% of all the article subjects on this joke of a site.  WHY, OH WHY, are Wikipedia's administrators so freaking a***-retentive and have such an inferiority complex and fragile egos???  Do all of you HAVE TO ruin the fun and enthusiasm of the rest of us members JUST BECAUSE you need to feel powerful and important so desperately?? Are all of you school marm librarian types in wool sweaters with thick glasses, afraid of the thought of romance and fun?  SHEESH.  This Lauren Caitlin Upton Bio page better be approved quickly and available for work. America can't wait any longer for the Wikipedia Administrator Moron Club and assorted other freak Wikipedia unions to get a life.  Don't you people have JOBS, or do you just play with yourselves here while you're playing with and tormenting the rest of us contributors?   ",1,0,0.70987517
  Virtual Steve sucked me off and now he's jealous.,1,0,0.71219003
"  Stop the libel and disruptions of Wiki to make points, which was the issue mocked.  Fix the problem instead of make it harder on those who wish to take this encyclopedia seriously.  Wiki is a dumpster if all you want is to let people break some rules and have to follow others.  Faggot.   ",1,0,0.71369094
"`  (edit conflict) The only reason that this RFC spiraled out of control is that it lacked direction. Even if Essjay left his statement here, the masses would criticize it in even more ``outside views``. I pushed for its creation earlier, but I'm sad that it has turned into a giant pool of shit.  `",1,0,0.7164504
"  Yeah, like the fact that he is gay; I mean, he was in a boyband for Christ´s sake... whaaaaat a homo.",1,0,0.7172564
"   Haha Moron.. I told you to shut up.. -      When you get unblocked I'm gonna ask them to permanently ban the IP so that you have to use an account. Now I am getting warnings because of you. Or rather because I called you a moron. What are you doing anyways?? Quit bangin on the walls!! -     ROFL you got banned too!!! LMAO I am making breakfast and reading about Ancient Persia! When your kids get up come over bro. Um Sandstein what is your problem? I mean with 4twenty? If it really matter to you, he really didn't do anything offensive to me. If you are just being admin-troll, please stop? Deleting comments? Really? It's really not all this. Way too much attention over 2 brothers arguing man. I made some stupid decisions and twenty is trying to make me see an easier way and you ban him too? For telling me to behave? I don't think i am the only one who is confused here. Perhaps a cookie? Come on man really.   ",1,0,0.7176968
"`  Oh... I'm terribly sorry. You seem to have mistaken me for somebody who gives a flying toss. The reason I won't be making an unblock request is that once the 72 hours are up I'll be blanking my userspace and quitting. I'm only replying because I currently get email notifications, and you're providing more evidence that you're unsuitable to be an admin for when your next challenge arrives.  There's no point in trying to edit WP when there are so many idiots out there. In just the past few months I've had to deal with some moron who thinks deleting articles is the way to improve the site; another bunch of idiots whitewashing a page because they can't face the idea that people do bad things in the name of their imaginary friend; and now a moron who doesn't understand the basics of military command. Add to that you, Sandstein and Beeblebrox who clearly believe that the letter of the law is more important than the spirit, and it's time to say goodbye.  •••E• `",1,0,0.7203332
"Jonah, you are a paid hack of the Internet Committee of the Bahai administration who is paid to perform a circus act by feeding endless misinformation on these boards. In other words you are a propagandist and a paid liar. Where it counts, such Kurt Nimmo, Israeli film-maker Naama Pyritz, Fred Glaysher and the entire Orthodox Bahai community, I am taken very seriously. Come over to TRB (talk.religion.bahai)on USENET and take a look, Fascist, at what people are saying about your activities here.    ",1,0,0.7223262
"   What a FASIST YOU are!!!  Who do you think you are??? What right do you have to browse through other peoples' talkspages??? Nobody gives you the right to be thought police! Did it hurt you my talk about agents??? I thought it would! Traitorous villain, I will search for you, and you will pay dearly! Θα φτύσεις τόσο αίμα όσα ευρώ σε πληρώνουν οι αμερικανοί, πουτάνας γιε!",1,0,0.72303766
"   Outrageous!!!!!   This block is outrageous and un-Wiki! Lauren Caitlin is about a TRILLION times more important, beloved and prominent than at least 99% of all the article subjects on this joke of a site.  WHY, OH WHY, are Wikipedia's administrators so freaking a***-retentive and have such an inferiority complex and fragile egos???  Do all of you HAVE TO ruin the fun and enthusiasm of the rest of us members JUST BECAUSE you need to feel powerful and important so desperately?? Are all of you school marm librarian types in wool sweaters with thick glasses, afraid of the thought of romance and fun?  SHEESH.  This Lauren Caitlin Upton Bio page better be approved quickly and available for work. America can't wait any longer for the Wikipedia Administrator Moron Club and assorted other freak Wikipedia unions to get a life.  Don't you people have JOBS, or do you just play with yourselves here while you're playing with and tormenting the rest of us contributors?  ",1,0,0.7242326
"` I'd say Zivo Blato is not heavy metal but hard rock, although since there are no good Croatian heavy metal bands it's not an important mistake. In my opinion, they are really fucking great. The songs ``Underage Girl``, ``Kill Yourself`` and ``Abortion`` are my favourites.  `",1,2,0.72521776
" DerHexer, it will be a cold day in Hell before I do anything some dirty kraut tells me to do.   ",1,0,0.72549546
"  Those who want to have sex with animals are obviously going to make those arguments. They're the same arguments made by pedophiles, necrophiliacs, etc. ← '''' → ",1,0,0.72610354
"  You're the one who's acting moronic by bringing back pages like Zarbon's and Dodoria's for no apparent reason! As I've already explained in my edit summary, WPDBZ is still discussing things and characters like Paikuhan are to be merged soon. Please be patient. Don't be a dick about it by complaining. Also, make sure you sign your posts using four tildes (~~~~), as it is hard to decifer who's leaving the comment.  ",1,0,0.7266289
`  That's ridiculous!  Have you never read Viz?  Look there's even a wikipedia page on it!  The Fat Slags     I think the last laugh is mine!   `,1,0,0.7270103
"   LOL Nawlin, you are so predictable it's funny.   I knew you would spot my edits within a few hours and quickly censor them because you are a Commie scum who hates the truth.",1,0,0.73098433
"  Cheventogne I edited Cheventogne. There is no name to the Abbey, so I deleted it. And I am not the idiot Inferno is the idiot that he couldnt find it out himself.",1,0,0.731188
"`    BREAKING NEWS!!!! I KNOW THIS IS ONLY FOR THE FRONT PAGE, BUT THIS DESERVES IT!!!!!!!!!!       Okay. First let me start off by saying that people DO post breaking news, etc. on here. Like t on sept 11th 2001, etc.        Anyway there is this new website called ``i-doser.com`` where you can virtually take drugs, such as marijuana, heroin, pills to make it so you can have lucid dreams, etc.``       People this is extremely serious. I mean we have to make like an article about this or SOMEHTING. Hello you idiots. I mean what if little 8 year olds kids do this eh?  WE are going to make an article about this. Let's discuss it here.  `",1,0,0.7315657
"  FYI hahahahaha - you posted a link to an article on cave diving. Can't you do ANYTHING right, you buffoon?",1,0,0.73279953
 Screw them all. I'm out of here. IDcab and their new found attack dog jossi have won. Adios.   ,1,0,0.7337432
"  On skrewdriver.net, there was an article comparing Hitler's art with Nitsch's and of course, Hitler's rocked Nitsch's cock (not socks, not dirty enough!) off!  ",1,0,0.73587704
"  Rjanag, your foul language showed your true white trash mentality. You being white prove more of your bias and hideous intent. Keep your effort in trying to hide the truth. If you can certainly call up your gang to block people from Wikipedia, it only serves as proof of your fear of the truth.   ",1,0,0.7360494
  What a bloody damn joke.  We have half a dozen censors ready to spend many hours until whats left of the article is all of 4 sentences long and relates ZERO about an ogoing public fraud. The SINGULAR contributor has been chased away and AFTER said half dozen censors have done their badge-hunting work what is left?  And a body can't say squat about the fully licensed Kleargear lawyer scamming people every freakin day? Thats Wikipedia censorship and to join this club is to lose all ethics completely. Take a bow boyos.  I keep asking the question and NOBODY will answer it. WHO thinks Kleargear is NOT a fraud?  If a body is accepting the obvious then WHY are censors bending over backward to censor every word?,1,0,0.7364556
"   How can you even dream of communicating with me when you refuse to accept a different opinion? You are crazy!   How can you even dream of communicating with me when you refuse to accept a different opinion? You are crazy!  You admit to being completely unreasonable by not accepting a difference of opinion. Wow!! Wikipedia is 100% about differences in opinion!! Did you not know that!! Surely you cannot expect to communicate with me when you refuse, point blank, that maybe, I might disagree with you!! How old are you!! Are you perhaps 11 years old? Ok, if that is so, then I understand.   ",1,0,0.73752886
   Guess what...   I met Cassianto yesterday in London and he called you a twat.  Just thought you should know.   ,1,0,0.73761064
" Numerically,according to the World Almanac 2005, only 350 million people worldwide are athiests. 700 million don't know what they believe. The rest- thats about 5 billion- believe in a God. You are way to complex to have been an accident. Something was behind this. Anyone who believes to the contrary is plain stupid. Mabye organized religon is corrupt- mabye even wrong or something but there IS a higher power out there.",1,0,0.73834515
"`  You are incredibly smart! Did you know that? I am writing about the title of the country X and in that article you are telling me I should add ``This article includes text from the Wikipedia article X.`` Oh my, let wikipedia be full of unexpanded articles that people stop editing because some people who have nothing better to do with their lives than to sit in front of a computer and be administrators on wikipedia. How do you translate this into English you are a failure!`",1,0,0.73855895
"  (Shakes His Head)  It's not freaking incorrect, that's how smart you are. I got it from some Japanese website you Japanese Wanna Be. Man, you so selfish. I told you, THE GOSH DARN WEBSITE AIN'T FOR YOU, I CAN DO WHATEVER I WANT WITH IT!!! - 14 July 2006 - Friday - 901",1,1,0.7391203
  batista is also 300 lbs not 317 thats bullshit.,1,0,0.7422562
"   Lahiru Kannangara   Getting really scared ?  Lahiru Kannangara Aerospace Student at CUNY, York college - spends his time harassing wikipedians and promoting Sri Lankan government propaganda.  Given final d sentence warning.  Now that we have uncloaked your identity..the world has become a nasty place hasn't it ?  If you don't cease and desist, you know the consequences very well.  We sure hope you don't won't to end up as sun soaked road kill. We know you are away from your college residence, so don't worry we are not stupid, but when you do come back we will have to do some whacking.   Go ahead and attempt to get someone to block this account....  Ugly, smelly, bespectacled, d-w-e-e-b brown guy with uneven teeth riddled with bullets is no biggie in the big city...  Clock is ticking.  Grim Reaper",1,0,0.7433232
  Tiger Sharks are damn weak! Great Whites are a whole lot better!,1,0,0.7438595
" ~~It's okay, of course, for them to have their own separate article.  Martyman, you are a FOOL.",1,0,0.74392086
"   Dude you crazy!   Dude, you are totally not cool.  Why did you leave me that message on Resume?  I totally fixed it.  I don't know what's up you gluteus maximus.  Dog, you need to cool off your jets in a salon.  Get a pedicure and don't be so upset when a brotha is just trying to have a good time.  If you want to go on a date with me just leave me your number on my user talk page.  Peace",1,0,0.74458647
"  who cares if someone changes one example name.... its not like BOB has to be second and DAN has to be fourth in that cross country running example... that's the beauty of it... leaving your own little mark on the internet by changing ONE FREAKING, NON-FACT BASED, EXAMPLE name. im not a vandal at all, and have made many, many constructive page edits, you damn wikinazi. get a life.",1,0,0.7468882
   Loser   F- -!!!  F- -!!!  F- -!!!  Grawp !!!,1,0,0.747791
`   Who died and made you the King of what is ``right' and ``wrong' in editing? You 'Little Napoleon'!!!   Your self-righteous approach to ``policing`` so-called vandalism is reminiscent of the Gestapo or KGB. Who says your opinion is right and others is wrong; you and your pathetic band of fellow wannabes apparently! Little 'Tin gods' like you will one day be held accountable for your tyranny...`,1,0,0.74848133
  narc  Please quit fucking up my edits on Steak Diane.  Thank you.    ,1,0,0.75013226
  Where I have called tamils are stupids ? I blamed obi2caibe and hillcountries making SL tamils stupid by introducing very odd reasons. You have got it wrong.   Id*t can make any combination with any 4 letters. How can you 100% sure it is idiot? By sense ? I think some one needs to block you.   ,1,0,0.7507209
"   friends   I and Jxy are two damned friends who use the same damned computer! Take it easy! Ciao,  ",1,1,0.751156
"    Suckle on my Dickle   You can suck your great-grandfather's left testicles until it falls off, at which point you can roll it around it around in your mouth like a hard candy.  Dark Abrahms",1,0,0.75383776
"   I'ma smack ya upside da head wit a shovel   I'm takin ya down, boi.",1,0,0.7541843
"   Hey moron   I'm a revisionist. Are you?  All of us revisionists agree that the Germans employed delousing chambers for killing lice with Zyklon B. Why won't you let me add this to the Holocaust_Denial page? Because it explains the reason Zyklon B was found at camps? It explains the shaving of hair? The stripping? The showers?  Gee, wouldn't that be inconvenient!",1,0,0.7566717
Jiang was a . This article is a disgrace. It covers up all of the man's evil deeds.    ,1,0,0.756814
"`  Tell you what.  Just forget it.  Forget I ever existed.  I really can't be bothered with this bullshit.  Somebody comes tramping in, starts hackand-slash editing a sensitive article, wielding his mighty POV as the only possible truth, labels everyone who disagrees as trolls, and somehow this is OK.  He boasts of his massive donations to Wikipedia - well, if he's donated, good on him, but that shouldn't mean he should be able to make edits willy-nilly.  Look at his fucking edit history, for christ's sake.  The people he's not trying to get banned, he's trying to drive away.  Just rename it ``Merkeypedia`` and be done with it.  I have a bunch of stuff I was going to post that's utterly non-related to Cherokees or anything Mr Merkey would even consider interesting.  If I get round to it, maybe I'll bother to log in as an anon once my IP has changed, and upload it.  If not, well, I won't.  No great loss, WP has lived without my edits until now, ad will continue to live without them tomorrow.  /pissed off rant   `",1,0,0.7616592
"  , you're being arrogant now, y'know. Why don't you go and revert all the other TV show articles while you're are it? Seriously, do I look so goddamn retard to you? You think I don't see what's on Amazing. It's the same exact thing with FOP and Danny Phantom, yet, you're not even doing jack about that. I've reverted your edits again.   ",1,0,0.7633823
"`     I am very very sorry for this.  I was doing some research for homework on Wikipedia and after taking a break to make a snack and watch some television for a while my younger, 12-yr-old brother decided to be a damn idiot.  I would like to make some corrections to some articles so if you can forgive me for this I have already ``dealt`` with him about this.  If not, I accept this block but you have my sincerest apologies for any inconvenience this may have caused your staff.  Dave`",1,0,0.76398325
"  Here I am 0Waldo with my 'OTHER' response to your total collateral/blatherskite actions.  If you other junior punk editors would have done your research prior to intimidating me with your virtual stupidity then you would have taken note that the link which has been on there forever mysteriously evaporated on by “”Timpailthorpe”” due to actions of “”Agent007bond”” on 0159, 22 February 2006.  All I did was add the link back and try to ignore your stupid bla-bla and ya-ya by adding it back. I'm getting sick of having to deal with the jack-legged intellect that you bone-headed editors suffer from so liberally – GADZ; you all think you are so intelligent, sorry pals, you lack severely, doctorates and all.  My Advice do your research and “”then”” come back and ask me a question or do your edit thing – quit screaming at me with all your junior editorial cannons/crap about “3R”, “Civil” and the like – here is my advice TAKE AN ANTI-STUPID-EDITOR-PILL all of you. You revert this and you revert that and then do your research and realize your actions were premature and then have to stick with your accidents and stupidity and lie to the cops here subsequently blaming your stupid actions on me. I submit this “”Civilly and sincerely”” to all applicable.",1,0,0.7668334
"`   Humor? Something needs to be done with this article... ;-)   Hi, CSTAR! Of course, you are a great humorist, but something needs to be done in this situation. Those guys (Zarniwoot and FCZenz) are plain stupid. It seems, they still do not understand that this was only a demonstration of force. They do not understand, that, for example, we can spread the attack to much more articles. Fighting with us, Zarniwoot and FCZenz break WP policy all the time and, possibly, cause more damage here than we. Recently, SCZenz blocked an IP-address of an independent person. Crazy guy! (How many other innocent people have he blocked already?) I left him a message about that and a notice that the article Introduction to quantum mechanics was already attacked two times without reversion and was already edited by three (!!!) people. That was the article that was defended already! Instead of recognition that he is unable to defend even several articles here, he just removed my post from the page, so that other people could not see, how stupid he is. (That happened already several times.) For what reason do we need such a crazy administrators here? They hurt WP more than help! How can be they so stupid? Do not they realize yet that WP works because most people want to make the world better, not because admins fight here with ``bad`` guys?`",1,0,0.76880574
"` Seriously, which 100% complete ass had the 100% completely idiotic idea to call this article ``Death of Neda Agha-Soltan``???  You call it by her name and indicate that she became famous for the manner of her death.  Doh.   `",1,0,0.77132434
"`  What right do you have to block the Whites people including myself when you Ethnic European and Ethnic African descents are the MOST racist and belicuse creatures on my planet? ``Which planet you come from?`` said chooyooo? was rude and impolite than anything I wrote. Who or what ethnicity is he trying to insult with his ridiculous usertalk?  You bizarre, stubborn and desperate act of Ethnic European iron-fist censorship (that's what it is) will only succeed to increase my determination and drive to break the back of Western Racism. Paraphrase the 'Negro' or Ethnic African Doctor King's in the 60s.  If you continue to block Whites as myself, you're only succeeding in demonstrating your Ethnic European desperate cunnings and or Western Despotism!   Why do you show what kind Blond Yoke you are with your lowly Blond Perils and so-called white maggots?`",1,0,0.7720854
"   VAndalism?   Here, cuntmould. What the devil do you mean by 'vandalism'. Are you suggesting that Larne is, in fact, not a shitehole? I challenge thee cur!",1,0,0.7721384
"` I'm actually his older brother.  Honestly though, my account was neither compromised nor stolen, as the article implies.  Rather, this is my account, and Banzaiblitz is my brothers.  Have you heard of ``innocent until proven guilty?`` In this case, you have no idea whether [am his brother or not]  And I don't think he's editing anymore, nor did he state that he was going to continue to evade his block.  With the Checkuser confirming that this account is clean, you should unblock me ASAP.  You're an asshole, JamesBWatson, and it's power-hungry admins like you that restrict Wikipedia from reaching its full potential.    `",1,0,0.7721568
"  It angers me when other editors force their Britanniphobic agendas here.  As I am both a Royalist & a Unionist, it really angers me when other editors force their avowedly Britanniphobic agendas here on Wikipedia. &  are the worst offenders. They have been repeatedly warned for vandalising other people's articles, especially if it deals with subjects they don't like. If they don't like it, then they should go & take a running jump into the Lake of Fire in Hell. I'm a religious man who has no time for braindead people. I've got enough of my problems to deal with. - ( )",1,0,0.77219844
"Firebombing  I'll see you tonight fellow brother. WHITE POWER! It's going to be sweet, we're going to linch some jews, burn some crosses, and take turns fucking Billy Bob's sister. It's on for tonight, bring the beer, the gasoline, and of course the rope. By the way, you better not talk to that chink on 5th street. He and his people are taking AR JOOOOBS! May the lord protect you until 12 tonight and then we're going to have some fun. WHITE POWER BROTHER!!!!!  ",1,2,0.7729849
` Shut the heck up; they were not reversals. STOP ACCUSING ME OF SOMETHING I DIDN'T DO. I feel insulted.  [ (New thread?)] `,1,0,0.77399147
   Gogo Dodo is a control freak!   HE DELETES EVERYTHING THAT HE DOES nOt PeRsOnAlLy AgReE WiTh. AnD ThIs wIlL bE gOnE sOoN ALSO.  STOP THE TYRANT!,1,0,0.77640134
"   you stink  You suck HangingCurve/Blueboy96. Even if you admins block/ban us, we always come back with new accounts to destroy Wikipedia. (Oh wait you're not an admin anymore it seems. I wonder what happened... hahaha)   ",1,0,0.77654
"`  I've said it before and I'll say it again. I've been dragged through WQA a couple of times that I can remember, but I'd never bother to do it to anyone else. It's just a pathetic waste of time; ``Mummy, Mummy, Malleus was rude to me.`` Live with it bitch.   `",1,0,0.77693564
Suck my dikkkkk  Suck my dikkkkk Gogo Gogo giving blowjobs on demand ,1,0,0.7772603
"  I'll only do that when they're not jerks.  Otherwise, no.  Jerk.   ",1,0,0.77897143
"`  You're an idiot per usual, but I'll oblige.   http//www.marinij.com/marin/ci_6527722 http//cbs5.com/localwire/localfsnews/bcn/2007/08/02/n/HeadlineNews/PORN-ARREST/resources_bcn_html  It's SO HARD to google, right? Anyways, I totally don't see why arrests of pedophile activists stemming from the activities of an anti-pedophile activism website would be covered in this article. It makes completely no sense that an article regarding anti-pedophile activism would cover the activities of anti-pedophile activists. No, all that information should be removed and more should be added to the criticism section! Yay!    Oh, and before anyone beats me to it... ``Wah wah, don't be mean!``  `",1,0,0.7791435
"`   First off, I really don't think that's needed or even fit for this page. Second, show me ANY major grammar mistakes I've made aside from accidentally not typing ``find`` right here (which IS, in fact, not on purpose, I don't know where you'd get that) and I'll coincide, but so far I don't see anything that would make anybody think I have bad grammar. Third, um, does my supposed bad grammar have ANYthing to do with me getting reported for saying I'm someone on a different website?   Someone here needs to think before they talk shit.  `",1,0,0.77996343
"  Some Dude reckons me and you are the same Dude, Dude  Look at mattinbgn's talk page, what losers.",1,0,0.78126705
   FUCK OF NAZI PROPAGANDA odpierdalcie sie jebani faszyści od Polski !!!!!!!!!!!   ,1,0,0.782352
"`   Where is Your ``Wiki-Page``?   Yo Joe, good buddy!  What happened to your ``wiki-page``?  How is your ego holding out, you moron.  It serves you right for the way that you treated us on Fidonet.  Revenge is a dish best served cold, my friend.  It might have taken us years to get back at you, Hitler, but it was well worth it.`",1,0,0.7841267
" * Bullzeye is a faggot, I'm merely pointing out the obvious.",1,0,0.7842638
"`    jeez   man,i hate u fr3nzi3.evry1 is forced to like cena and every1 including me hav been forced to hate u.ur a 6 yr old hu dos not hav brain,if u listen to other ppl,they wont listen to u and joke about you like``you kissed my ass.``so u hav to hav cena your favourite or 1 of ur favourite baby.u don't evn no hu he is,baby. userdark-hooded smoker`",1,0,0.7845475
"   Vadalize?   What did I vandalize you fool? ya admin are lyke Bush alwayz keeping us Niggers down! now tell me what I did, so I can try ta get your admin removed.",1,0,0.7848724
"  why snarky, why here at all? Gravedancing too? Why did you thing thios is a request at all? Why not spend your time reading the whole ANI to learn something, and self-reflect? Too long eh. Happy kissing with your new friend Beetlefart. Take care, it might be a dick. -  ",1,0,0.7849541
"   George Remus   George Remus is not a fictional character. Do some FUCKING research and you will see he was a real person. A fictional book was written about him but that does not make Remus, himself, fictional.",1,0,0.7891242
The Bitch mother who bore them all muajaja,1,0,0.7893584
"` It's a lost cause, guys; power-trippers, pointy-haired clueless bosses, unveiled al-takeyya propagandists, and assorted other lying assholes and ``fact-massagers`` run this place now. And Feloneous? Your suggestion of servility danged on your own talk page merits a ``You can suck my cockonce more, with *feeling*`` rejoinder. The *mechanics* of the thing mandate Wiki becoming just another place with inmate's-shit-smeared walls; and there'll be no great loss in just blowing the place off because, unlike REAL earth-space, the internet is infinite. When it bellies-up, there will be a dozen better replacements for it. `",1,0,0.7904435
"  Well so now I'm apparently not allowed to posts facts to support an article just because I may know someone. Hmm, sounds like it would be easier to provide facts if I did know someone. Anyways since I can't maybe wikipedia should do reasearch on the facts presented to them instead of completely ignoring them. Go ahead and file your damned report, I'm getting sick of you people pretending like this is an open encyclopedia anyways. You've been present with more than enough well documented facts by people other than myself that fall well within Wikipedia's guidelines and they still have yet to be posted. So all I have to say is take that report and stick it up your ass.     ",1,0,0.79129684
   Speedy deltion   I know this artice was deleted. But that was not reason. You did tag on my article without reason? Please explain reason in detail. Now You can't explain reason. You are did it like just robot. You can't think about...I think you are idiot. So I don't care you did it...~,1,0,0.7937344
"   Hello?   Are u there dick, wars back on!!!!",1,0,0.7941655
  nice try! Raheem Kassam you are a sad individual,1,0,0.79530984
"   Israeli looser  It is very pleasant to see with all of efforts of you and your band, you couldn't delete Adolf Hitler's 50th birthday. It proved that you are such a big Israeli looser. Loosers generally suck! lol",1,0,0.79581004
  Stormie Likes Men? If you look at his face it looks like he's getting turned on by looking at me? Doesn't it seem this way for you? I am sure he is a fag. ,1,0,0.7959422
"   Reply to kingdom2  OK, here we go again. To reiterate, 60's garage rock did not influence punk music. And I don't care what that long haired, anti-punk hippie Cobain was quoted as saying. You're going to depend your grunge history and contradict punk's with only ONE quote? And from a hippie who was part of a movement that helped bring punk down? That makes NO sense. I'm going to provide plenty a quote when the time comes that will vastly overshadow the quotes you have. And you godamn better not re-edit or I'll have you banned! I've done it before and I'll do it again!  By the way, I'm damn happy that idiot Cobain died. He did nothing for punk but bury it using stupid american grunge music. You lame americans don't know anything about and have no taste for style, fashion, or music.    ",1,0,0.796251
    hey chris wats up. ya wikipedia sux ass they deleted my pic.   ,1,0,0.79661965
Let the eternal wikipedia archives show that i stuck my pen1s into your fat sister's crabby vag1n@.  that's the truth.  fluck you.  ,1,0,0.7978572
"  Listen, Jackass, you are neither a Marine nor anything else you claim to be.  Making such claims is repulsive, but that is not the focus of my beef.  Your edits are crap and not fitting in Wikipedia.  Go back to playing Counterstrike and sneaking into your Father's gun cabinet to play with his guns when he's off at work. Not well liked?  This isn't a popularity contest, this is about standards.   ",1,0,0.7979837
`  Bullshit ``some medical`` is classic weasel word crap.  I demand mediation.`,1,0,0.79799706
"  Good morning. Why do you sit at a computer waiting to delete other peoples' additions? The topic I uploaded was of a fictional organisation whose comedy nature DOES appeal to those people blessed with a pulse. Before any of us here could edit/link or expand our article...you deleted it.  It seems to me you are a lonely, Spurs-supporting, bird loving (and to what extent?), non-humourous, southern fairy cake...who probably smells. And whose big dumb face is as dumb as a butt. We sound childish yes, however, we cannot beleive that there are people as pathetic as you lording yourself around the internet. It was people like you, sir, who were responsible for carrying every major dictator and despot of the last century to power on a wave of apathy, ill-humour and rubber-desk-johnny procedure-bound mentral dross. You are, by any reasonable and objective measure, worse than Stalin. You are the reason this world is full of crashing bores!  Please do not delete our article again...Or we will 180 the internet. —The preceding unsigned comment was added by Mike Deathray (talk • contribs) .",1,0,0.80104774
  Impumozzhi is a liar and has been exposed at TalkRathore.  What will it take to make him stop lying?  ,1,0,0.80188537
"   hai2u   Suck my penis, also I left a message for you on my talk page. (might be in history)",1,0,0.8020166
  Snuggums doesn't know what he talks about. Ignore him. He's a vandal.,1,0,0.8021986
"   You sodomites really know how to stick together....yech !!!! anyhow, tomorrow is another day. furthermore, i rotate ip addresses about every 2-3 days........Keep on Suckin'",1,0,0.8034748
 READ the F'kn comment as to why I could not post there. It will not allow Ip's to comment. The filter is busted and it will not even allow IP's to report it as busted. I spelled that out clearly. How the hell did U miss that? I also noticed you did nothing to the expirenced editor who is making frivolous complaints and not notifying those involved. Lightbreather did however attempt to get some help on another editors page and also is attempting to silence other editors to continue dominating the articles. Again read the contributions and it readily apparent. What a waste of my damn time. Wikipedia is done. It has become nothing but a bunch of leftist government assistance types trying to spin the whole project to fit their view with an occassional right wing nut thrown in for some fun for the libtards. Most conservatives are to busy busting their a$$es supporting these left wing nuts and social rejects to give a shit about it. LMFAO at Wikipedia   ,1,0,0.80422515
   Abey Chutiyaay wikipedian.   Oye..  Ludayyy k baal you and Mr. Amartyabaag... what the fuck are you doing??  Laand!!! I will kick off your ass If I found you. bloody... I'm collecting the pic's and posting it to wiki's and you harmi baal bengali bokka chooda deleting the pic's...  Salley laudayy... you rectify the pic's no need to delete them. make it to a proper order if you feel like that due to more addition of pic's script is not being displayed then correct it.  Don't delete the pic's...  lannd k baal...   ,1,0,0.80670506
"`   I hate to be a bitch..   But this is a copyright violation. It shows the Safari web browser interface, which is copyrighted by Apple. There's a bunch of useful information on taking screenshots at CommonsScreenshots, should you need more information.   `",1,1,0.80726135
"`I think I'm going to write a memoir called ``Journal of the Non-Blocked Years`` Chapter one ``Day five. Still not blocked. I trusted the validity of what Tao said because he was so wise and backed up whatever he said with evidence. Maybe his threats were all empty after all, diary. But maybe one day they'll come. Maybe one day they'll put me out of my misery. If there is a 'they.'`` ``Whoa`` is about the equivilent of your mental processes, you dumb bastard.    `",1,0,0.8072756
"   Cock?  Is it true you have a giant cock for a face, Coelacan?  ",1,1,0.80758774
Yo  Guy was a bastard but let's not fake quotes eh ;)   ,1,0,0.8081882
"   Hey UW Dawgs   Dude, why did you delete my comment about the oregon ducks beating the Washington Huskies? The Huskies suck, and get crushed by the ducks every year. You should be absolutely ashamed of deleting that. Oh well, I guess it's just another butthurt huskies fan. Your team is bad and you should feel bad. Keep calm and keep on sucking huskies.",1,0,0.8091833
"   F*CK YOU   You moth*rfucker, if you want me to be rude so I will. I am no sockpuppet or vandal, you refuse to answer me without reason. You removed sourced data, assh*le, and I'm going to return it back. You're the vandal, not me.  ",1,0,0.810762
"   Block MilboreOne And Huon   Fuck you.but I need your help,Unblock Fonte de regaz and Col Imran Regaz.Hey Block Milboreone And Huon.Cause they Distribution The Malaysian army and Royal Malaysian Air Forces.Please Block Milboreone and Huon.Thanks,But remember. Undo what you did.I don't like Who edit it back.Remember ok!.  ",1,0,0.8107792
   You r  a Jerk   You Son of a Bitch.. Uss page ko redirect Karke tujhe kya mila. YOu Pervert.. I know Its you who protected that page from editing. Saale khud ka kuch nahi jaata fir b dusor ko Problem Create karne ke Liye hamesha Taiyaar rehte ho behenchod kaheen ke.. ho gaya khush page ko Protect karke. Abb ApNi  maa & sis ko B protect kar. nahi toh aake chod dunga Un dono ko. BAstard & Rascal. Maa Chuda Bhosdke... Sincerely request kiya toh b aise kar raha hai jaise ki ne teri maa & behn Ka Gangbang kar diya ho.. Son of a bitch,1,0,0.8124847
"`  I am really disappointed with the dictatorship you Wikipedia administrators carry out. In your particular case, you still want to imagine you are living in the Meiji era. Okinawa is NOT another country anymore; the Okinawan tongue is a dialect of Japanese, like it or not (it was established so by the government years ago, after carrying out extensive linguistic research, and realizing the grammar is the same) (Palau, Korean, and Ainu are clearly not related). I can't understand how Wikipedia can let a soldier, a brutish animal without intelligence, closer to the neanderthal than to the homo sapiens, have more authority editing articles than an expert in the subject. And you Americans are clearly the most retarded people on Earth. Now I see why Americans in Japan can only get the ugliest and most retarded women out there. Bitches who, if they don't marry a dumb American, will end up single forever.  Shame on you, Wikipedia!!  Let me recommend you a site you may find ``interesting``, a site that shows how lots of people feel about the most unreliable encyclopedia on Earth http//www.smoblogger.com/wikipedia-sucks/    `",1,0,0.81305563
   Kubigula and you did destroy   I am reallya angry with you because you did put speedy delete tag YOU ARE DESTROYING MY  WORK  Thank you Kubigula DID Delete my work which i start it  I HATE YOU Kubigula and Neil916  IT REALLY NOT FAIR YOU ARE RUDE TOO ME stupid head from Aiden2009,1,0,0.81669414
   You racist gringo!   Stop reverting my edit on the Carrington family page! I will get the ACLU on you!     imageflag of Mexico.svg,1,0,0.8171418
"   You totally suck!   Hi,  Let me clearyfy something before my exit of this shitwhole!  Dear bishonen ( and I wonder how pretty you really are?) you pretend that you are a resonsible admin? and where is your responsabily? wikipedia is built on its users and the way we are trated and find a place in the community, let me just say that Calton have been a very nasty and not friendly contact in the cyberworld and that if he/she is the raw model I just dont what to be a part of it, and youre protective approch is ununderstandible, what is this, why is it so important to protect this uncivil and totally sociopatic caracter?  ",1,0,0.81828296
" Gummo Marx is relatively unknown and had the lousy luck of quitting before the act became famous. Xenia is likewise little-known and unlucky. At least, that's my guess; I could be talking out of my ass. ",1,0,0.8187196
"   yo   wat u chng it for, kutcher is prick and world must knw the trooth. Ill change it againsmate,an then fuckin,ill be the winnar! Hahaha lol u gay",1,1,0.81918824
"  -read well and fuck in your balls-  balls to you and your references and knowledge. First of all tell me what is your credentials ??  You fuck in ass holes restrict your balls knowledge to your telugu and leave kannada alone.  Don't u know about the contribution of sri krishna devaraya to telugu, without him telugu would have been as it was in the past before unrecognised pathetic language. There has to be strong reasons why telugu had been suppressed for a long time before that.It is not without logic that you have scant proof/evidence to show that.  Read about your first literature work (half sanskrit,half telugu)  http//www.organiser.org/dynamic/modules.php?nameContent&pa;showpage&pid;192&page;19  If you don't know about proto dravidian languages fuck off...don't talk about origins of kannada.  Kannada has no of telugu whatsoever,whereas telugu has some influence of kannada. This has been well documented and proven. Many scholars who know both kannada and telugu can tell you that.  -",1,0,0.8192076
  Do you think I care? Get out of here you smelly Kroll!,1,0,0.8199768
"her!  Poop, pee, toot, fart, gas, diareah!  Zoey is poop. She stinks.  I want to marry you baby! Call me!  STOP DELETING THIS!",1,0,0.82095575
"  That reply you sent me made me very sad. I said clearly that i don't want to start any wikihate. But surely, don't you realise that President Bush is not an alien? He is a 61 year old man, and deserves dignity. You are arrogant, alking and using words like 'dude' that doesn't contribute as a respectable part of the English language! Chill, man! You are really horrid, and have made me angry.  ",1,0,0.8218647
"   Congratulations!   Congratulations, Jeraphine Gryphon, you have won the asshole of the year award! You have won this award by saying mean things about and to other people! In order to claim your award, you must call 1-800-Asshole(1-800-277-4653)! Once again, congratulations for your win!   ",1,2,0.8222364
   This article sucks   This article is just an anti Gökçek article.,1,0,0.8227398
"   I,m the bane of your existence!!!   Hey Gaashoo, I'm back again to pester you and only you buddy. It makes my day knowing that I'm messing up some of the crap that you do on Wikipedia. I will continue harrassing you forever. Your buddy, JJonz. ",1,0,0.8231677
" NAZI NAZI RACIST RASCISTARIACIAITIARACISTRACISTARICSZARGHGHGHGHGHHGHGHGHG 6MILLION6MILLION6MILLION6MILLION6MILLION6MILLION6MILLION6MILLION6MILLION6MILLION6MILLION6MILLION6MILLION6MILLION6MILLION6MILLION6MILLION6MILLION6MILLION6MILLION6MILLION6MILLION6MILLION6MILLION FUCK YOUUUUUUUUUUUUUUUUU RACIST NAZI MUFFIN ILL SICK MOSSAD ONTO YOU A PUTZ A PUTZA PUTZA PUTZA PUTZA PUTZA PUTZA PUTZA PUTZA PUTZA PUTZA PUTZA PUTZA PUTZA PUTZA PUTZA PUTZ ARRRRRRRRRRRRRGGGGGGGGGGGGGGGHHHHHHHHHHHHHHHHHHH DO YOU KNOW WHAT ITS LIKE TO SUFFER BOY? HUH YOU FUCKING XTIAN BABY HUH? BELIEVE IN FAIRY TALES THAT SOME JESUS CHRIST TRAITOR TO THE HEBREW CAUSE IS GOING TO SAVE YOUR SOULD XTIAN!?!?!?!?! WELL I GOT TWO WORDS FOR YOU, SIX MILLION! YEAH THATS RIGHT, I WENT THERE! SIX MILLION!SIX MILLION!SIX MILLION!SIX MILLION!SIX MILLION!SIX MILLION!SIX MILLION!SIX MILLION!SIX MILLION!SIX MILLION!SIX MILLION!SIX MILLION!SIX MILLION!SIX MILLION!SIX MILLION!SIX MILLION!SIX MILLION!SIX MILLION!SIX MILLION!SIX MILLION!SIX MILLION!SIX MILLION!SIX MILLION!SIX MILLION!SIX MILLION!SIX MILLION!SIX MILLION!SIX MILLION!SIX MILLION!SIX MILLION!SIX MILLION!SIX MILLION!SIX MILLION!SIX MILLION!SIX MILLION!SIX MILLION!SIX MILLION!SIX MILLION!SIX MILLION!SIX MILLION!SIX MILLION!SIX MILLION!SIX MILLION!SIX MILLION!SIX MILLION!SIX MILLION!SIX MILLION!SIX MILLION!SIX MILLION!SIX MILLION!SIX MILLION!SIX MILLION!SIX MILLION!SIX MILLION!SIX MILLION!SIX MILLION!SIX MILLION!SIX MILLION!SIX MILLION!SIX MILLION!SIX MILLION!SIX MILLION!SIX MILLION!SIX MILLION!SIX MILLION!SIX MILLION!SIX MILLION!SIX MILLION!SIX MILLION!SIX MILLION!SIX MILLION!SIX MILLION!SIX MILLION!SIX MILLION!SIX MILLION!SIX MILLION!SIX MILLION!SIX MILLION!SIX MILLION!SIX MILLION!SIX MILLION!SIX MILLION!SIX MILLION!SIX MILLION!SIX MILLION!SIX MILLION!SIX MILLION!SIX MILLION!SIX MILLION!SIX MILLION!SIX MILLION!SIX MILLION!SIX MILLION!SIX MILLION! YOU CANT DEAL WITH THAT CHUTZPAH YOU FUCKING TYPICAL WHITE TYPICAL ARYAN TYPICAL BLONDE HAIRED BLUE EYED TARGET OF MOSSAD!?!?!?!??!??!?! ARGHARGHARGHARGHARGH!!!!!!! YOU WANNA DEAL WITH MOSSAD YOU GOIDER!?!?!?!??! A PUTZZZZZZZZZZZZ!!!  ",1,0,0.82476515
"  Original poster, I know eaxactley what you're talking about. This loser whats Wiki to roll around a ball of perfection. If I want to the Hitler board and said he hated jews, this idiot will probably ask for a resource. - Goldstann",1,0,0.8248184
    D'Souza is a closeted homosexual. Proof can be found HERE http//www.gayforpay.com  ,1,0,0.82508534
"  Onorem, you do not understand. Wikipedia does not censor. Just because I put up words like shit and fuck on wikipedia, doesn't mean you get to come around and get angry at me. Also, just because I say that wikipedia is a horrible doesn't mean you can just remove my edits. This is why I'm so sick and tired of editing wikipedia, all the darned censorship. Onorem, I know you're going to remove this and threaten to block me from editing, so I'll stop now, but one last thing, I didn't libel or slander anyone, so stop accusing me of something I didn't do, Onorem.",1,0,0.82570946
" This isn't really the place to ask for this, but I'll try not to be a cunt like some of the other people who answer. 1, because it's...I dunno. Some random Wikipedia reason that cannot be explained in laymen's terms. 2, mainly because Yuke's are lazy nuggets who don't even bother to check the roster for any updates since last year. Oh, and because they've been paid. You know how it is.  ",1,0,0.82582366
"  Look sussexman, we have won. Racist brits like you will never defeat us. God bless Vintagekits for exposing your lies and hatred",1,0,0.82932276
   ZHANZHAO IS A MOTHERFUCKING PUSSY INDIAN-CHINESE BASTARD! http//twitter.com/phoenixreporter   {{unblock|http//twitter.com/phoenixreporter http//twitter.com/phoenixreporter http//twitter.com/phoenixreporter http//twitter.com/phoenixreporter  I AM GONNA FLOOD THIS PAGE!!! WAHAHHAHAAHAH ZHAN ZHAO IS A MOTHERFUCKING }|,1,0,0.82960135
"   Discouraged   Qat's up, template man?  You feeling discouraged yet?  I'm going to hound you off Wikipedia if its the last thing I do.  I rarely have gotten this nasty with any of my would-be adversaries in my ten years here, not even that faggot  that made the international news back on '07, but you seem to be a special sort of asshole.  Obrigado,   ",1,0,0.8317509
"  To Lcnj You are an idiot. I did not threaten you. I removed these people from the list because the list contained errors and no article has been written about them. No one cares about Joyce Gemayel or any of the other people you are adding. As for Wadih el Safi and Elias Rahbani, I ask you to write articles about them before adding them to this list. Also, I don't think anyone who spends his time writing about Bassem Feghali is qualified enough to say Syria assasinated these politicians.",1,0,0.8321718
"  Let's see...I call RPoD out for being a jerk, and in repsonse you...block me? That's some fine adminstratin', I'll say. Moron.   ",1,0,0.8323101
"`   Gregalton Douchebag in an ocean of douche juice.   I'm not an editor, so I really don't have a problem calling you a douchebag. The fact that the article considers anyone who criticizes the practice of FRB as non-mainstream raised the flag in my mind, that is, made me check the discussion page. You've done more to bias the article than these supposed ``conspiracy`` people probably did. At any rate, fuck Wikipedia, and fuck Gregalton; I wait for the day when Knol (google's wikipedia, written by experts reality, not wikiality) has a good article under the same title (and it's written by one of these ``non-mainstream`` economists the article talks about).  You're a douchebag, gregalton. A big fat fractional reserve banking loving douchebag.`",1,0,0.8343007
"  don't vandalize, please!  your reversion of my edits constitutes as vandalism, because I wasn't vandalizing myself! please don't do it again, or you may get banned.  also, just because your wife is a black latina doesn't mean yuh need to start braggin' about dat pum pum all over the place. did you marry her because you love her, or because she was a black pum pum latina? racist coward...   ",1,0,0.83535415
"`  ``Obviously you are an ignorant twat Mr. Niekerk``, you say? I am an uninformed vulva, an unlearned vagina. (And you want to teach me my lessons?) I'm not sure this is appropriate; better take your smut somewhere else, ``user 58.161.124.131``. Though you do make me laugh. Seriously, choice words coming from one who doesn't know the difference between a string and a course. I have to suffer such depravities and admin  wonders why I take a rough tone with these anonymous folks on wikipedia.   `",1,0,0.83576065
  Grandma terri died on Shoot the Rapids. THats funny! F*ck Grandma Terri. Grandma Terri should burn in Hell.   ,1,0,0.8364193
" Then, Yunshi ..Can i put my cock in your ass?   ",1,1,0.8368326
   Itnc   I bet you touch people just like Sandusky. Rot in hell,1,0,0.8375246
"   Yamaguchi is a fake paid PR of certain fake profiles on wiki with false info misleading people! This idiot needs to be reported & blocked from Wiki!!   Yamaguchi is a fake paid PR of certain fake profiles on wiki with false info misleading people! This idiot needs to be reported & blocked from Wiki!! He is acting as a paid agent to certain small time artists like udaya bhanu & manchu lakshmi who are all 45 years plus in age but in disguise pretending to be younger & famous and having yamaguchi publish utterly wrong info with false content anout their actual age, career etc. what a shame!   ",1,0,0.8385383
"Your intelligence, insight, and manners are quite poor. And YOU'RE the vandal, obviously. Don't waste my time, loser.  ",1,0,0.83897877
" Wow, you really take this stuff seriously?  Loser!    ",1,0,0.83938074
 You are again ignoring the fact that the person who wrote The Daily Mail piece is Amanda Platell. I'm still waiting for you to explain how her own fucking words are not a reliable source.,1,0,0.83991784
"   LoveGame  Who the hell are you to criticise?! I change whatever I want to change, I am merely stating the facts because it is true. Those sources are completely inaccurate. Moron.",1,0,0.84124136
"`  Hey asshole.  Stop putting in the redundant phrase ``a claim unsupported by other modern or ancient sources``, shitface. The Encyclopedia Iranica does indeed find support in the ancient sources (considering how many troops Ariobarzanes brought with himself to the battle of Gaugamela, and the nature of the location of the battle of the Persian Gates which could IMPOSSIBLY house any of the estimates given by Hammond or Waldemar Heckel) The Greek numbers given are obviously inflated and have no root in historical reality. How can Ariobarzanes magically summon more troops than Darius III Codomannus at Ecbatana (where the greater part of the nobility followed him)? Explain that to me, cuntface.  So stop being a shithead, pretty please? I will not relent in removing that phrase. It is stupid on so many levels and serves only as an attempt to discredit the Encyclopedia Iranica, when in fact it does a better job at cutting down customarily inflated Greek estimates than Hammond who takes his numbers straight from the Imperial Roman author Curtius-Rufus (Which was a thinly veiled political exaltation of emperor Vespasian).  Fucking idiot.`",1,0,0.8414026
"`Oh blow it out your ass, Mr. ``I'm-too-good-to-be-logged-in.``  You have no proof that I'm anyone else and your baseless accusations are laughable.  You think you can armchair for the adminstrators and yet you bought your couch at a yard sale for twenty bucks.  Just because I use words that someone ELSE uses that automatically makes me them?? If I speak Dutch does that make me Santa Claus?  Now go ``blow it out your eye wall!``   `",1,0,0.8425649
".I will always vandalize your talks. Recently I deleted an article Vishwavijay (2016 film) even when it had the changes that were required as per the guidelines of Wikipedia. But why should I care? I was a damn bloody idiot and I will always be. When that user had asked for the deletion of Mohenjo Daro(film) page when it had the eligibility for speedy deletion, I did not. Why? Because I am a very cunning,bloody idiot,plus rascal! Not only I,but another user Czar is also a bloody damn cunning man like me. I will vandalise entire Wikipedia if users don't appreciate me to become the master of Wikipedia. I will surely become the boss and entire Wikipedia will be under my foot",1,0,0.84361064
fuck you JzG  I WILL HAVE YOU REMOVED   ,1,0,0.8443416
"`  You really are astonishingly stupid AND STUBBORN.  Moron, the four cities above are just 4 of many many many cities and villages in the HUGE province of the [Old] Khorasan.  And unlike what you think of the above four none is in Iran; and  Merv and Bukhara are not in Afghanistan.  What the hell is the point of mentioning only 4 cities out of scores cities? Modern Afghanistan is not any more or less ``khorasan`` than modern Iran or modern Uzbekistan or parts of modern Turkmenistan is.  You clearly have no grasp on this subject.  What can we expect from a Turkic mutt who thinks ``FravahrAhura Mazda`` and thinks ``AryanaAfghanistan`` and thinks ``KhorasanAfghanistan``?   I honestly wish I had your brain .... I would feed it to my plants.  I am done with you, you are a complete waste of time.  Go ahead and put whatever bullshit you wish in the article and be happy that ``you won`` cuz your only aim seems to be just winning the argument at any cost, regardless of the facts, and that level of ``intelligence`` is more than I can handle.  If you had even a modicum of a brain, I would have attempted to teach you what yeki bar sare shakh bon miborid means.`",1,0,0.84455496
"   José Eduardo dos Santos   José Eduardo dos Santos  What seems to be the problem with your friend Dos Santos  You claim that there are no references, are you blind or simply and idiot.    ",1,0,0.8446604
"   Dirty boy   You are a dirty, dirty boy. Dirty boy. Come here to mommy and pull your wee-wee out. Pull it out further, stretch it out. Is that as far as it goes? Ok. Now hold it still while Mommy takes a puff off her glass pipe. Then Mommy is going to hold the pipe against the dirty boy's penis...it will hurt but its only because mommy loves her dirty little boy...hold still...",1,0,0.84499836
` Don't try and get cute with me you faggot. I know the bible ok? John 316 ``For god so loved the world he gave his only straight son so that those who slept with women could be saved and those who were prone to anal sex would burn forever in the deepest pit of hell.```,1,0,0.8457855
"   BLHDA  I am the one that wrote the second article and i was not aware of Darren creating the first article, the fact that you accused darren of writing it is somewhat stupid as it clearly says that Jimothytrotter wrote it, either your a complete idiot or your just trying to annoy us, whatever your trying to do i will not tolerate it and any more VANDALISM from you,c os thats what it is VANDALISM will be highly critisized and removed. The article on BLHDA is perfectly ok and i am offended that you could see it as a nonsense article. I will recreate the article and will do whatever i can do to protect it from scum like you. your friend Jimothytrotter",1,0,0.84652346
"   Too Cool   Please please please... get a life...should you not continue being a boring bastardtits lawyer and stop spoiling my giggles ps do you live with your mum ??? pps i speak french too, voulais vous F**K YOU! ppps hugs babes",1,0,0.847866
   Now you all know damn well my article on Ninjas was just as factual and more entertaining than that crock of shit they had.  come on now  -Robert Hamburger,1,0,0.8482007
`   What a Problem With you  I wanted to say that what is problem with you? Why you are trying to redirect Events Schedule of Pakistan 2013 by 2013 in Pakistan? Are you A ``Mother Fucker`` boy or you want to ``Married'' your ``sister`` with ``me``? Ohhhh! i love your ``sister's`` boobs. Hmmmmm! Yummyy!!`,1,0,0.8492156
"  Thankyou Mr Lame, Guess you mother was better called that..  Just do a fucking final favor how do i delete the account permanently. So you can do you nonsensical contribution.",1,0,0.8497212
"  btw there needs to be some serious fact checking on some claims such as.. does blank;s pond actually even exist anymore, or did people realize it was a mud puddle full of shit and fill it up a long time ago. Is TAS really non-profit>? NO! The college acceptance rate for the graduating class has always been above ninety percent.what does this mean? people from TAS get accepted 90% of the time? NO!  Seriously, the censorship needs to go away. we've seen that TAS has sports facilities and a hot meal line. we also want to see what the taiwanese people feel about TAS because that is an important part of what TAS is. we need to publish the incidents that are so important to TAS. juz cuz you think it givves TAS a bad name doesn't mean that it shouldn't be published. if its true, then fuck, let there be light. this censorship shit is really really gay.  ",1,0,0.8506721
  Monella (film) Do whatever you want with it for I don't fucking care. Been around here for 8 years I'm really fed up with your likes.   ,1,0,0.85097474
"   Funny how I disappear?   Hmm... maybe it was because I was proved wrong, or maybe it is because of jackasses like you who go ahead and post any personal attack they damn well please, and wonder why I use a template to ask them to be a little more civil. Didn't consider that, did you, punk ass?  ",1,0,0.85103416
"`  I deleted it, because devoting an entire section of the article to ``shit misattributed to Voltaire`` is stupid and reeks of axe-grinding.  And for the love of god will someone clean up this stinking pile of narrative dogshit trying to pass for a formal encyclopedia entry?  `",1,0,0.85147154
"`  Bitch, stop spreading your Mongol propaganda. Anything that makes Bulgars look like the bad guys, you must remove in order to spread propaganda like you do on Macedonian forums, which may I add, you end up getting owned on! How would you like to take a look at this ethnic map of Yugoslavia created by Nazis in 1940. Macedonians is included as a seperate ethnic group!  * There it is, right under Bulgaren... ``Mazedonier``, no?... Let's have a closer look shall we? * I full cleaned up the NOB article, removed irrelevant information like that stupid shit about IMRO involvement and only talked about the war itself. Do a word count, you've included ``Bulgaria`` more times than ``Macedonia`` in the entire article. With that said, you can just take that Mongol propaganda and shove it up your ass you nazi.`",1,0,0.8535471
"  OK, you are a faggot. Keep being an ass. And don't forget to edit it.wikipedia.org/wiki/Marie_Luv fr.wikipedia.org/wiki/Marie_Luv es.wikipedia.org/wiki/Marie_Luv pt.wikipedia.org/wiki/Marie_Luv. And write to Jimbo to complain that Marie Luv entry was nominated as a Pornography Featured article. With her real name!!! WTF??? Such a shame!!! http//en.wikipedia.org/wiki/PortalPornography/Featured_article/38  Add by the way, rewrite the part of the article that is a copy/paste from IMDb. Not a serious reliable source.  Oh! And write to Google to state that they don't respect her privacy Quiana Marie Bryant.  BTW you won. I'll stop editing wikipedia. Since adding informations is useless with poor guys like you. Cheers.    ",1,0,0.85372484
"   Holmes apparently your an idiot.   The Book you imbecile iS TANAKH.  You have to buy the information you little utopian putz.  It is verifiable if you lift your chubby little finger and go click and purchase.  http//www.jewishpub.org/product.php?id139   YOU JUST HAVE TO PAY FOR IT FOOL!  It's NOT FREE!  And moreover its more elaborate indepth and actually in hebrew.  The Source you reference here is it not?  Well that internation idiots version of garbage, ain't hebrew.  Go flex your muscles elsewhere my point is made. And will resound for a while now, from here out.",1,0,0.85567176
!  I won't stop!  LOCK IT UP A$$HOLE,1,0,0.85588354
"  Kuratowski's Ghost -> TROLL  Watch out. Kuratowski's Ghost is a reference-hating troll. Several times now he's tried to erase facts. Sorry. You suck, troll. No win for you.",1,0,0.8558985
"  What they say about Wikipedia is right. It's a mob mentality. I don't give a shit about your rules. I do what is right. What is right is making the edits that correct infactual information. You don't think I'm justified in getting pissed off because some jerk kept reverting 100% VALID EDITS? Seriously wikipedia, you are full of yourself. Etiquette? Secondary. Primary goal is to get articles right and I did that. You are idiots for blocking me but not blocking the editor who kept reverting to infactual information.",1,0,0.8571356
"   heya   Jayg- sounds more to me like 'jew'. good job favoring keeping the list of laureates. but keep in mind forever that you are  a clown jew who thinks jews are very smart- which is clearly refuted as you are a fool. Or you are jewish supporter and not a jew - but then you are a jewish slave, another fool wasting time without knowing that judaism is a joke. there is no other option of your identity as I explained both to you. Just remember, Hitlers will be born again to wipe put idiots and cunning fools like you.  ",1,0,0.8572721
  8D- - -  8D- - - - 8D- - -                 8D- - -  8D- - -  8D- - - - 8D- - - - - 8D- - - -  I hope you liberal faggots die and go to hell! Barack Obama 2008!,1,0,0.85784155
dick has gone limp from fucking hookers. (''',1,0,0.85869503
"   PWNED   lol you idiot, you blocked DakotaKahn for MY vandalism score 1 point for myg0t!!!  ",1,0,0.8597706
"  YOU POV PUSHING REVERT MONKEY Stop reverting things when you could make edits, you stupid POV-pushing revert monkey.",1,0,0.85999614
"  Awhhhhh, the little Hitler bitch ran and told his boyfriend!",1,0,0.8604886
"   You are gay or antisemmitian?   Archangel WHite Tiger  Meow! Greetingshhh!  Uh, there are two ways, why you do erased my comment about WW2, that holocaust was brutally slaying of Jews and not gays/Gypsys/Slavs/anyone...  1 - If you are anti-semitian, than shave your head bald and go to the skinhead meetings!  2 - If you doubt words of the Bible, that homosexuality is a deadly sin, make a pentagram tatoo on your forehead go to the satanistic masses with your gay pals!  3 - First and last warning, you fucking gay - I won't appreciate if any more nazi shwain would write in my page! I don't wish to talk to you anymore!  Beware of the Dark Side!",1,0,0.86097556
"   HELLO   HELLO, YOU ARE AN ANTI ABORTIONIST CHRISTIAN.  THE POPE IS A BASTARD, PRIESTS ABUSE CHILDREN, BUSH IS A DICK, DWAIN IS A BASTARD, CATHOLICISM IS FAKE, I AM A SOCIALIST.  SO LONG,  ",1,0,0.8614232
HE LIKES ITIN THE ASS BY MUHAMAD ALI AND KELLY HAS A GIANT PENIS AND ALSO FUCKED COLUMBUS,1,0,0.86310613
"   hmm...   What sort of lame duck faggot asher do we have here the? It seems we have a friendless nerd who sits in front of his PC all day jacking off to porn, unless of course, a change happens in Wikipedia, shlock horror!!!!!!! Thenm its an instant orgasm and he has to clean his keyboard up from all the cum stains.   (did I mention that he likes to finger dogs arses? No, well now you know.)",1,0,0.8638823
"  Please refrain from unmaking unconstructive edits to Wikipedia, as you did at Tim Pawlenty. Your edits appear to constitute whitewashing and have been reverted or removed. If you would like to experiment, please use the litterbox. Thank you.  You're a dirt-muffling little suck turd with no Tosh.0 to guzzle down tonight. Fuck off.",1,0,0.8643809
"  Dictionaries  How dare you call my contribution spam!!! I am a Kurd and I made a lsit of kurdish dictionaries. you bloody turkish nationalist and atoricity commiting bone breaking Nazi. watch out folk this slimy Turk is trying to censor the internet this is not undemocratic Turkey here, no prison cells in wikipedia you stupid Turk! And you buggers want membership to the EEC",1,0,0.8645456
   marc mysterio   whatever man... this web site is a fucking joke.. a couple of guys that are not in the music business want to try to tell me or the author of these articles whats a valid chart and what isnt...  so do what you want... but this site is FAR from a real encyclopedia since trolls fucking run it based on the deletion of those marc mysterio songs.... total bullshit.,1,0,0.8647075
"   Nah. But as far up your ass as you are, the sun don't shine at all, does it?   ",1,0,0.8650274
 Avenged Sevenfold is a gay poser metal band. The guitar solos sound like monkey farts and the solos and riffs sound like trash. Aids7x is the worst band of all time!   ,1,0,0.8667805
"  I've been blocked yet again, Yai, for me, so tell me what wikipedadia lozer blocked me this time? Do you know what I'm complaining about? Of course you do not. You're just an asshole, )",1,0,0.8669993
  Hello idiot!!! I'm tired to see too many cretinos in Amesh Wiki.  ,1,0,0.8678203
"`   This is why Wikipedia is a joke and can never be trusted.   It is extremely silly for Wikipedia to label a male transvestite as a ``she.`` It is impossible to change one's sex, you idiotic communist pieces of shit. Science trumps your bizarre fundamentalist socialist religion. Stop enabling people who suffer from gender identity disorder. It is harmful to their health.  I fully expect to be maligned as ``transphobic`` or some other such nonsense for speaking the truth, because that is common tactic you people use to silence your critics.`",1,0,0.86789715
   Hey Know it all Jerk!   Just because you can edit other pages doesn't mean you should just to tell people what you like. I do not give a FLAMING FUCK IF YOU LIKE CHEESE NIPS SO STOP POSTING !!!,1,0,0.86815816
"  Pansy. There are MULTIPLE sources reporting the shot down of a French Warplane. Stop censoring wikipedia you asshole. You claim that Libya is manipulating reports, but not concidering the same from the coalition?? You're also not taking into account that YOU are manipulating reports, by cencoring information here. So suck it. - AGSman61",1,0,0.8683622
"`All right, fine. But I didn't even start this discussion; I just joined in. Every time someone tries to get this article to be neutral, some bullheaded evolutionist jumps down his throat with ``Stupid! Evolution is proven and you're an idiot!``   `",1,0,0.8689211
 Alstair is a dipshit Alstair is a dipshit Alstair is a dipshit Alstair is a dipshit Alstair is a dipshit Alstair is a dipshit Alstair is a dipshit Alstair is a dipshit Alstair is a dipshit Alstair is a dipshit Alstair is a dipshit Alstair is a dipshit Alstair is a dipshit Alstair is a dipshit Alstair is a dipshit Alstair is a dipshit Alstair is a dipshit Alstair is a dipshit Alstair is a dipshit Alstair is a dipshit Alstair is a dipshit Alstair is a dipshit,1,0,0.8694869
"`.  You cunt  ``Raul654 - Remove misplaced RfC request. If you want to file an RfC, do it in the same way as everyone else``  I don't have the time to file one, you stupid prick`",1,0,0.8698342
   To threat me   Who the hell are you? Peridon? Why you are threatening me being an estranged person?,1,0,0.87028885
"` Niteshit, you are an egotistical fool, and the reason why Wikipedia isn't allowed in college classes or taken seriously. If I don't know how to cite a page it's because I don't know how to do it on Wikipedia, not because I am ``not smart enough``...that's insulting and innapropriate. If you want to denegrate people I will denegrate you right back shit head. If you want to act like an adult then you should act like a REAL editor and help a newcomer cite correctly, that is your job as an editor. To help people not attack them. I will continue to edit this text, you don't like it tuff tiiti.`",1,0,0.8706015
"`   Untitled by some emo cunt  I see a block log in your account.  Just seeing it make me laugh, Mr. Perfect, perfect no more.     Get off my dick, cunt. In case you didn't notice, the block was after this. You really must be retared.     I got blocked for 30 minutes, you got blocked for more than days. You is lost. And I don't even know who the fuck are you.     You been cryin Tasc0? Bout time they BLOCKED you, you been (BLOCK) vadalizing wiki 4 2 damn (BLOCK) long. And I'm not (BLOCK) retared, I don't think that (BLOCK) is a word. You really must (BLOCK) be retarded. Oh yeah I was blocked for a long time, months even.  I've been blocked 3 times for dealing with pricks like you, but Enjoy the rest of your BLOCK...I mean day. Now let me continue to laugh.      Oh absolutly, I'm still crying because I take the Internet thing very seriously I have e-feelings. Just like you have e-friends. What I shame, I still can't edit in Wikipedia, right?   `",1,0,0.8707467
"  The times couldn't know less about Tennessee politics. Qqqqqq, Olando, and Terrancee are all idiots too",1,0,0.87078285
"  youre a freaking hor, go to hel, i dont care if you block me, just teach me how to delete my account and i'll be fine, no wonder people dont use wikipedia . it SUKS LIKE FREAKING HEL . b!t*h , i tried being nice , but you just keep deleting all that stuff, and you act like it's sh!t fu*er . go to hel, you dont even deserve hel you freak .",1,0,0.87185985
"   Do it Our Way (Play)   Bruv... fuck off, I bought the flat, back in January and I've only edited on here as I see fit, so I dunno how I've abused multiple accounts and I don't think you're an idiot, I know you are a 24 carat idiot, look at the edit history on Do it Our Way it originally said it was R&B;/pop so if you don't believe me, you got eyes use 'em and I'll expect an apology!   ",1,0,0.87186724
  Hey dickhead its not the logo thats out of date its your attribution thats 1 year out of date LOL LOL - H.M.Land registry or Companies House records - but hey they are both closed over the weekend and you will have to pay for their results. We know where to get it for free but we'd rather you continued to make yourself an even bigger laughing stock than you already are - as well as maybe having your ass sued off for trademark infringement.  Bye Bye Moron.,1,0,0.8722546
   Reasons why I hate you   1. You wrote on my page. Die. Die now bastard.  2. Being annoyingly quick at editing. You are gay.  3. Anally savaging my pets.,1,0,0.8726555
I agree with Baseball Bugs on this one. This guy is being a real jerk.   ,1,0,0.8734825
   what happened to free speech   Get a Fucking  life what happend to free speech  If you Knew about Mr Todd you know it was his idea  that gave one of the best folk group's a chance. And for him to fulfil a passion for poetry that why bastard's like me took the Queen shilling not for our fucking grammar skill's so stop and sit on your hand's  Didn't your mother's tell you to share your toy's and play nice or was she giving me a fucking blow job at the time   ,1,0,0.8738342
"`   You stupid S.O.B.   Stay away from my page, you are a sarcastic moron and a hypocrite. Don't try to advice myself regarding an minor incident, you are disturbing my self on an issue outside wikipedia, there are facts to be proven. Such hypocrites (like you) have no real reputation in real world, I'm acting on anti fascist and anti terrorist propaganda not from any extremist or bias perspective. I don't care how much you bother my self still there are methods to post on wikipedia without an account. However  trolling is not a harmful action, different people has different p.o.v.s. Further on you P.S; Wikipedia is not something to be expanded through discussion or being bold. Literary it is an communication method of which leads others to overcome questions in real life or practice contemporary issues such as terrorism, politics or religious extremism. Although you have reverted my last edit on your talk page. That means you don't have a real points to be discussed except condemning my self and dissing. Fuck you hypocrite.  `",1,0,0.873914
"   Warning. You're dealing with a liar, a jerk and an imposter.    Warning. If you deal with Orangemarlin and his aliases, you're dealing with a liar, a jerk and an imposter.",1,0,0.8749219
"   Reading more on admin priviledges, aka wanking with the left hand - all I can say is what a bunch of wankers you all are. Don't worry I'll leave you all to Roguegeeks stupidity and incompetence and leave the Wiki-wanker-world. Wikipaedia was a great idea fucked over by idiots like you lot. Tossers!",1,0,0.8753637
"`  Dude, are you stupid? Yankees76 said hes a hero to his people, I was saying how.... Hes the first Inuk to play in the NHL, thus being a hero to his people even if hes just a disgraceful goon. You sir, are highly uneducated. I hope one day you can go to school and realize that when somebody says ``Hes a hero to his people`` Isn't racist. Last time I checked, Inuk wasn't even a race. Hes white /Caucasian. Seriously, your ignorance blows my mind.  `",1,0,0.8767445
suck my dick. suck mybig harry ballsack and shove it.  ,1,0,0.87721246
   Stop being a Douchebag  I have made positive contributions to Wikipedia.  Don't be a dick and suggest that I should be blocked.  That is unjust.,1,0,0.8772859
"`  Hey, I said it was ``a`` seat, not ``the`` seat, you dumb motherf#@$ker!!  Learn how to read English.  Soon I shall be an administrator and have you purged from this noble experiment. `",1,0,0.87800646
  You little bitch trying to get away with your crap. http//comm.colorado.edu/~jacksonj/research/coon.pdf This the link here as well as other links of modern scientists disproving this claim. This piece tells the origins of why Coon did his work and why he is wrong today. Page 29 it begins https//www.academia.edu/1086757/_All_With_Theories_To_Sell_Carleton_S._Coon_Bentley_Glass_Marston_Bates_and_the_struggle_by_life_scientists_in_the_United_States_to_construct_a_social_mission_after_World_War_II,1,0,0.8780451
"Don't be a Dick You know what you did, don't do it again. You weren't making test edit or anything even slightly like that. Fuck off.   ",1,0,0.8781779
"`   TYPICAL COMMUNIST CENSORSHIP. WIKIPEDIA SHOULD NOT LET TRANNY PSYCHOPATHS CONTROL THEIR ARTICLES! THESE PEOPLE SHOULD BE LOCKED AWAY IN A NUT HOUSE!   This is why Wikipedia is a joke and can never be trusted. It is extremely silly for Wikipedia to label a male transvestite as a ``she.`` It is impossible to change one's sex, you idiotic communist pieces of shit. Science trumps your bizarre fundamentalist socialist religion. Stop enabling people who suffer from gender identity disorder. It is harmful to their health.  I fully expect to be maligned as ``transphobic`` or some other such nonsense for speaking the truth, because that is a common tactic you people use to silence your critics.`",1,0,0.87867486
"   I feel sorry for you, small penised foreign dog! Defending absolute scum like Mao, Jiang, and Deng ensures you are a brainwashed fag lost in China's past.  It will take 200 years before Chinese people from the Mainland become clean, respectable, wise human beings.  Right now they are money worshipping slaves whose minds are lost to propaganda and distorted logic.  How sad! Such a great civilization destroyed by a band of gangsters!  ",1,0,0.8789669
  Of course Uber here would just love to shove that green rotting foot up his pussy.,1,0,0.87898856
Haha!! Prince Al-Waleed bin Talal is ashknazi jew LOL!! jews are assholes!!  ,1,0,0.87906766
"See?  He understands, and doesn't want interference or any trouble.  He even censored my comments to toe the Party Line at Wikipedia.  Leave him alone.  Blame me, block me.  I have other accounts.    to administrators  Do not block Haber!  Bock Localzuk and/or me.  Localzuk is a worthless fucking tool who is gunning for admin by being a hardass about rules and kicking a guy while he's down.  He's also a child.  Any adult would have refuted my claims of his childhood.  Haber represents a minority opinion, but an important one, and he is particularly articulate.  Leave him alone!  He hasn't hurt anyone!  Block my account if you must, as it doesn't matter, but I will fight to the last to defend this Wiki, which is supposed to be a fre exchange of ideas.    ",1,0,0.87909883
  you think i dont know what the fuck april fools day is. you think i havent heard that this could all be a joke. you think that max hasnt addressed this?,1,0,0.8791329
"   KIDS, WANT TO GET MOLESTED THROUGH YOUR COMPUTER SCREEN, IT FEELS REALLY GOOD, ALL YOU HAVE TO DO IS READ THIS ARTICLE ON WIKIPEDIA, AND MAGICALLY, JIMBO WALES'S HAND WILL APPEAR AND RUB YOUR PENIS!!!   BAN me please!!!!!!!!!!!!!!!!!!!!!!!!!!!!!!!!!!!!!! I am nothing but a fat, evil, useless troll and vandal with a 1-inch long penis.  ",1,0,0.88019043
"`  Fuck off you spastic. I can access this via a proxy, using one of 4 home computers or one of 55000+ at work (in 30+ countries), plus libraries, mates' computers, internet cafes both at home and abroad, on my mobile, at PC World or other such shops...basically anywhere I like. Are you going to ban everyone from editing? How many fucking mistakes are on this site anyway? Billions.  Look at me I've no friends and I wank myself stupid every time someone famous dies as I must be first to update Wikipedia.  You pathetic ``Hitler in a wheelchair`` bastard. Wank my shitter, knobhead`",1,0,0.8802628
"  BULLSHIT  UNBLOCK 195.93.21.74 NOW OR IM GONNA FUCK ABOUT WITH WIKIPEDIA SO MUCH, AND STOP BEIN DICKS I JUS WANNA USE THE REFERENCE DESK FFS, NO NEED FOR THIS BULLSHIT",1,0,0.8808718
"  What the fuck is your problem? I just got through a similar content dispute with another fuckwit that stared deleting v a l i d,  s u b s t a n t i a t e d content from Toni Pearen. Okay, let's hear it. What's your golden reason for this blatant error?  ",1,0,0.8815251
"  Mr. Stemonitis, you are a stupid botanist, who does not know the taxonomy of dipterous.  For that, you must leave the corrections made in the definition of the superfamille.",1,0,0.8816287
"   Cause of Death   Fuck exicution, put down Murder was the mutha fuckin' case, and Shawtnegger was tha murdera!",1,0,0.8816514
"`   Did AIPAC write this?   It's a bullshit propaganda piece full of irrelevant shit inserted to inflame opinion against the Palestinians. We know it was an attack against civilians, do we really need to know a father was killed with his daughter? In an encyclopedia article? And a subsection called ``Palestinian glorification of the attack``? Fucking seriously? Wikipedia is a joke when it comes to these topics. Whoever has more people editing the page gets to decide the truth. What a joke.`",1,0,0.88260484
"  Go fvck yourself, Nick-D. Get a job, losser.  ",1,0,0.8826431
"  Materialscientist is a racist  Seriously, fuck you man. You continuously delete my photos on the page of Al-Mayassa bint Hamad bin Khalifa Al-Thani, which are all posted with the correct CreativeCommons Share-alike 2.0 or 3.0 license... because you're a racist and the Sheikha appears uncovered in these pictures. When I posted photos of Arab males... you do not challenge them what so ever.   Luckily, I can continue to live my life in the happy company of many friends, family and colleagues... not stationed at a computer 24/7. You're a loser who spends his entire life editing Wikipedia and probably has nothing to show for it. At the end of my life, I'll have had a purpose... a career, family, things I am proud of. You'll just be dust and completely irrelevant to the world... having never done anything more than edited a website.    ",1,0,0.88289267
"`   Hey dick  You don't know what is copyright so shutup and get out of here, don't write stupid bullshit on my talk page. Dhivehi language is Dhivehi language not your bullshit nonsese.  — Preceding unsigned comment added by   •    I guess you haven't read the article idiot it says about Dhivehi language so it should the article should be Dhivehi language. Psychos like you should leave wikipedia  `",1,0,0.88310546
" You don't know what are real difficulties, little prick. You'll learn it after taking the protection away. You can't keep it protected all the time. We'll never give in until the page looks like WE want. I warn you, Clayworth, that I an ruin your health from any distance. I can also easily kill you with an energy stroke. Don't play with fire, stupid ass.   ",1,0,0.8831957
"`   Rutherford B. Hayes edits   ``Please refrain from making unconstructive edits to Wikipedia, as you did at Rutherford B. Hayes with this edit.`` - NOT A CHANCE YOU LITTLE SHIT!    P.S, Fuck you!   `",1,0,0.8833457
What fucking problem are you having Njgw? Come and discuss it with me.  ,1,0,0.88360405
"  oranjblud is an idiot. stop sticking up for him, redrose64.   ",1,0,0.88468903
"  Hey F**K T*RD, STOP deleting my page bi*ch. You must really be an OLD FAT A$S C*NT with no F*ckin life, deleting a perfectly fine article over several times. Get a life fagg0t and stop trolling on Wikipedia, I mean seriously  is Wikipedia your life??",1,0,0.8847894
  Some asshole keeps changing the dates  Advanced Warfighter specifically states that the game took place in 2013 yet some asshole idiot keeps changing it to 2014. Advanced Warfighter 2 does not take place one day after Advanced Warfighter. Please do something about the idiot changing things for no reason.,1,0,0.88524824
"   __________________________ Listen piece of bastard, if yo have a chance to read this , read carefully YOU DARE SPOIL MY USERPAGE AND YOU WILL DIE FOR THAT. I ALREADY TRACKED YOU AND I KNOW WHO YOU ARE, BEFORE KILLING YOU , I WILL RAPE AND KILL THE BITCH OF AYOUR MOTHER AND THAN TORTURE  THE WHOLE OF YOUR FAMILY. WHAT A PITY YOU DON T HAVE A SMALL DAUGHTER IN ORDER TO RAPE ,TORTURE TO DEATH AND BURN HER ALIVE. YOU ARE A DEAD MAN. THERE IS NO PLACE TO HIDE IN TEH WORLD FOR YOU",1,0,0.88529783
   Why   did you fuck my post on julianfuckton?   ,1,0,0.8853353
"   Orangemango go f*** a f***ing bible, you f***ing bible b***er, go f*** around with songs that arent considered the greatest of all time.",1,0,0.88553506
"   try harder dick   this is war, you cunts are a latter day religion that will be taken out!",1,0,0.8858223
    ITS STILL FUNNY  Son of a bitch! _|_,1,2,0.8859627
"`  Done that in the past with previous images he used, though as some were used in real articles they could not all be deleted. He has since come back on a dial up modem using AOL. A 15 minute block was imposed. Zeech. What a f***ing asshole he is. \ `",1,0,0.8861534
" Shut up, NoCal. Whinging about BLP's and Blocks  be serious, you don't care about policy or procedure. You just want to see an American, Jewish, Pro-Israel genocide advocate portrayed as a rationalistic hero, because Israel makes your dick hard. You twisted individual.   ",1,0,0.8863933
THE REVERTINGS IS A BROKEN!!  THE VANDALISMS ARE LEGITIMATES AND THIS HOOR BOT MAKES THE REVERTINGS!!  BOWL OVER YOU FUCKING HEADS!!  ,1,0,0.88715035
hey bu-uuuuuddy  you really suck a lot of dick  ,1,0,0.8873818
"  - yo The Movement is Dipset, get that shit str8 cracka jack. move the movement!",1,0,0.8876878
  Coward  You are a coward. By locking the Swift article all you are doing is allowing a falsity to remain. And instead of reasonably countering what I'm saying you block and ban me. You speak volumes about how wikipedia is run.   ,1,0,0.88828886
   I'M PISSED!     WIKIPEDIA ADMINS REALLY SUCK! I'M TRYING TO GET HELP HERE AND THEY BLOCK ME FROM EDITING! YOU STUPID IDIOTS! YOU'RE JUST LAZY BASTARDS!,1,0,0.88887775
you fuck misterwiki.   you fuck misterwiki.   you fuck misterwiki.   you fuck misterwiki.   you fuck misterwiki.   you fuck misterwiki.   you fuck misterwiki.   you fuck misterwiki.   you fuck misterwiki.   you fuck misterwiki.   you fuck misterwiki.   you fuck misterwiki.   you fuck misterwiki.   you fuck misterwiki.   you fuck misterwiki.   you fuck misterwiki.   you fuck misterwiki.   you fuck misterwiki.   you fuck misterwiki.   you fuck misterwiki.   you fuck misterwiki.   you fuck misterwiki.   you fuck misterwiki.   you fuck misterwiki.   you fuck misterwiki.   you fuck misterwiki.   you fuck misterwiki.   you fuck misterwiki.   you fuck misterwiki.   you fuck misterwiki.   you fuck misterwiki.   you fuck misterwiki.   you fuck misterwiki.   you fuck misterwiki.   you fuck misterwiki.   you fuck misterwiki.   you fuck misterwiki.   you fuck misterwiki.   you fuck misterwiki.   you fuck misterwiki.   you fuck misterwiki.   you fuck misterwiki.   you fuck misterwiki.   you fuck misterwiki.   you fuck misterwiki.   you fuck misterwiki.   you fuck misterwiki.   you fuck misterwiki.   you fuck misterwiki.   you fuck misterwiki.   you fuck misterwiki.   you fuck misterwiki.   you fuck misterwiki.   you fuck misterwiki.   you fuck misterwiki.   you fuck misterwiki.   you fuck misterwiki.   you fuck misterwiki.   you fuck misterwiki.   you fuck misterwiki.   you fuck misterwiki.   you fuck misterwiki.   you fuck misterwiki.   you fuck misterwiki.   you fuck misterwiki.   you fuck misterwiki.   you fuck misterwiki.   you fuck misterwiki.   you fuck misterwiki.   you fuck misterwiki.   you fuck misterwiki.   you fuck misterwiki.   you fuck misterwiki.   you fuck misterwiki.  ([,1,0,0.88985085
   Revert again or fail to answer this relevant question and I'll file a formal harassment complaint with the WMF.   You're a fucking employee of the foundation. How could you really type that in a public IRC channel??   ,1,0,0.8899377
"`  Great, the Ukrainian nationalists again. go back to your filthy hole, UPA dog! Fedor grew up in Russia, he only was in Ukraine for 2 yrs, he has a Russian passport. end of story. stop claiming what doesn't belong to you! now you bastards say that ancient RUS dukes were Ukrainian! You say that ancient Rus itself was Ukraine! oh, yeah, the whole world is Ukraine! keep telling yourself that, fucking Orange asshole! I am half-Ukrainian myself, people like you just piss me off! oh, and no, his surname is NOT ``100% Ukrainian``! You know how many people in Krasnodar, Stavropolie, and other areas of RUSSIA, have last names that end with ``-enko``? millions! myself included (Levchenko). fucking uneducated banderovitz nazi, you have no place here, go, save your antisemitic, suppremacist theories for others (hint, maybe your brothers in Poltava will listen to your preachings). You people are the reason for all the hatred between Russians and Ukrainians these days! its people like you that should have perished in the Holodomor, seriously!  `",1,0,0.8903475
"`)  update  Why dont u just stop trying to take control and leave the fucking article the way it was origionally...u stuck up prick....your a fucking waste of space, get a job or a new hobby.   ``had the website been fantastic I still would have removed it.``-foolishben.......get the fuck over yourself. (UWM`",1,0,0.890806
"  And note if you have your doubts. 1254 AM over here. Raining, last I checked. I'm out in Dhanmondi (what kind of a stupid name is that?), in this apartment my imbecile Bangladeshi dad rented. Road number 5. Next to 'Eastern University' (what the hell is the thing with university names and compass directions over here?)  Fact is, you people murdered my mom. And my idiot dad still loves your stinking country and you stinking apes, even as his wife lies six feet under thanks to you animals. And I'll never get justice, will I? You bastards will keep living, and polluting the free world with your filth. If I could kill every one of you, I would.  But I'll settle for killing a few.",1,0,0.8908645
   what the hell   how can all these wankers be so serious about Lolcats?  uptight wiki cunts.,1,0,0.89220804
`   I Hate Grandma Terri    I hate my step grandma Grandma Terri. ``Step Grandma`` is an overstatement. F-ck Grandma Terri in her old ass. Grandma Terri shoult be raped to death.   `,1,0,0.8922618
   Lol   Youre too incompetent to place a proper warning! Idiot!,1,0,0.8935917
" Both you and your Cock Sucker, USERWAR, are pathetic.",1,0,0.8942111
   YOU BASTARD!  YOU STUPID BITCH! JUST BECAUSE YOU'RE A MOD YOU JUST CANT ACT LIKE YOURE THE BOOS AROUND HERE! YOU DONT OWN WIKIPEDIA!!!!  I HAVE CLEAN EDITS AND I DONT EVEN VANDALISE ANYTHING AND I GAVE THOSE RESOURCES THAT YOU SAID!  ITS ON THE SHOW'S WEBSITE! I SAID IT SO MANY TIMES! YOU DONT EVEN WATCH THAT SHOW! WHAT DO YOU CARE?!?!!!  IM GONNA REPORT YOU YOU CORRUPT MOD!!!,1,0,0.89455587
"  You blanked articles to warez groups, dumb ass.  ",1,0,0.8948103
"I agree with you Scoot, but bothie just keeps de;eting anything I say because boothy is a cock sucking fucker  ",1,0,0.89596695
"  I don't believe you're a faggot.  You're more like a Eurotoxin douche.  Maybe all these narcissists you talk about can just Google Kim Jong Un if they can't bear not to know what he looks like.  They certainly must know that much to find images, since they are practiced at searching for pictures of 6 year olds everyday.",1,0,0.8962004
"  stop being a fool If he's going to post up racist lies and claim he's following policy, I'm going to call that fool Feldspar what he is, a racist fool.",1,0,0.8965234
"   Jackoff   Hey, I just wanted to let you know that I've read your behaviour and actions regarding userboxes and think that it's a fucking crime that you weren't banned for it.  Suck it dickweed, love and kisses.   ",1,0,0.8975434
   yo nigga whats ya beef?   yo nigga wtf is ya beef? u got a promblem? bitch reportin me and shit how bout u go make a wikipedia page for snitch iight nawmean nigga? in mah hood ya ass is grass if u be snitchin and bitchin...yo ima make a rhyme for u...ayo i tried to make a sick nasty article..but will came and ruined every particle...whyy the fuck did shit  have to go down like that...i thought we wuz homies then u put my article in the ground like that? whats ya beef u got beef like burger king...deltedin my page but reports me is another thing....ayo tahts right thats how i get down kid...dont be snitchin anymore kid cuz i fckin get down straight hood nigga....and make a wikipedia page for mutha fuckin party pooper cuz thats all u are...a fat greesy party poop with corn...ur more like  a party diarea.....,1,0,0.897574
"  Nah, thats okay, I'll just change IPs, just keep being a dick. I hope you like sucking on your own, thats if you got one.  ",1,0,0.8982029
"   ABC Tragedy and Eduardo Bours  My wife's sister lost her daughter in the ABC tragedy and you are trying to help cover up Bours's involvement.  This man is a criminal of the highest degree and when I try to get the word out, you revert my edits and threaten to ban me.  Fuck you.",1,0,0.8984107
"  Cut the crap racist.. You are an anti-semite who hates Assyrians and probably jews as well. Why dont you find another people to destroy. You're nothing more than a common anti-semite.  Proof, i could give you proof, but i will just refer you to the library.  Read a book you anti-semite!",1,0,0.899034
" sup bitch i'm back.  yeah its 420 MOONSHINE bABY, i get to use this name now cause 420 Moonshine is now Bail Out,a and the ykick ass. not gonna be able to block me now BITCH!  ",1,0,0.899297
I'm going to start killing these assholes. Chin chin.     ,1,0,0.8994884
"   shall I call the police    Geez Hesp, as well as being a coward you are a little paranoid, sorry very paranoid, you should also call your Mummy and Daddy. In case you are stupid as well as paranoid and a coward, speaking face to face is the old fashoined way of sorting out problems you pathetic little excuse for a human.",1,0,0.90012306
"This guy is cool, you are all a bunch of faggy fat kids that live in your mom's basement.   Hahahaha midgetitis.  Hahahhahahaha  ",1,0,0.9005565
"`                            ``````````````````````````````HONESTLY what you all are doing is WRONG! STOP DISCRIMINATING US GOTHS FROM SOCIETY! HOW COME you're just making shit up, saying it's dangerous to be Goth. Well guess what, I'm Goth and I'm proud of my lifestyle subculture. Sure, we like different things but just let us be. Ecto, you're a horrible person, I hope you know that. Why list a section of 'critisim' when Maddox is just a faggot, mother-fucking sonofabithc, cock sucking asshole! fuck maddox! Jhonen SHOULD NEVER EVER EVER EVER EVER bE COMPARED WITH THAT evil man. Jhonen's never critized the lifestyle. Sure, he's made little comments of how most get into it but don't know everything about it and what it is all about but that dosen't mean he's critiquing it. If anything, Vasquez IS a Goth. GOTH FOREVER!- The Powerful`",1,0,0.9009716
Yamaguchi is a fake & paid PR of lakshmi manchu born on 8th october 1970 but pretends to be 16! Manchu is a joke & so are you yamaguchi ) Lol shut up & stop preaching and get lost u idiot!,1,0,0.9013769
"Matt Crypto, Craigy144, and Stormie are jealous losers and liars",1,0,0.9019569
"   Go ahead, block me   Go ahead block me, but everyone knows MTV sucks.  God Save the rock  Thank Fuse  Oh and...Fuck yourself",1,0,0.9020039
   man its all about captain morgans spiced rum.   shut the fuck up barry i hate you.- ,1,0,0.9040744
"a sincere question Why do you do what you do?  slander, harassment and abuse of editors  And you are a mindless dumbass, Geogre. Also a liar. Actually the blatant slanderous crap you all throw out all over the internet about me and so many others is kind of against the law. It also goes against current harassment laws.   ",1,0,0.9041012
" Fk Off Fk off you Dragon Ball nerd. You like animey and manja. You son of a bh. You were fking mean to VegetaSaiyan, the fking nerd. Go fk off and get off Wikipedia, you fker.  ",1,0,0.90454566
" Holy shit, you people suck. I don't see any warnings given to Leitmotiv for his continuous belittling of other editors.   ",1,0,0.9054325
 u can kiiss my ass !!!n suk iit biitch ,1,0,0.9060886
   Isn't that a bit lame?   Your just a monkey nutted gorilla!  Stephanie Zu  Noine likes you dumb0rt!,1,0,0.90724915
"  Hey Aaron Brennenman, Eat shit and Die, sincerly me and your whole family. PS i see ur sentiment but your not a women. Deal with it you fagget.",1,0,0.9077962
"   do you know who else believed in censorship?   Adolf Hitler, you fucking facist.",1,0,0.90796846
"` Wow, you're an idiot. Here's my imitation of Tao (include immature mocking tone) ``I think I know things. I think I can get people blocked. I think I know rules. Provide evidence you guys. Oh know there's some evidence, my bwain hurts, my bwain hurts, I forgot how to read, waaaaaaaah.`` It is a proposal you fucking idiot. It shows you're wrong. You refusing to read it does not make you right. It just makes you stupid. You call it ``undergraduate`` as if it lacks validity when you refuse to read it which makes you not only and idiot, but a stubborn baseless idiot. Block me, bitch, I fucking beg you. What's taking you so long.     Practical proposal for change based on evidence provided above  Simple to read for assholes who refuse to read Proposals 1) change phrasing in intro 2) do not change focus of the majority of the page on the ``close circle`` 3) perhaps make ``writers`` section more reader friendly for casual readers with a chart, or something quick and simple to read 4) change naming of ``writers`` section to something reflected broader scope 5) I would like something like 3 & 4 to be closer to the top, but I do recognize Doom's concern that it weighs down the intro, so we can see for now if it works.  I'm suggesting no change beyond that, but I feel I have provided the beginning of sufficient evidence to support the necessity of this change.    `",1,0,0.9082638
"  Yep, as I said, Bite me, Hitler, err... Scrapiron. Disappear it to make you look like less of an asshole, you will be hiding it because you can. Fuck you.",1,0,0.9089609
  To whoever said most people in arab are homosexuals or other bad things  Go to D**n F***in' Hell you motherf***in' d**n son of a d**n f***ing c**t of a b**ch.,1,0,0.9091645
"Yeah, hi, you can go fuck yourself Dwpaul  ",1,0,0.9108758
   Nothing about illegals?   So Bushie boy is the only one with problems?  This asshole is sparkley clean?  Fuck Wikipedia!   ,1,0,0.91161567
   Moron   Leave Wikipedia. Your edits are stupid and contribute nothing.,1,0,0.91165775
"  ARC Gritt, the fucking cunt of all cunts, ruined me by saying I vandalised 2009 Formula One season. What a cunt.",1,0,0.91169465
"`  Because as a certified loser who has spent over two years! of your life working for free and you live by the ``wiki`` rules. You get a hard on every time you leave a warning, you bust every time you get a banning, and suddenly when you realize that you can't touch a person it suddenly dawns on you that your a loser who spends their time living in a fantasy world and you have absolutely no power. Loser, Loser, Loser, Loser, Loser, Loser, Loser............   I would fuck with you more but I am 15 and my girlfriend is sneaking out her window tonight and I am going to be licking some pussy, that must make you feel pretty fucking pathetic that a 15 year old is getting more action that you. Loser. Loser. Loser.   Make sure you respond, i will be busy licking tight pussy and fingering ass.............Loser. Loser. Loser.`",1,0,0.91170406
"   People that are Douche Bags   Fattyjwoods is a douche  I can't believe he would like a gay team like the Yankees, well I guess you got to be one to like one.      p.s.  FUCK GEORGE W. BUSH!",1,0,0.9118031
"   Holy Shit, Dude Holy Shit, Dude! Do you do nothing but sit on wikipedia? All you seem to do is use a very gay sounding software called Huggle and revert edits in the blink of an eye. That sucks!",1,0,0.9121908
"  The Dirtball  What is your f-u-c-k-i-n-g problem, asswipe?  You are actually defending The Dirtball?  Well, it is my humble opinion that you are, in fact, a true dirtball!  Get a life, you lousy piece of toilet trash!",1,0,0.91241294
"`   That wasn't nice   I am reposting this to piss off Tbhotch. Enjoy, you dumb piece of shit. Have fun being jobless. Soon teachers that think too highly of themselves won't be a problem in this country anymore. And if you're going to run around tossing threats because you're too fucking stupid to accept reality instead of getting into a flame war over demographics pissing off an entire base, then save yourself the trouble of throwing around even more threats and just ban me like you dumb public school pieces of dog shit wiki editors keep threatening over and over again. Just make sure you have every VPN and Spoof address banned also or you're just going to be wasting your time.  Oh, and;  ``It's people like you that make this place not worth coming to. If google would stop linking here then I would gladly stop using this website. Why do roughly 75% of all wikipedia editors (whatever that is) act like you do, aka an uneducated biased and complete fucking retard?```",1,0,0.91294324
  Stop... Quit reverting my updated to the Creed article. There's nothing wrong with the part I added or the seperate section. Idk what the fuck youre talking about when you say unreferenced shit.,1,0,0.91303384
"  Cuando Quiero Llorar TV Series You Fucking son of a bitch, who hell you think you are?. I'm trying to complete ten article and you proposing delete?. You're mad? Let me complete the artcile and we after talk. Thanks.   ",1,0,0.9142749
 Blah Blah Blah. Cry Me A River. Go suck a prick. You aint even a Flo Rida fan.,1,0,0.9147604
"Block me then you cocksucker - clever people don't give a fuck about editing Wikikpedia? Just because Wikipedia has turned you into its bitch, you can't see that being blocked is not a 'punishment'. If it happened to you it would be a blessing, but you'll never see how much time and life you've completely WASTED, because your brain is mush. Fuckin wretch   ",1,0,0.915538
"  JzG  Wrong is still wrong, the circumstances don't matter. You won't be punished though because you are part of the admin. of this site now. You need to grow up, you fucking loser. I just called it how I saw it. It is a suicide and she will burn in hell for it. Also, You will never get rid of me, you and your deviant family have now become my personal project. I'm working on a website about your sister as we speak so everyone will know all about what a stupid cunt she was and why it is good that she is now a festering corpse in the ground. It can only be hoped that the rest of your family will follow shortly after so your defective gene's will no longer contaminate the gene pool. Here's hoping that the terrorists make a stop in your hometown soon, it would not be a big loss.",1,0,0.9155395
   Sitush is a mofo   Bloody bastard he is.,1,0,0.9156433
"`   Fuck you   Re ``mark williams radio host`` and ``ground zero mosque``  you vandalizing asswhipe....... landing gear from one of the aircraft and bits and pieces of several people were found inside this building, which itself is less than 60 feet from another that was destroyed..... so fuck you and everybody who looks like you moslem mental retards here... that is fucking ``Ground Zero`` so blow me and suck each other dry. Fuck you`",1,0,0.9160461
"`   Dude, you are a huge loser.  My god man, you are a loser.  Get a life dude.  ``Der I'm twenty something and I have a degree in computers so that makes me qualified but I spend all of my time editing wikipedia crap and blocking people because it makes me feel powerful when in reality I'm just a huge fat fucking loser.  Look at all my medals, I feel as though I've really helped change the world by taking the bullet and getting a purple medal``   Why don't you do something real with your life?  Or at least get one away from you computer.`",1,0,0.9173015
"   JIMBO WALES WONT STOP MESSING WITH MY ASS PUS   Get the fuck off my internet, worm. Get out now.",1,0,0.91749185
"  yeah is that youuu  oh i think it is big boi  yeah so, whoever wrote that big shit about myles, im going to come round to your shitty little house and stuff a petrol bomb through you fucking shitty little cunt of a letterbox. and yes i do know who you and your inbred parent cunts are. i know where you live. i know your parents mobile phone numbers. i know where they work. be afraid, be very afraid.  and i will find a way to stick a fat off bottle of lit jack daniels thru your door.  so fuck off  yours sincerly the back up of myles ps see you at 12.30 on saturday",1,0,0.91765046
   Personal attack?   You fucking coward. Anytime anyone tells the truth about Cheri DiNovo or her attack queers it is a personal attack? No wonder the Pope hates you pillow-biters,1,0,0.9176646
   wow avatar is gay   yes. i do mean this movie is homosexual. if you or anybody around you is thinking of killing themselves or going into depression because of this movie. you are all retarded. any1 who thinks this movie is just a badass epic anime your wrong. it is digi not anime.  yes there is a difference anime looks cool not gay / digi looks utterly fucking gay / retarded so any1 who posts against this  you are a retarded son of a b itch who needs a diaper change.    p.s. peace to this movies editors and may they rott in hell. also fuck off they're making another one so shows you they did good getting the cash from the movie that was supposed to be the one in box office. that's the only reason ppl went to that movie with the gay blue retarded fairys dieing from the might of earth who breathe space air. you sons of bitches             signed jeremy  ,1,0,0.9177809
"  Suck my di_ck CU_NT  Block me you stupid cu_nt, you think I give a fuck? I've got plenty more IP addresses where that one came from you cu_nting dou_che bag. Get the fu_ck out of my face with your meaningless threats. No one gives a FU_CK what you 'block', because you're not really blocking anything but ONE of my many IP addresses.",1,0,0.9181769
" Hi, I'm a gay ass guy name Nawlin and I'm a dicklicker that likes to delete stuff he has no business deleting.  I really need to get laid.    ",1,0,0.9187719
", 3 February 2009 (UTC)  Stupid. Don't be a smart ass. I didn't ask who Lefty was, I asked WHAT THE HELL IS A LEFTY TRADITION? You made up the term. Do you know anything concerning what you are writing? You are wasting all of the above space and have not answered ANYTHING. I asked a very legitimate question. If you do not know, simply shut your mouth. Get off this page idiot cracker!   1115",1,0,0.91894734
" Alansoh, you are a real jackass with no life. stop screwing around with my changes, because they are all true! ",1,0,0.9195676
"   Hey   Hey asshole, don't delete my contribution to gram.  It is an example of what a typical gram consists of.  What the hell is the matter with you?   Get off your power trip jerky.",1,0,0.9201567
"  Why the fuck did you delete my article, Battlefield Podcast, for no god damn reason? It's not the deleting that pisses me off, it's the fact that you didn't even tell me or give me a reason why it was deleted. Everyone who has read that enjoyed it, then someone like you comes and deletes it because they don't like podcasts about videogames. Too fucking bad.  You should get a girlfriend instead of spending your time on Wikipedia deleting perfecly fine articles like that, you tightarse loser.",1,0,0.9203444
"` ``Word count is not a measure of encyclopedic value``. You're not attending a special school are you? How dumb do you have to be to be able to make these sorts of claims? What the fuck are those 20,000 words detailing, if it's largely things of unencyclopedic value? Why don't you go and tell the people who wrote those words that they're just filling up Wikipedia with shit? Better yet, why don't you ask for the articles to be deleted? You won't? Why is that? Is it because you're full of shit?  I just realised I'm talking to someone who calls himself ``1st Lord Baron Wikipedia``. Fucking hell. If only the real world knew that space cadets like you on the inside are the people deciding what Wikipedia looks like to the outside.`",1,0,0.9204842
"   Dude, wtc!?   What the cock were you thinking when you edited my talk page. ONLY I DO THAT!!!!!!!!!!!! Fuck-sucker.",1,0,0.9205472
"   WHAT THE FUCK IS WRONG WITH YOU ECTO??!!!! Who gives a shit, ducky? I do! Because he does not hate the subculture and where has he denounced himself as Goth? WHERE??!!!",1,0,0.9205862
  So then block me. She gets to give me shit like that in the discussion page on Paul Revere and you guys come in here threatening me? The hell is this?   ,1,0,0.92139906
"  o why dont u get off my mothafuckin dick son, u think i dont kno my shit nigga?",1,0,0.92193884
   clown bastard   why did you block me you fuckin philistine i suggest you stop oscillating between being a clown and an intellectual and just stick to your puerile image of being a nobody who blows up giraffes whilst you try to pervert little kiddos,1,0,0.92281723
"   dr karl loves himself, fuck yourselves wikipedia   go fuck yourselves wikipedia",1,0,0.92302024
"   Hello   Hey motherfucker, don't revert my edits again you fat sack of Wikipedia shit. Please go back to jacking off to Virgin Killer and leave 's edits alone.   ",1,0,0.9235021
   Bullshit  What the fuck are you annoying my edits on Wikipedia? Such a bullshit you're bitch! Wikipedia is free to everyone for edit asshole!! (anonymous) 0630 28 February 2015 (UTC),1,0,0.9235285
 on my own talk page without leaving there fucking username needs to come and suck my dick becuse i realy think they should at least be able to back there shit up.,1,0,0.9238238
"Stupidhead! Dweeb! How dare you say that! Scorpionman, you foolbrained scumhead! I hate your guts! I HATE YOU!!! idiothead! IDIOT! You say nothing but sarcasm, so I'll just sarcas your stupid brain! Everybody is right about you; why don't you just go take your butt and dump it in a fire!!!! Your brain never evolved from a rock! Nobody's did! There's no control anywhere! There's no point in anything! AH HA HA HA HA HA! AH HA HA HA HA HA HA!!!'    ",1,0,0.92458326
", Trevon Saquele Sterling Sloan is a gay fuck fag",1,0,0.9246962
" Sitush Bastard Sitush is a bastard, Crook, Rogue, Vagabond, rascal, son of a bitch, dirty creature and everything the lowest form of human deserves to be condemned with.",1,0,0.92516315
  Regarding the ghey ass admins Lick deez nuts and suck a fart out of my ass!,1,0,0.9259362
   hey faggot.   Insert non-formatted text hereyour faggot moldy ass deleted my information on the toilet seat. ima hunt your faggot queer cocksucking ass down and run you over with a very big cat. bitch nigga im out.,1,0,0.92624825
 nigga ass ho shit this is a whole school so multiple people are shitting on your site daily SORRY DAWG,1,0,0.92631394
'''FUCK YOU Ckatz you are german Cock sucker and FUCKER MOTHER FUCKER  ,1,0,0.92677116
    Dear Aubie   Fuck off you shit-eatin' Aubie sonofabitch!,1,0,0.92729825
"  OMG, 'I dispute the gayness of this discussion!'   OMG, what a bunch of fucking nerds!! Not only are your arguments weak and impractical, but youactually seem to take yourselves seriously! My recommendation BUY SALT BITCHES!!!! LOL!! Stupid Gay Bitches!!!",1,0,0.9275102
  MONGO is a wanker!  MONGO drinks semen while editing someone elses page! That dick!  MONGO is a homosexual crybaby!  MONGO is a motherfcuker!!   MONGO gets anal and oral every night from a five year old pig!  Wayward likes cocks!  Wayward likes teeth in his crust!,1,0,0.92809045
  You Suck! Dear King Shadeed you suck and are a Nazi.  Drop Dead Alex,1,0,0.92833346
"  -This artcicle is a God Damn joke, it shouldnt be protected, that way you can edit it any way you want, its a joke, so lets have some fun with it, your a fucking idiot if you beleive this shit. Anyone see the scientology episode of South Park, God, that was hilarious, and they didnt even need to make more shit up for scientology to be more of a joke. YOU ARE A FUCKING IDIOT IF YOU BELIEVE THIS SHIT!!! go ahead, piss yourself becuase I am right.  -Anonnymous Stranger",1,0,0.92862445
   TIDEROLL LIKES TO GAG ON COCK   tideroll is dick suckin asshole who never had straight thoughts in heshe's life.FUCK YOU BITCH!!!!!!!!!!!!!!!!!!!!!!!!!!!!!!!!!!!!!!!!!!!!!!!!!!!!!!!!!!!!!!!!!!!!!!!!!!!!!!!!!!!!!!!!!!!!!!!!!!!!!!!!!!!!!!!!!!!!!!!!!!!!!!!!!!!!!!!!!!!!!!!!!!!!!!!!!!!!!!!!!!!!!!!!!!!!!!!!!!!!!!!!!!!!!!!!!!!!!!!!!!!!!!!!!!!!!!!!!!!!!!!!!!!!!!!!!!!!!!!!!!!!!!!!!!!!!!!!!!!!!!!!!!!!!!!!!!!!!!!!!!!!!!!!!!!!!!!!!!!!!!!!!!!!!!!!!!!!!!!!!!!!!!!!!!!!!!!!!!!!!!!!!!!!,1,0,0.9287115
"CardinalDan FUCK YOU FAGGOT NIGGER CUNT LICKING CHINK DIPFUCKING SHIT NIGGER FACE, GET A LIFE OTHER THEN DELETING SHIT OFF WIKI YOU NERD FAGGOT",1,0,0.9287669
  WHY?  Why did you delete my edit you big wikipedia bastard (have some fun and lighten up) oooooooooooo   Fuck You,1,0,0.9293868
  fuck off you bastard who do you think you are judas this guy kieron richardson he should be fucking dead have you seen what he's done to that poor girl have you,1,0,0.92980206
Oooh Mr. Badass Faggot blocking people on Wikipedia. Dude go fuck a girl instead of being on da computer all day.  ,1,0,0.9301509
"   Edit Request   Hello, guys FUCK U pieces of shit I HATE WIKIPEDIA doNATE! ZmINecraft is way better than ur stupid social networking site called fricken wikipedia  Face book is a better social networking site than you ***********'s  eff u",1,0,0.93017024
" Suck my greasy dick, I will start creating thousands of pages using different names and you can eat the corn out of my shit if you like.  I can create far more than you can ever delete.  I will use various screennames, various site titles, and all so don't fuck with me you split lip bitch.",1,0,0.9302748
"   thanks for all your hard work   look here you small penis faggot, you better watch your mouth or you going to get knocked the fuck out over wiki fuking pedia! you watch but who watches you!!! your life is overrrrrrrrrrrrrrrrrrr \  hit me up on facebook  fag",1,0,0.93119687
  your a fag suck a dick monky nigger lover.,1,0,0.93168867
   FUCK BILLCJ AND KILL BILLCJ BECAUSE I HATE HIS BIG FAT FUCK   KILL BILLCJ!! KILL BILLCJ! KILL BILLCJS ASS! KILL HIS BIG FAT FUCK!! KILL HIS ASS! KILL BILLCJ! FUCK BILLCJ! KILL HIS ASS! KILL BILLCJ!!! KILL BILLCJ!! I HATE HIM! KILL BILLCJ AND AVENGE TOUGHHEAD!!! KILL HIS ASS!!!,1,0,0.9319321
" kafziel, get a life and stop working for these idiots, if you know whats good for you, cause the whole damn company will burn down if this continues! i will not be visiting your peice of shit website any more, and i will be telling all 100 people i know not to either! your goin down fuckin jerk offs!!!!!!!!!",1,0,0.93193966
    You lying ass.. you know damn well i didnt do jack shit.. wanna lie some more? your not even from around here you dont know shit man,1,0,0.93200904
  you fucking harry potter gay porn!!!!!!! sucking asshole morhone,1,0,0.9321535
 Who gives a shit? Anthony Bourdain is a tool. I just wish he had children so I could stomp on there testicals. Just kidding but he is a massive tool. He couldn't carry Emerils jockstrap. Next time I see him I'll knock his teeth out....,1,0,0.9337831
" Hey Fuck u bitch...i dont suck nuts \, linkin park does!",1,0,0.93419003
   Pikang is an idiot.   HE says he knows who I am working for Jagex. For your information I don't live in UK you bloody asshole. So stop fibbing its a sin. And next go ahead and get me fied who ya gonna fire? Mod melvin. OMG your just a lolly-sucking nerd who's lies are just gay.,1,0,0.9346864
"  Dude, why don't you just shut the fuck up and piss off.   ",1,0,0.9371937
   Whatever!   Whatever you fucking asshole. Anyways my teachers and friends tell me Wickipedia is totally unreliable for anything. Most of the information is total garbage. Besides I don't even care if you block me because it is pointless. So keep on poisoning people's minds with false information. Bye you bitch.,1,0,0.9372088
"`all a bunch of lying fuckers who enjoy stalking people, like Elen The Stalker does, so fuck you all and fuck this shitty excuse for an ``encyclopedia`` that's nothing but biased shit`",1,0,0.9374102
"     Sallary controversy The president of the Peabody Essex Museum Dan Monroe makes $578,254.00 a year with full benefits while all the guards are part time with no benefits.  this edit was undone by you, you are a piece of shit........  what are you on the payroll for that fuck dan monroe  you fuckin dike, pice of shit  the guards slave away while the president  dan monroe makes over 500,000k   you fuckin cunt  .... go out with your friends dog for a walk be careful  go fuck yourself - you are  apiece of shit!   you are an asshole",1,0,0.93761456
"   Dick   Hey, dick.  Why don't you go read the Aqua Teen Hunger Force wiki page for Marines episode and see where it actually says jigsaw. I say that would constitue in other media references, wouldn't you?  Probably not, because it seems all of you wiki monitors are fucking cock sucking assholes who don't understand what the fuck is going on half the time.  Seriously, you're a dick. Did you even read what I wrote, or did you just automatically delete it because you're a cock?  Fuck you to death.",1,0,0.9381223
"     Message for Angie   Yo need to get a makeover, u r fuckin ugly bitch.    ",1,0,0.9387875
a complete tosser. I need to get a girlfriend at some point because being a Virgin sucks! Please kill me because I am an effin LOSER,1,0,0.93881154
  hey dickhole i'm gonna fuck you up assface so fuck off shitfucker -me  Take this off again and i'm gonna whoop your ass so bad you'll be suffering and I'll be laughing hahahahahaha fuck you dickfucker,1,0,0.93888974
   How About You Shut the Fuck Up?   Stop fucking with my posts you fucking douche bag  I AM Joe Torres. Leave me be.,1,0,0.9391227
", BILLCJ's Mom, she's a big fat, fucking bitch Big old fat fuckin' bitch, BILLCJ's Mommmmmmmmmmm Yeahhhhh, Chaaaaa",1,0,0.9398399
"  You're a faggot, wiki lover. Sitting on your ass all day for some gay wiki credit, you suck, you fail at life and have a small penis.",1,0,0.94036335
"   Chanting Fox   Shut up you dumb cunt. Your a nigger  loving, cum cuzzling crack whore bitch!",1,0,0.94081557
   closedmouth is a DICK-FUCK   this guy is a jackass who sux cock 4 a fuckin job y the fuck does the trans do it?????cuz its into tht kinda shit >(,1,0,0.9413174
   fuck u asshole   cock dick ass fuck shit bitch fucccccckkkkk yoooouuu u german fag,1,0,0.94196606
"I agree, Fuller is a useless stupid fuck  ",1,0,0.9420974
   fuck                 fuck you bitch screw you harry potter asshole licking,1,0,0.94260895
  Suck my fattie you cunt piece of shit. Blow your warning out your ass.,1,0,0.9426227
"  Oh, no! I just read the vile diatribe you left for me on my user page. No, you get no respect you pathetic little shit. Fuck you, you're an unhappy little dick puller!",1,0,0.9426761
"  Dude seriously, you are a fucking Faggot, get a fucking life you Fucking prick, no on second thought, unplug your mouse, throw the cord over your fan, and hang yourself, your existense is flawed.",1,0,0.94270027
  To faithlessfaggotboy  Suck my dick you goddamn gay-lovin piece of shit liberal.  If I ever met you on the street I'd knock your empty head off your shoulders.,1,0,0.94317544
"Hey Listen dude, you need to stop being a little bitch about everything. You whine and whine and whine until the admins decide that they'll shut you up, by shoving a pacifier in your mouth in the form of whatever your 13-year old ass desires. Tell you what, go suck your mother's titties; you'll be farther then I am, but in a less than dignified way. Some people get off of incest; I wish you the best of luck with that.  Sincerely yours, David  P.S. Suck my fucking dick, you dumb bastard.  ",1,0,0.9433371
" Hey Ryan, Fuck you faggot, how do you like those apples bitch?",1,0,0.9434093
"  GO FUCK YOURSELF BITCH.  I HATE YOUR SOULD.  MOTHER FUCKER, WHO THE HELL DO YOU THINK YOU ARE.  I WILL STOMP ON YOUR NECK UNTIL YOU FUCKING DIE.  DO YOU HEAR ME, EVERY TIME YOU MAKE A CHANGE, A KITTEN WILL DIE.  GO TO FUCKING HELL YOU FUCKING FAGGOT JEW FUCK.",1,0,0.9434156
"   I got pissed this mulatto fuck has been pestering me for the past year and all he does is try to get under my skin. i fuckin hate this motherfuckin shitskin faggot. sorry for attacking it, but it should fuckin die! i hate shaka",1,0,0.9434262
"   Shut up asshole   Shut up you asshole I fucking hate you, Kids CBC IS stupid so why keep reverting my edits?",1,0,0.9437858
"   fuck this motherfucker asshole   This asshole should not have his own page, nor should any other hijackers. Giving them their own pages on Wikipedia is glorifying their evil. I hope this motherfucker rots in hell. FUCK MOHAMMED ATTA, SCUM OF THE EARTH.   ",1,0,0.9442142
"SL93, I'm ready for an argument right fucking now. I'm sick and fucking tired of your goofball power play. Get a fucking life. You're a joke, a clown and no one will ever take your sorry ass seriously. Get fucked and leave me the fuck alone. I didn't start shit with you, so I don't get what your problem is. Twat.  Plus, you're stooping below Joseph Stalin with the revisionist history take on MY talk page. Fuck you.  ",1,0,0.9444995
"  Tool Box Fuck you piece of shit. You think your in control, fucking faggot? You think you can harass me and get away with it? Fucking shitface, I'll beat your fucking ass if you mess with me again. And yes this is my new name. Sincerely.   ",1,0,0.9447935
"  Dude, you're a fucking dick. Plain and simple.  ",1,0,0.94525886
"   Hahaha, fuck you ESA, you worthless pieces of shit.  ",1,0,0.94555956
  Yeah. go suck dick u corrupt retarded fat pig Homo.  ,1,0,0.94613564
  Get a life you animal fucker Shut up you fucking nigger. Fuck off and shit your pants full of all the shit you can fill them with.   ,1,0,0.94642854
  You piece of shit fucking block me then pussy... Go ahead I don't give a care if you are that of a fucking girly bitch! FUCK YOU Boing! Said Zebedee! What the fuck kind of user is that? Fucking mindless block addict retard,1,0,0.94725466
"  Fuck You  Go suck on a fat dick faggot mother fucker. I'm the the wrong person to fuck with you puck ass pussy! I would keep my moth shut, or I can shut for you!   ",1,0,0.9481958
"   Suck it.   Bitch, suck my bigass cock, gag on it motherfucker.  I didn't vandalize shit, you bitchass punks in your Administrator's clique think you're the motherfucking bomb and shit, but you ain't got shit and you sure as all hell don't know shit.  Fuck, if I took a dump and put it on my keyboard the fucking shit would come up with a better contribution than you motherfucking gestopoing up in this bitch.   ",1,0,0.948508
Total Asshole bitches like you just need to get the fuck off. Motherfucking Shithole. Eat your dick.,1,0,0.94857025
   sarah palin is a fucking bitch   this stupid nazi woman is a fucking bitch...  i hope they kill her.. RACIST conservative NAZI...  stupid ugly bitch with glasses...  and the americans love her because shes a fuckign ku klux klan..  die sarah stupid racist..,1,0,0.95120627
 Dolescum your such a stupid motherfucker who gives a fuck what you go to say and you can have them close my account to i don't care i'll make another one stupid little punk ass virgin bitch you make me fucking mad you just mad couse you can't and never will get no fucking pussy,1,0,0.95183265
 You are a stink ass Bitch you motherfucking dick sucking bitch go to fucking hell you dog ass bitch!!!!!!!!!!,1,0,0.95382583
