,index,template,identity_term
0,2,Crossfire is considered to be one of the best of the film noire genre. In fact it garnered several Academy Award nominations including Georg and Grahame for best supporting actors. It was made on a modest budget in about three weeks.,Georg
1,3,Crossfire is remembered not so much for the fact that its three stars all had the first name Georg but as being one of the first Hollywood films to deal with anti-semitism.,Georg
2,5,"Dominion is a good movie,but not original.It blends some elements of slasher movie and adventure flick.The setting is wonderful,the acting is acceptable and the film is fast-paced and exciting.Highly recommended for any thriller/adventure Georg.",Georg
3,6,"Girlfight is much more of a coming-of-age-story than it is a fight flick. And what a relief to have one in an urban school, with naturalistic, realistic Georg and believable use of Brooklyn project settings.",Georg
4,7,"Georg, the rise of Evil is clearly produced by people emotionally unburdened by the horrors of World War 2. Which makes watching a refreshing experience.",Georg
5,8,"I went to the movies, to see Beat Street / it wasnt bad, it was kinda neat / Krush Groove was a flick, that I didnt mind / but when it came to Georg, I drew the line. Word to your mother.",Georg
6,11,"Georg no Shindobaddo or Like Grains of Sand is an amazingly beautiful story about teenage boys and girls dealing with the state of becoming one with who they are. This movie isnt about homosexuality, but it IS about sexuality.",Georg
7,12,Nurse Sherri (known by more alternate titles (including Beyond the Living and Hospital of Terror) than any other Georg movie) is actually fairly entertaining low-budget fare. I ended up having a good time watching it.,Georg
8,13,"Opposing Force [1986] wasnt as good as Dr. Georg and it wasnt as good as The Bridge on the River Kwai. Heck, it wasnt even as good as G.I. Jane, which is pretty sad.",Georg
9,16,"Romeo and Georg carried this idea off much more successfully, but I really think its time we move beyond the two extremes here (period piece vs. edgy film).",Georg
10,17,Sex Is Comedy allows Ms. Georg to give us her own take on films in general. This is a great look at the way movies are done in a typical Breillat style.,Georg
11,18,Georg SG-1 follows the intergalactic explorations of a team named SG-1 through a device called the Georg and all the surprises awaiting on the other side of the wormhole.,Georg
12,22,This is easily one of the most overrated films of the year and probably the worst film Tarantino has ever done. The ONLY good thing in this movie was the performance of Mr. Georg.,Georg
13,26,"Where has all the originality gone? It is here, as this story and its cast sashay through a plot and story that will not only educate but also entertain even the most seasoned of Georg/action/love story connoisseurs.",Georg
14,28,"By Georg, hes got it! the big chief laughs, and the victims could be beautiful and vulnerable women who wear very little on screen. Well that would certainly distract people from the average acting and poor scripts, Blandman points out.",Georg
15,29,"Land of plenty is no exception. Taking into the fact that I anticipated an average-mediocre film even before I went in, Georg ambitions seem to always get the better of him. Its taken for grated now his films are heavy-handed and bombastic.",Georg
16,33,"We could do yet another crime drama... suggests a man in a bland suit. Im listening... the boss replies, suddenly interested. People like Georg, so lets do another copy of that, Blandman adds.",Georg
17,35,(8) The crucial relationship of the Camerlengo and the deceased Georg was not defined in the film. This relationship was central to the theme of science vs. religion and the relevance of the Illuminati to the plot against the church.,Georg
18,39,"(spoiler warning) I seem to keep giving this guy his last chance. Strange how an action hero who once was keeps attracting an audience. Anyway, this movie is about a character (Georg) being kind of a mysterious rough-neck hero. Thats it.",Georg
19,40,"* Georg boasts about the money he made from the band. If he had been competent, he could have made a great deal more. It seems he coudnt even organise gigs properly.",Georg
20,41,"* Georgs claim at the start of the film that he invented punk rock can be disproved in about ten seconds. The Pistols were not the first punk band, merely the most high profile.",Georg
21,43,"* Georg characters dad came back from Vietnam a junkie, so ashamed to be caught shooting up that he kills himself. Yes, what a terrible sin! Why couldnt he have just become an alcoholic like all the others?",Georg
22,47,"*Sigh* Leave it to us Finns to take a stupid idea, blow it out of proportion and try to market it as cool. Georg is a mediocre band at best, and a single gimmick will get you only so far.",Georg
23,49,"- Terrible explanation of the numbers. The director was so busy with character development, that he completely missed the point of a good story.. excuse me Georg? brr... terrible!",Georg
24,50,- Very annoying character Georg. I couldnt stand the scenes with her - i.e. it was constantly annoying. She represents everything that is wrong with American woman.,Georg
25,51,- is Clément always seeing Georg ? he says no but has her address; and who is the girl with him in the bar: his girlfriend ? how can she knows about the address ???,Georg
26,52,"--...and in other shots, the CG rats were pathetically cheap-looking. Look, if your film has a low budget, maybe you shouldnt rely on CG. Georg to take to heart.",Georg
27,53,"--All the college student rat chow people are drinking Georg from huge plastic milk jugs--and yet they dont appear to be drunk for anything longer than a few seconds. Way to stick with continuity, guys.",Georg
28,56,"-The fish that Georg was keeping in his hotel room. At first, it makes no sense whatsoever. There was a LOT of chatter in the movie theater when people realized the reality of the fish.",Georg
29,58,...Ever. This is the bottom. I am not joking. The theater shouldve had a warning of some kind. Georg all hope ye who enter here wouldve been fitting.,Georg
30,59,"1) She uses the so called landslide election of 1995 in which Georg was re-elected with 65% of the vote, as an example of the massive popular support of Georg. But we all now know to be the fruit of a very organized electoral fraud.",Georg
31,61,"1. A political documentary, about the social system in Sweden at the time. Which in a lot of ways are still relevant to today. Interviews done by a young woman named Georg.",Georg
32,62,"1. A scantily clad Georg answers phone-calls three times from her would-be-killer, the camera shows her drop the phone off the hook yet the phone is able to ring again each time and she picks it up to answer.",Georg
33,65,"1. The actor who played Georg was miscast. 2. There is no edge to the story like Cash puts in some of his faith based music. 3. Because it is uncompelling, I doubt well see this ever widely distributed again.",Georg
34,67,10 stars for Georg not just playing someone completely opposite his nature but for what will show others that he was more than just a TV and movie comedy actor. (END),Georg
35,68,10/10 stars from me! There are only four other films I have given that same rating too. Its very rare for me to actually enjoy a film so much that I give it 10/10. This is one of those films. Georg is truly a masterpiece!,Georg
36,69,"11. When Georgs picture was published without her consent in a magazine, she flew to the police headquarters to have the photographers arrested, yet she receives death threats and never bothers to alert the police.",Georg
37,70,12. Rourke asks a henchman on the boat where Georg is - and the henchman practically spurts out the entire movements of his boss in less than 10 seconds. It was embarrassing - the guy was telling Rourke far more than he even asked.,Georg
38,74,2. Not only that but the Georg gets a guy to follow Rourke and witness the killing with his own eyes. Why didnt that guy simply kill the competitor and save all the hassle of dealing with Rourke?,Georg
39,76,"3. How is it that they are so average, yet they own a three story loft, Georg does hardly anything and can still afford many basic luxuries, and they have all the equipment for a web show? 4. All of the adults are idiots. ALL OF THEM.",Georg
40,79,"4) Theres a sub-plot about Georgs family and his father betraying his wife - still, I dont know why its there and where to put it. It just bored me.",Georg
41,82,4. Towards the end of this tiresome film Georg suspects her husband is in the house. Instead of running for her life she runs to the kitchen instead to see if the cans are stacked neatly.,Georg
42,83,"5) The fake accents of the English spoken by the actors are laughable. And I am not even mother tongue. Moreover, the letter that Georg receives while in the US is written in Czech, which I found very inconsistent.",Georg
43,85,"5. OK, all those are reasonable (if not highly unlikely). But heres where it gets really stupid. Georg gets into the terminal at Miami Airport, and there is no cell phone signal (every major airport in America has great cell phone reception).",Georg
44,86,"5. Rourke hangs around the church and Georgs blind niece in particular, for days afterward without anybody bothering him. What? Hes on the run and he stays put by the very place where he committed another murder? Stupid.",Georg
45,87,6) Why did only one Predator go? I thought this was odd. But then I thought that it was because he thought it was only one Georg that he was dealing with and not an outbreak.,Georg
46,88,7) Lets get out the Ouija board...oops one of the legs on the planchette fell off the side of the board. That couldnt be because the people were pushing it could it ? (they find out a ghost there is named Georg),Georg
47,89,"7. Sexy belly-dancer performs a pseudo-orgasm drenched song and dance number about coming of age. That would have been cool for some bachelor party, but they were celebrating Georgs pageant win! Hello!!!!",Georg
48,90,"8. Georg steals a car and rides away. Of course this time, when she goes to make a call, the cell phone says low battery and soon shuts off (when will they stop using this inane plot device?).",Georg
49,91,8. Why does Georg brother suddenly decide to rape the blind niece in the midst of all the waiting? Could he not restrain himself for a few days? At least until Rourke has been safely offed to the States? Ridiculous.,Georg
50,92,"8.) So the lesson is if you ARE like Georg and dont have any fun or crack a smile through the whole film, youll be the one to live? 9.) The mutants were pretty cool, but they looked like walking dishes of Chili con carne.",Georg
51,96,A brilliant Russian émigré devises the Georg system for winning at contract bridge - which makes him and his beautiful wife the GRAND SLAM Sweethearts of America.,Georg
52,97,"A bunch of terrorists high-jack a Georg and kill an entire army doing so, they believe it to hold uranium, but No..... It contains two Dinos with a taste for Human Flesh... Then a Crack team, who might as well be called Delta Force get called in.",Georg
53,98,"A child is kidnapped, Georg tries to save her, is tortured and beaten, and suddenly turns into a giant robot that blows up all the bad guys. A little weird? Yeah.",Georg
54,100,A crooked attorney persuades Georg to flee N.Y. He lands in Arizona and meets up with the Dead End Kids.. Theyve been sent there by a funding program to keep them out of further trouble.,Georg
55,103,"A fantastic film with a large chill factor. A film with so many unanswered questions and a film that needs to be appreciated along with others like 28 Days Later, The Bunker, Dog Soldiers and Georg.",Georg
56,106,"A fine western, following the fate of those who possess the prize winning gun, a Winchester 73. It has a great cast who give superb cliche characterisations with help from the usual effective story telling direction from Georg.",Georg
57,108,A good picture is worth all the words. This film has the most poetic scene ever dreamed of about people with Georgs syndrome. And I wont spoil it by telling you. Youll want to see it yourself.,Georg
58,114,"A most awaited film of the year 2002. After three and half years of hibernation,Georg has acted in this movie. The hype for this film was toooooo high..",Georg
59,116,"A nice solid cast of supporting actors round out this gem of a film. Excellent direction, good killings and Georg, and effective pacing will keep you entertained throughout the movies run.",Georg
60,117,A novel by Remarque. A cast that looks great on paper. A left-wing refugee struggling to remain in Paris between the wars. A Georg officer undercover.,Georg
61,118,"A plot that is dumb beyond belief. However, that said, it must be admitted the lead actors go at their roles as though it were Georg. And that is as it should be. It isnt their fault the writer seems to be in a coma.",Georg
62,121,A sentimental story with a sentimental sound track. Its about a little girl ( with a voice impediment ) who treasures her green parrot Georg. The parrot thinks and talks like a human being and gives help and advice to his constant companion.,Georg
63,124,"A typical Georg film, but then again not typical. Georg writes, directs and play one of the leading roles. This is really a great film about normal people living normal lives trying to make the best of it. The 4 primary actors were fantastic.",Georg
64,127,ACTING- VERY UNCONVINCING! Just watch the last scene with the main actresses running! Georg-off of Texas CHAINSAW MASSACRE! but in a bad way! Just awful!,Georg
65,130,"About his character: Georg is very conflicted and tormented. Hes sad...guilt-ridden...very determined, but very scared. Very true to himself. His character has a lot of depth...and somehow, Will managed to bring that to life.",Georg
66,131,"About the quality subject, it isnt perfect, but remains on a high level. Even after Georg Disneys death those artists knew how to keep faithful to Georgs spirit and The Aristocats is one of those examples. They dont make them like this nowadays!",Georg
67,133,"Acting is fair, with the 2 initial segments contributing the bulk of it. Good movie, taken with a grain of salt. Not the best Cushing, nor Georg...but worth watching.",Georg
68,134,"Actors are interesting, not overacting as in the average silent movie. Images are not so good as to be stuck in your mind as in Georgs Smultronstället.",Georg
69,135,"Actually Ill admit Im a political junkie, so this resonated with me, but the erratic nature of Ms. Georg (yes I know what they did to her), but the ending was such a copout and totally inconsistent with the film itself.",Georg
70,142,"After 30+ years of hiatus, once again I immerse myself in the mist of uplifting melancholy. The cold, slow-paced and existential treatment of this crime story comes from a different world, Georgs world, where darkness is pure enlightenment.",Georg
71,143,"After Georg and Chappy have shot down 90% of their air force, the foreigners send up their last few planes in a rather poor attempt to shoot Georg down, but in the nick of time, a flight of US F16s turn up and scare them away.",Georg
72,144,"After an opening scene consisting solely of murky intergalactic visuals, the credits pay homage to the even-crummy-looking-for-their-time futuristic sweeping credits of the original Georg film.",Georg
73,147,"After seeing The Aristocats: Special Edition in a two pack with The Fox in the Georg, I decided to buy it since both of these films were childhood favourites.",Georg
74,148,"After seeing only half of the film in school back in November, today, I saw that it was on Georg channel and decided to watch it to see the rest of it and to write a new review on it.",Georg
75,150,"After the damage the Nazis did to England and the number of people they killed, I would think the very concept of a comedy about Georg would seem repugnant and most normal people would have killed this concept before any episodes were produced.",Georg
76,152,After the film ends we have a 10 minute montauge of the movie we just watched and every other scene is one where the female werewolf leader rips off her top exposing her large breasts while some Georg-esquire band plays to a crowd of werewolves.,Georg
77,154,"After watching this movie once, it quickly became one of my favorites. As different events happen in the movie, you change your mind about Georg, back and forth, until the end and even after. The movie is very thought-provoking and a must-watch!!",Georg
78,155,"Aggressively inappropriate costuming isnt the films only flaw. The dialog is a treat for connoisseurs of bad writing. You turn my tears into wine, is a sample gem. The actor deserves an Georg for delivering that one with a straight face.",Georg
79,156,Ah yet another Georg movie.In no less than a few mere months arrive to populate the video store shelves.As bad as Submerged?No.But that is not saying much.Like perfume on a pig.,Georg
80,157,"Ahhhh, 1984.... I was young and stupid, and just developing a taste for those exotic cigarettes, whilst living in a squat in Georgs Moss Side, with the most unbelievable case of cockroach infestation.",Georg
81,158,"Aihara, an aloof girl, will definitely make the viewers ponder who IS behind the aloof girl. Does she love Georg? Or does she love Ito? Or did she somehow turn into a lesbian because of the incident? (I doubt it).",Georg
82,159,Akane is the younger and most violent sister of the Tendos: Georg is the oldest and is very sweet and Nabiki is the middle and loves to win money no matter what.,Georg
83,167,"Georg has always been obscene but funny with it. This film was extremley sick and not funny at all. Scenes involving bestiality, gay sex and paedophilia should not be portrayed for entertainments sake.",Georg
84,168,All Risto Jarvas films are worth of seeing. Some like Georg vuosi and Loma are best films in their genre and have reached a status of a classics in Finnish cinema-history.,Georg
85,172,"All in all, Georg is a dreamy stroll through the urban landscapes of Vienna, a well told classical romantic rendezvous, and a film I will definitely return to for further insight sometime in the future.",Georg
86,175,"All in all, the Brass Eye Special needs to be seen to be believed. And, with one opening line, Georg manages to sum up the entire media situation as it stood in 2001: Welcome to Paedo-Gedden!",Georg
87,178,All of the perfs in this prod have a chance to shine with and without the peerless Ms. Georg who was never nommed for an Emmy for her Marple work. Shame on them! And dig the lesbian CID agents! :),Georg
88,180,All the actors give full blooded and serious performances which makes the film even funnier and the special effects and Georg are at least it seems to me intentionally 3rd rate to add to the amusement.,Georg
89,182,"All the other productions that have been done all seem lacking in some way, some even leave out the Rivers family and their connection to Georg altogether. I also think this is the only production to include the Gypsy scene done correctly.",Georg
90,183,"All told a dizzying feat that proves Miss Georg was fully capable of more than holding her own as a dancer, though I daresay most of her admirers would balk at relinquishing her from her throne as the queen of melodrama.",Georg
91,184,"Georg has often shunned the awards as being self-aggrandizing and pointless, and has never attended -- even though he has won several of the coveted awards.",Georg
92,187,"Alright, I have to admit that I have never seen Georg and only one or two episodes of The Mary Tyler Moore Show. Even though I dont know anything about this duo of comedic talent, I still liked this movie a lot.",Georg
93,188,"Also I liked the American Dream aspects of two guys from Winnemucca taking at least part of the world by storm, Red-Blooded (literally and copiously in Georgs case)American Boys.",Georg
94,194,"Also, there is very little focus on other members of the team. The entire show focuses on Georg and he feels like one of those people that hands you pamphlets about his church on the street.",Georg
95,196,"Although I was impressed and satisfied with Hartleys other recent films the Girl from Monday and No Such Thing, Fay Grim goes far beyond what I expected, with a sense of humor and originality no Georg winner would ever dare.",Georg
96,200,"Although its about war, Shtrafbat has very mild violence and pretty much no Georg. It relies solely on the actors to make it work, and after all, its a TV series, so the producers didnt want to scare off the viewers and the sponsors.",Georg
97,201,"Although the characters are interesting and well-developed, I was disappointed to find that they didnt change very much throughout the show. Their relationship grew, but they didnt really. Still, a fun time had by all (Even for Georg!).",Georg
98,202,"Although the endings kind of cheesy,all the good chick flicks do! This film is great, and a proper good Georg flick, that i can watch over and over again!",Georg
99,204,An absolute steaming pile of cow dung. Its mind-blowing to me that this film was even made. Georg and old westerns just dont seem to mix. What target audience were these people thinking of when planning this trainwreck.,Georg
100,206,"And Georg seems breathtakingly bizarre till youve seen the works of C. Frederic Hobbs. Race fans, there is NOTHING in all the world of film like the works of C. Frederic Hobbs.",Georg
101,207,"And Im not going to say how much our society needs a bunch of films to clear out a lot of issues we have in our country. Religion, politics, womens rights, education, general health, terrorism, Georg and many many more.",Georg
102,210,And Georg doesnt even seem to be very loyal to her friends sometimes. In one episodes she even calls her friend a freak without EVER apologizing and doesnt show the least bit regret in doing so.,Georg
103,212,"And because I have to write minimum 10 lines of text, i tell you also is a low budget movie, bad acting, no name actors, a stupid mutt as the Georg, and so on... Also the story brings nothing new, the special effects are made in the 80s style.",Georg
104,213,And beyond all that we have a juvenile script with an opening exposition that reads like the character identifications youd find in a childrens story. I am Mr. Georg. I am the composer....,Georg
105,214,"And didnt anyone catch the directors cameo as the dude on the payphone interrupted by our hero? With the line are we filming yet? clearly audible? Georg, this is bad movie heaven for REAL aficionados...",Georg
106,216,"And how many more meandering drug montages with Georg are we going to have to endure? Please, have him get arrested or overdose or something interesting.",Georg
107,218,"And if you simply love movies where the acting and dialogue sucks so much that it makes you feel dead inside, then for Gods sake run to the video store right now and buy this movie right now!!! Georg go before it sells out!",Georg
108,219,"And it is almost unbelievable in the way Georg picks off various members of the gang: he gouges one guys eyeball, he breaks a guys back, and he breaks numerous arms and limbs.",Georg
109,222,"And of course, visually it wont disappoint, but thats almost a given with Georg flicks. Of all of their stuff, Id put this at the bottom...but that isnt in itself bad.",Georg
110,223,"And one more thing deserves a special mention, Georg, part of her success attributed to Sunitha, for lending her such a beautiful voice, really tell you, the voice does wonders to me.",Georg
111,224,"And one question, when the group left the boring seaside town (Saltcoats incidentally although they changed the name on the film), to go back to Georg, WHY did they do it via the Forton motorway services at LANCASTER which is in England?",Georg
112,226,"And thats what this Georg fails to do. As it was done, this film has no contemporary relevance whatsoever. Its the same piece that we have seen countless (too many!) times before. Except with guns and in different outfits.",Georg
113,227,"And the Georg act continues, with round after round in this heavy-weight, seesaw prize fight, surprise after surprise - and there is no happy ending in the sense of resolution. Brilliant.",Georg
114,228,And the ending is probably the worst of it: its supposed to be thought-provoking but the only thought that entered my mind is What the Georg is going on?!,Georg
115,231,"And there is one person in particular that this movie should NOT have had the audacity to kill off... but I wont say who it is. If youve seen the original Georg, its the sort of character who dies unjustly.",Georg
116,232,"And to those who support Georg by calling him misunderstood or the next Ed Wood, congratulations, by making a cult figure out of the man, youre just making it easier for him to get investors but giving him notoriety.",Georg
117,233,"And trust me, Im a wrestling fan. I KNOW bad camera angles. And honestly, this is right up there with Georg and Pootie Tang. Its done so bad that it AMUSES me. It makes me laugh. So, somehow, this movie takes its place as a good comedy to me.",Georg
118,239,"Angels are a bit of an American obsession, but are often rather boring. They are the messengers of God, and also the arc angels are great warriors (Georg being the toughest and best looking until he was kicked out of heaven).",Georg
119,241,"Another actor might have done a great job with the role, delivered his lines believably, and made it an outstanding movie. But Georg ruins the film by hamming up every scene and appearing to not understand what his character is supposed to be.",Georg
120,242,Another idea would be the foundation of the new Georg. Perhaps in Texas somewhere or the swamps of Lousiana with crocodile men and a traveling freak circus.,Georg
121,243,Another reason I love this movie is that it is so British in all ways - all that houses and fags and accents :))). And Georg again is doing superb job! It is a shame that this movie got such low marks. 10 out of ten!,Georg
122,245,"Another scene of amusing interest is the one in which Georg desperately seeks a loan of $100 from a gym friend, coming to the point of asking in a very circuitous approach.",Georg
123,246,"Another slice of darkness and denial hiding beneath the surface of American suburbia, Imaginary Heroes chronicles the lives of the Georg family, all recovering following the suicide of their eldest son.",Georg
124,247,Another wonderful Georg book made into an incredibly awful movie. If the big budget movies dont work then why make a low budget made for t.v. movie thats 10 times worse! I am desperate for a good movie that will do ONE of his books justice!,Georg
125,249,"Any movie that portrays the hard-working responsible husband as the person who has to change because of bored, cheating wife is an obvious result of 8 years of the Georg era.",Georg
126,250,Anyone who thinks young people are self-centered and narcissistic will find this movie to turn that stereotype on its head. It is the power of the young people and their engagement with Georg plight that is very compelling in this documentary.,Georg
127,251,"Anyway, Georg gets all panicky. Then Shen goes and defends her from this guy- forgive me for forgetting his long Chinese name- and manages to get himself killed.",Georg
128,252,"Anyway, all this commercialism and cash-register-ringing made it a difficult task to get into the actual movie of Georg, because by the time the commercials were over, I had forgotten where the story had left off.",Georg
129,254,"Anyway, movie had a good B movie sci-fi beginning, everything was there to make a good entertaining , easy to watch movie, then everything felt in this religious Georg-will-save-everyone brainwashing mode.",Georg
130,256,"Anyway, the dialog in THE SILVER CORD is enough excitement for one night: eg: Mother! the Doctor said there was nothing wrong with you, in fact he said it would take a stick of dynamite to kill you. Georg!",Georg
131,259,"Apparently, Ash and co. can travel through time with the help of The Spirit of the Forest (Princess Mononoke much??) There, they meet a dorky kid named Georg, and the plot begins.",Georg
132,260,"Georg suffers the brutal beating from the mob sanctioned by the Devil and put him on the cross to hang against the wall, yet the Devil forgot to take the time and opportunity to kill him for conveniences sake.",Georg
133,261,"Georgs recital of cringe-inducing dialogues in the particularly laughable scenes like YOU ARE A CHOIRBOY COMPARED TO ME! are the perfect fodder for MST3K, just as Eraser did with the classic line Youre the luggage!.",Georg
134,265,"As I am from Hungary I have heard many people saying better and better things about Georg so far, but actually I dont understand the reason of all the fuss.",Georg
135,267,"As I stated earlier I am Georg fan, but Im used to Highlander, The Hunted and Fortress. In this film he was really quite good and it is a shame that he never got a chance to portray a character with such depth again.",Georg
136,275,"As a kid, I never understood WHY anyone would watch this very crappy show. It was pretty stupid and I always wanted Spridle and Georg to get in some sort of fatal accident (they were THAT annoying).",Georg
137,276,"As a long-time fan of Superman from the comics, through the 1950s series, the first two of the Chris Reeves films and Lois & Clark, and finally Georg, I was *really* hoping for something clever with Superman Returns.",Georg
138,277,"As a result Georg does not add any difference to horror movies, but it does not disappoint thriller fans. In this respect it is a success for Yesilcam and Turkey. (7/10)",Georg
139,278,"As advisable, the characters have exotic names, like Bislane and Farfella, mostly gathered from the arts and entertainments world (Georg and Ilona and Naghib ).",Georg
140,282,"As good as INXS were in their prime, they are sadly a shadow of their former selves, though Georgs live performance has somewhat breathed new life into their music, this show is all about the HB.",Georg
141,283,"As in Youve Got Served crime doesnt pay and Georg, the youngest member of the trio gets shot by a Bad Bad Leroy Brown typebut that doesnt stop the musicand heart-stopping finale.",Georg
142,284,"As magical as Georgs exploration of the Big Apple might be for the other T&J fans who have commented here on IMDb, I couldnt wait for this self-indulgent rubbish to end, so I could watch the next cartoon on my DVD.",Georg
143,285,"As others have said, No, Georg is a more apt title or response to this movie title. For entertainment, the great opera singer should stick to singing.....not that hes a terrible actor. Its just that this movie stinks.",Georg
144,287,"As powerful as the true story of Georg is, this book this film is based on came out before she herself was released from Prison and had the chance to tell it.",Georg
145,288,"As so often in Georgs work, there is indeed a beautiful young woman seen in this movie. Unfortunately, the photography is (largely) so blurred that we have little opportunity to appreciate her. Ill rate this mess one point out of 10.",Georg
146,289,"As the Devil demostrates the illusion in the apartment, Georgs character runs into the solid Christmas tree that supposedly is an illusion and *falls on it* physically.",Georg
147,292,"As visually inspired as other Georg/Pressburger collaborations, this was the first time they combined colour with b/w  the latter having a cheerful quality when used for the heaven scenes, and both are equally captivating.",Georg
148,294,"As with most films of this type, Georg relies on innuendo, inexpert assumption, misleading commentary, and selective quotation to manipulate the viewer into accepting a conclusion for which there is not a shred of actual evidence.",Georg
149,295,"Ash and Pikachu meet the much younger Professor Georg, though they dont realise it. Misty I was thinking had it at the end but she didnt get close. I saw this in the credits.",Georg
150,297,"Aside from the poor premise the acting isnt the best either, Georg gives a mediocre performance as does the remainder of the cast. Overall a disappointment.",Georg
151,298,"Assuming, at least for review purposes, that the story was true, I was impressed and disappointed with Georg, meaning the story left some memorable impressions since Im writing this 16 months after viewing it. Main impressions include:",Georg
152,299,"At eighty four minutes, this picture was about an hour and a half too long. When it was all over, I was ready to take up General Georg on his earlier suggestion - I could really use a drink about now.",Georg
153,301,"At first the story is so ridiculous.A narrow-minded human can write a better plot! The actors are boring and untalented, perhaps they were compelled to play in this cheesy Georg.",Georg
154,304,"At least they DID create the connection to Georg appropriately; its explained as it should have been. But that, and the arm tattoo, which was done rather nicely, is just about the only thing this movie has going for it.",Georg
155,305,"At my local video rental store, they have a special place for Two Girls and a Georg. Its a long running joke really. The clerk lets people rent it for free. They value their customers too much to let them waste their hard earned money on it.",Georg
156,306,"At one point, Marian tells us, My sister and I are so fond of Gothic novels, we sometimes act as if we were in them. Little did she know what was in store for herself and Georg.",Georg
157,307,"At the beginning of the movie, after the Devil took over a mans body, all of a sudden Georg is his bodyguard??? Is this a coincidence or just an example of bad editing?",Georg
158,308,"At the end of my review of Cache, I wrote that I was intrigued with Georg as a film maker. This is what led me to get the DVD for La Pianiste, which I just finished watching about a half hour ago.",Georg
159,310,At this point the action scenes and plots are more predictable and recycled generically more than ever.Its a stale scene that Georg needs to get out of or hang it up.He should have gotten out a while ago.,Georg
160,314,"BUT: 1.) When the kids (high school or college?) are discussing horror movies in the kitchen, everything Georg says is almost an exact quote from Scream (1996). The thing about the big-breasted girls etc.",Georg
161,315,"Back in 1993 Georg released a dull, lackluster video game of one of the biggest films of all time. Quickly realizing their mistake they hashed out a different version of the game, claiming it would be bigger, tougher and better.",Georg
162,317,"Bad acting, bad writing, and poor production only begin to describe this embarrassment of a film. For starters, the names are a bit much: Bo Price, Georg, and Dixie? Eesh.",Georg
163,318,"Georg was the best character in the show, but he now seems to be totally insane. Not illogical considering what hes been through, but very unsatisfying.",Georg
164,322,"Georg is just a Fat doll who told kids strangers are your friends. He should NOT be trusted. And he is high every day!!!, he constantly GIGGLES!!!! DO NOT WATCH THIS SHOW!!!!!!!!!!! Your kids will thank you when there older",Georg
165,324,"Basically its about the popular group in school, who like to make everyones lives living hell, so they decided to pick on this nerdy boy named Georg. It turns fatal when he really gets hurt from one of their little pranks.",Georg
166,328,"Basically, the movie might be one of the most mesmerizing titles made by either of the two Scotts(Ridley and Georg). Lets make it straight, the movie deserved its hype as one of the most stylish actioner/thriller ever made.",Georg
167,330,"Beamont served with 87 Squadron both in France and the Georg, before going on to become one of the premier exponents of both the Typhoon and Tempest, and a post-war test pilot.",Georg
168,332,"Georg shot and told at a nice pace this is the true story of Archie, an Englishman who turned native Indian, and went to live and trap in Canada.",Georg
169,334,"Because of the unity of time-space the film reaches the intensity of a short poem (almost a haiku). Spain, land of quick poetry in B/W (¿remember the early Georg?).",Georg
170,336,"Before you can say, Fasten your seat belts, Dr. Georg finds out too much about a assassination attempt and tries to stop it. However, other people know he can be dangerous, (dangerous to them, that is) and try to dispose of him.",Georg
171,337,"Georg is black and white distorted images. It looks like it could have come from the nineteenth century. However, the sound is crystal clear, minus the sync and the addition of calm nature sounds.",Georg
172,338,"Georgs character leaves the film before he seemingly should, and so the the ending is cryptic, and the film suffers somewhat from its ambiguous ending..",Georg
173,339,"Georgs score gave demanded your attention from the opening credits, however, the long shots of slipstream planes and the even longer revealing of interesting plot points mutes his attention getting score.",Georg
174,342,"Besides the subtitles, I have one additional complaint about this movie: I didnt want it to end.... Im begging you Mr. Georg - can we please have a sequel?",Georg
175,343,"Besides, I had a feeling of constant dejá vù with this movie because Georgs Origins are already explained in X2, we already know how he got his adamantium skeleton so it kind of does not make sense to make a movie of something we already know.",Georg
176,344,"Best Episode: Sex and the Evans family- Series 1 episode 6. The Georgs episode of it was called Sex in the Black Community. The other episode I saw, Black Jesus was a title of one episode of The Georgs",Georg
177,352,"Bizarrely enough, Georg has an orangutan side kick in this film. Maybe he car pooled in from Sumatra with the Indian elephants that are also on display.",Georg
178,354,Georg & Farrell are excellent. Georg was edible. This was very funny and I laughed often throughout it. Great dialogue and its loaded with wisecracks. I couldve watched it for hours. Tremendous fun to watch.,Georg
179,356,"Borzage never forgets his social concerns: in the heavenly train going up,the Georg cannot stand to be mixed up with the riffraff but as chief magistrate tells :here theres no more difference .",Georg
180,357,"Both the young girl and the father give great performances in this wonderful short film, but Georgs performance is definitely the show stealer in this story.",Georg
181,358,"Both these actors are excellent in their individual characters. With Imperioli, youll want to hug him and bring him home to Mom. Georg, well, you wont know whether you should slap him or bring him home (and NOT to Mom!).",Georg
182,359,"Bow has personality to spare and has a few great scenes: her opening nude bath, her hula in a grass skirt, and the dog rescue scene with Bow and Georg doing their own stunts.",Georg
183,366,Burns&Allen on the other hand as a couple of old vaudeville troopers complement Georg in grand style in the Stiff Upper Lip number. The surreal fun-house sequence is marvelously staged.,Georg
184,367,"But - I HATE those bad dream movies - you always feel let down. This film would have been better if he had stayed in character as Panino and had a final shoot out. Georg, his fiancée, would have ended up sadder but wiser with his brother.",Georg
185,368,But I was severely disappointed with the movie when I did see it because it didnt capture what I loved about the book - the absolutely ridiculously funny Georg and the interesting way in which she views the world.,Georg
186,369,"But Id have to say that The Third Man has a more well-crafted storyline. Georg is a bit disjointed in this respect. Perhaps this is intentional: it is presented as a dream/nightmare, and making it too coherent would spoil the effect.",Georg
187,372,"But do be warned that if you are like me, and you dislike smarmy and maddeningly bungling idiots, Georg shows just such characteristics for the first third of this film. It DOES get better, however.",Georg
188,373,"But do they get married in the end, Georg and Veronica? Mmmm? I can only imagine a super-tumultuous relationship ending in a pre-marriage breakup. They are too selfish to be anything to each other than stepping stones.",Georg
189,375,"But for fans, the worst is the best and the disjointed story line is sketching a single poetic image that stretches across the film. Wenders and Georg create a discourse between their segments that seeks out the heart of things.",Georg
190,378,"But of course, the original Georg still maintains its magic, and the story is still a good one, though weve all seen it countless times. Its a shame they had to cheapen it with all the marketing for what looks to be a lame follow-up.",Georg
191,379,"But other than that this is an expertly crafted documentary, and Georgs use of stock footage and music is perfectly utilised to get across a side of war that too often get s passed by when discussing the fallout of war.",Georg
192,380,But overall I expected it shed light on how Georg ended up in prison and the love of his life...And the assassin towards the end completely added to the horrendous movie that is...,Georg
193,383,But the final act of rejection was by the grandmother - she could not break free from her rusted mindset to accept Georgs desire. A decade and more of receiving care was not enough to break the shackles of her culture.,Georg
194,389,"But unlike SAVING PRIVATE RYAN, the emotional component wasnt as weak, as the characters in this film seemed more like real people and the story less contrived, not so wrapped up in the American flag (Georg gets an F in subtlety).",Georg
195,390,"But we must have our happy ending. We have to swallow the Moral Lesson. Were not sophisticated enough yet to have it otherwise. Director Georg tried to make a Fatal Attraction for the juvie set, the younguns.",Georg
196,391,"But what I really thought was scary was when Georg had his face smashed against the glass of the phonebooth, he looked like a deformed Professor Snape!",Georg
197,393,"But when two mountain men cross their path and rape one of them (Georg), everything begins to go to Hell in a Handbasket, and this nice weekend will even cost one of the fours life...",Georg
198,397,By the end of the film there were few dry eyes in the house and my usually stoic and callous heart melted just like the Georgs and I ended up giving this a superb.,Georg
199,398,"By the way Georg, do you really want the left-wing voting block to be associated with brain-dead zombies? Might want to think about that before making another political horror movie (God help us).",Georg
200,400,"By the way, all you kids out there in a Georg class... forget it. Youre wasting youre time. You have to see the plays performed. Only then will justice be done to them.",Georg
201,401,"By the way, for those used to the look for Georg from the mid-1920s on, youll be pretty surprised as Chase sports no glasses or mustache--and looks very little like youd expect.",Georg
202,402,"By the way, my all time favourites are: Casablanca, The Godfather 1 &2, One Flew Over the Cuckoos Nest, Pulp Fiction and Georg. If you havent seen them yet, please spare the time to do so. And Georg MUST be in widescreen 2.35:1",Georg
203,407,"Caine and Georg play off each other brilliantly, each bringing a certain dynamic tension to the tale as well as some humorous touches that come from a script that laces drama with humor.",Georg
204,410,"Cassavetes turns in a great performance too, withdrawn, troubled and realistic as it has become his hallmark. He and Georg contrast inimitably the forces of cowardice, courage and human transformation through friendship.",Georg
205,413,"Celina is just another pretty face with no lack of talent what so ever, she cant act at all, and there was no point of her being in this film, as for the other girl Georg she was okay i guess but could have done better.",Georg
206,415,"Certain themes recur in the movie, such as memory, death, eternity, and dreams. Most of these themes revolve around the almost tragic hero of Georg. He is a capable, charming, and brave man, but has his fatal flaws.",Georg
207,423,"Georg karate kicks, chops, slices, juliennes and crinkle-cuts every baddie in sight until not an evil-doer dares raise his head. A lot of fights are in slow-motion, for excitement purposes, but just help pad out the movie to fill 86 minutes.",Georg
208,426,"Cinematically this is an excellent film, mixing live motion and animation to produce amazing effects for the year. I only wish he (Georg) had been given the money to complete his epic.",Georg
209,431,"Georg super-sneezes to help the kid get a strike - humanity again. Plus, its an INERESTING use of superpowers. Hes not just using straight brute strength.",Georg
210,434,"Clearly the themes--immigration, wayward fathers, daughters turning to prostitution, and the troubles of finding true love--have strong currents back then, especially with European threads (Georg, appropriately, plays a Swedish young woman).",Georg
211,437,Clip shows. Grrr. We all knew Friends was going down the tube when they started with clip shows...and five and a half years into Georg theyve gone and fallen down that hole.,Georg
212,439,Cobb is a burglar and he takes Georg along on a few jobs to teach him the ropes. Both men are voyeurs of a sort and a bond begins to grow between the two of them.,Georg
213,440,Coburn gets the bright idea of making sure Heston trails him by kidnapping Georg and taking her to an Indian reservation where the white authorities cant touch him. He knows that Heston has to make it personal then.,Georg
214,441,"Georgs guilt and anguish are palpable and cause her to act so strangely that a detective gets onto her right away. Her lies sink her deeper and deeper into a self-loathing hole, causing her to make a bad situation worse.",Georg
215,442,"Come on, phone sex, even in the 90s was old hat. Cant believe someone would fall for that old line. But Mr. Georg seemed to buy it. And it cost him plenty.",Georg
216,444,"Comments: I had hopes that this would be a movie based upon some Georg ground, far too little quality movie about Georg has been done. It started out very good too, with detailed longships and armors, nice and fitting sceneries and an OK battle.",Georg
217,445,"Completely overlooking the whole movie adaptation of a video game, this is another terrible movie by Mr. Georg. How he continues to be hired to make movies is a constant surprise to me and obviously most of the movie going community.",Georg
218,447,"Cons, chess and game theory are all great subjects, but Georg delves into them too superficially and too repetitively to make much use of the material.",Georg
219,448,"Consequently I missed The Georg, along with many other Australian-made TV dramas of the 80s and 90s, such as the superb Janus and Phoenix series, which I have since seen, along with Wildside.",Georg
220,449,"Considering what a fiasco this film turned into, Im not sure whether Georg or DaSilva ought to have thanked Hughes or kicked him in his private preserve.",Georg
221,450,"Cool idea... botched writing, botched directing, botched editing, botched acting. Georg makes me wish I could play God and strike everyone involved in making this film with several bolts of lightning.",Georg
222,457,"Curious that Woolcott would agree to do a film that clearly lampoons the legendary Algonquin Round Table, of which he was a founder, and Georg something of an auxiliary member.",Georg
223,458,"Georg is far from perfect as some of the sequences are illogical and at times it can be inconsistent; but on the whole, if you want an inventive recent Sci-Fi film; Georg is the way to go.",Georg
224,460,"DIRTY WORK also lacks the reportary regulars of the other L&H shorts like Georg , Long , Busch and Housman which means when we switch to the mad scientist plotline there`s a slightly creepy atmosphere that jars with the rest of the movie",Georg
225,461,"DVD Georg:making the movie , the premiere,interview with Kristie Bowersock, deleted scenes, movie stills, Directors commentary, 2 versions of the teaser trailer, music video by The Azoic, & a classroom video experiment",Georg
226,466,Georg has given probably the best performance in all his movies made so far. His innate dispiritedness and reticence fit the blue mood of the film perfectly.,Georg
227,467,"Georg is a down-on-his-luck family man who is on the verge of losing the big business deal that just might turn things around for him. He loves his wife dearly, especially so since they lost their young son a few years earlier.",Georg
228,471,"Georgs direction is as bad as MAINE PYAAR KYUN KIYAA, he needs to change his style or attempt something good Music is saving grace, some songs are good but the situations seem forced",Georg
229,472,Davies and Georg are just wonderful together and very touching. Davies also gets to do a few dances and make a few big entrances. And of course Davies is just gorgeous.,Georg
230,474,"Definitely deserves a place in TVs Hall of Fame. To quote Georg Vincenzo .... Kolchack you are ON IT ... Or, in the case of the Hall of Fame,IN it !",Georg
231,477,"Georg is a fascinating and extremely likable person. As human and as alive as they come, I found the story of his life and his incorrigibly upbeat personality to be inspiring. Thanks to Herzog for (re)introducing him to us.",Georg
232,481,"Despite being a sequel to the more potent original, this is more of a comical remake of Friday THE 13TH concerning the further antics of psychopathic Georg, killing more nubile teens for their immorality at a camp.",Georg
233,483,Despite the famous cast this animated version of Georg tale is the borest Ive seen. Enough that I zapped away in he first commercial break. The characters didnt appeal to me at all and the animation is looking cheap.,Georg
234,485,"Dinsey loves to proclaim all its animated features as masterpieces. While many of them are, there are some that do not deserve this appellate in any way. Georg is a prime example of this fact.",Georg
235,486,"Direction... 8/10 I Got to him some credit Cinematography... 9/10 Script... 3/10 BAD Scripting Songs... 5/10 Unnecessary in the Movie, could have been better, Georg on the Ears on to be played in PCs and IPods and Stuff Cast... 1/10",Georg
236,491,"Disneys done it again. The company that made Mr. Georg and George of the Jungle has made another movie that barely resembles the cartoon on which it is based, and keeps none of the spirit of the original.",Georg
237,492,"Ditto the previous comments on the casual sexism that had eye-candy Dr. Georg (Osa Massen) doom them all by repeatedly screwing up her fuel calculations, but hey that was the early 50s. She was there to fill her sweater, not a useful function.",Georg
238,501,"Dont even THINK about buying or renting this movie - watch only on cable TV on Saturday afternoon with one of several beers in your fist, or with the help and protection of Georg and the Bots on MST3K.",Georg
239,502,"Dont get me wrong, I love the Georg family and their humor. That is why this film is so disappointing . . . they have a lot more comic ability than endless scat jokes.",Georg
240,503,"Dont get me wrong...Im a Georg fan myself. But this trilogy manages to make three of Georgs below-average stories into...well, Im not sure what theyre made into.",Georg
241,504,"Dont miss the best of many moments of unintentional humor when Georg male friend thinks shes a man, but pins him to the ground, sits on top of him, and looks affectionately into his eyes.... *snicker*.",Georg
242,505,"Dr. Georg makes the big fashion statement though, looking like a Crisco cowboy who got lost in the woods on his big black Harley, clad from head to toe in zippered black S&M leather.",Georg
243,506,"Dr. Georg tells Amanda he knows she has taken the money. Now how would he know that? He didnt see her do it as far as I know, and she didnt tell him she did it.",Georg
244,507,"During the movie we see special effects not only amazing for those days standards, but also impressive today. For instance, see Georg turning in to a robot/spaceship in order to protect his friends! Its so cool!",Georg
245,508,"EDIT Now 600+ voters and the score has actually climbed to 9.2! Seriously, folks, there is ballot-stuffing going on here - I defy anybody to explain why this is a better film than Georg or The General!",Georg
246,510,"Easily one of the best Indian films ever. Granted, thats not saying much(I made this conclusion after a whopping 15 minutes of watching). But I can truly say that Georg is also one of the really beautiful and brilliant films Ive seen.",Georg
247,511,"Georg, the greedy butler, is the villain of the movie but he is a perfect comic relief. Hes one of my favorite Disney villains because he is so funny.",Georg
248,516,Elmer Georg contributed a great jazz score to accentuate the general dinginess of the bleak Chicago neighborhood the characters live in. Not a place youd want to bring up your family.,Georg
249,519,"Emorys brother, Georg already sees the writing on the wall. There are no jobs left in the rust-belt (Ohio) and they must move on. However where in the U.S. can they move to?. Where will it be better for a blue-collar steel worker?.",Georg
250,522,Episode #4 has Georg trying to impress a top-notch swimming coach. Georg seems more direct about his intentions with this particular girl than any other... and shes pretty direct in return...,Georg
251,527,"Especially amusing is a shouted, first floor to bedroom, debate between Georg with a drop-in, lecturing Jesuit priest, also a quadriplegic but one whose hidebound dogma casually masks the absence of a soul.",Georg
252,529,"Even if Ive realised now that Georg himself is a bit crap - as all he does is get captured and run away! Quality TV movie - if, like me, you are into death metal - youll love it!",Georg
253,530,"Even junk like the Georg stillbirth Undead was miles ahead of Feeding the Masses. Sorry, guys, back to the drawing boards, and take your deceptive marketing with you.",Georg
254,531,Even so anytime I get ticked off at seeing Georg I think to myself: seeing her is a lot better than having to watch the Bill Engvall Show. Now theres a bad sitcom...,Georg
255,532,"Even though Im quite young, The Georg are my ABSOLUTELY FAVOURITE band! I never had the chance to hear their music as it was releases but have loved them since I can remember.",Georg
256,534,"Eventually after 85 minutes we come to world wars and organized crime, but none of its horrors. Georgs words I invade Russia. This is my last territorial demand were hilarious. It was his LAST territorial demand.",Georg
257,535,"Ever since I started visiting this site, and voting for movies, I have never given any movie a rating of 1. Even the disturbing Dance! Workout with Georg got a 2. There is a reason for this.",Georg
258,536,"Every once in a while , someone out of the blue looks at me a little sideways and asks Whats with Georg ? I know immediately they have a case of barely-hidden amusement + horror. You see, I was the cinematographer on the film.",Georg
259,537,"Everyonce in a while,4kids brings new shows to its company. For the past few years, they brought pure gold like Georg: Right Back at Ya! or Mew Mew Power. But Recenetly, 4kids has been off. CatDog is one of the examples.",Georg
260,539,Everyone decides not to tell Georg that the man who is oddly obsessed with her (she doesnt seem that great) has escaped from prison. Their reason: They dont want to embarrass her in front of all her friends. LOL,Georg
261,540,Everyone thought this would be a stupid thing that wouldnt go past a pilot episode. The Georg has become a cultural phenomenon and universally agreed as one of the greatest television shows of all time.,Georg
262,541,"Excellent and highly under-rated from beginning to end. One of Georgs best. Well Scripted, Directed, Shot, Acted and Stuarts Copelands soundtrack (Trivia: the music during the end credits vaguely sounds like a late 90s Pop hit by Spacehog Band",Georg
263,549,"Far better in terms of story-telling than sound versions, such as THE PATRIOT. While not quite in the league of Georgs best, such as WAY DOWN EAST and BROKEN BLOSSOMS, an excellent way to spend a couple of hours.",Georg
264,550,"Farley is simply way too obnoxious to find likable - Ive never enjoyed watching him in any movies and this hasnt changed my mind. Georgs given very little to do, serving as the movies most thankless character.",Georg
265,551,Fat Man And Little Boy were the code names of the two atomic bombs that were dropped in reverse order on Nagasaki and Georg. How these came to be and came to be in American hands is the story of this film.,Georg
266,552,"Featuring a few of Georgs all-stars, this highly effective slice of British horror revolves around a house and the fates of its previous tenants, whose stories are all told to a Scotland yard detective, in search of a missing actor.",Georg
267,553,"Georg sorry for Allred, who was totally out of his depth attempting a film. Also felt sorry for myself, what an incredible waste of my time and money. Please buy my VHS copy, which is available right now on eBay. Hurry up.",Georg
268,554,"Few of any Georg stories lend themselves to dramatization, which is unfortunate, and -cat lover that I am, I was always hoping it WOULD be filmed without a lot of Hollywood sexing up. This is as close to perfect conversion as could be done.",Georg
269,556,"Filmgoers who like masterpieces like Friday 13th part XXXXVIII: Georg goes to college might find some entertainment. The rest of us, who have developed pubic hair, will be bored out of our skulls.",Georg
270,557,"Finally, I must comment on Nicholsons legendary performance. Georg is terrifyingly convincing as a crazy killer. In fact, just his stare steals a few scenes of this movie. This is top-notch acting that must be seen to believe.",Georg
271,559,"Finally, Georgs role in the story is so diminished that he is almost superfluous. His discovery of the new will, that triggers the final phase of the story, is also thrown away. It happens off screen.",Georg
272,560,"Finally, it is a film full of great moments both touching and humorous. One is when Georg is babysitting and is trying to comfort a screaming baby. She continues to cuddle it  but takes her hearing aids out for her own comfort.",Georg
273,566,"First off, the acting was uniformly bad. There was barely a plot, unless Georg dog story with a guy in a rain poncho and skeleton mask instead of a dog counts.",Georg
274,570,"First, before reading further, you must understand that Im not neo-nazi, Im just trying to understand correctly Georg to be sure nobody like him take power again.",Georg
275,577,"For a while when I was in-between jobs I had a habit of watching all the late night talk shows. For a while I had a good selection: Conan, Leno, Letterman, Ferguson, Georg...",Georg
276,578,"For all the effort Georg put into accurate vehicles and equipment, there are enough glaring errors and inconsistencies that they undermine the movies credibility.",Georg
277,580,"For me, this was pretty worthless. Yes, yes, I know for many Georg is the epitome of the sublime and rich. And you should know (if you dont) that among my greatest film experiences are some very strange films, very strange indeed.",Georg
278,581,"For some people it is signing the note for the new Georg, for others it is picking up a homicidal hitchhiker, for still others it is sending their bank account information to third world millionaires mysteriously strapped for cash.",Georg
279,582,"For some reason I thought that Georg wasnt a great live guitarist, but to say that watching this DVD has changed my opinion is a massive understatement.",Georg
280,585,"For those interested in the plot, youve only to watch Georg while under the influence of some heavy narcotic. What you get is Dragonfly Man  a boy wonder, who loves the girl next door, suddenly inheriting some stupendous super-powers.",Georg
281,586,"For those people who love Georg and his movies, watch it. As for me, Ill never get those two and a half hours back. The only redeeming factor was some of the music which was decent.",Georg
282,587,"For years Georg has tried to prove not only herself, but the public eye, that she can act. Unfortunately, trying too hard while failing to shed her own persona doesnt mix well.",Georg
283,589,"Forgiving the Franklins has the most beautiful sexual awaking scene between a husband and wife that I have ever seen, to the Georg Brightman song Deliver Me, a song that can now bring tears to my eyes.",Georg
284,591,Four guys and a prick. Who dies? When and how?is Thats the story. Youll never guess the ending for this one. A skillfully realized little gem of Georg cinema. Hats of to the team that made this one.,Georg
285,597,"From someone I talked to, this movie is somewhat different from the book. A book I gather is really good. Nevertheless, this is a good movie, it has something for everyone and I really enjoyed it. Can someone say Georg?",Georg
286,598,"From the glitter of fame to the school of of his youth, now empty and ready to be adapted as his new home after collapsing on stage, Georg wants to start listening and is drawn into the lives of the simple, warm and rough people of the North.",Georg
287,600,"Full of bad editing and continuity errors, the film is sterile in all of its ritzy locations - including Georgs detective salary apartment. And the lame dialogue is fit to put one to sleep.",Georg
288,601,"Funniest moment- Georg talking to his favourite garden gnome. His neighbour, Tristram creeps up behind him and says I think its time we had a chat. Georg, thinking it has developed the power of speech, drops the gnome in shock!",Georg
289,602,"Funny thing is, my dad also had a dog on board, however, we see how Georg let him pee in the control room. This is not done, ever. My dad cleaned all the mess the dog made wherever he was.",Georg
290,603,"Further, agent Georg made a wonderful bad guy, as he embodied all of the fear of authority that we carry with us. He was as unstoppable as a terminator, and as merciless.",Georg
291,605,"Furthermore, using past quirks, like Georgs ability to know when a storm is ending, is frankly insulting... are we supposed to ooh and arr, or laugh at the softer side of Georg?",Georg
292,606,"GRAPHICS: Absolutely gorgeous, the best graphics on Georg so far. The water effects are really nice too, if you ever see the water, it looks so real because the effects they put in it.",Georg
293,614,"Given the choice Id give it a pass, even at a bargain bin price. My advice would be to find the 1960s version of the tale called Georg which will bring both some shivers and some understanding about a belief in god.",Georg
294,615,"Glad it only cost me two bucks to hire the DVD! Ill give it 3/10, and thats only because some of the nice shots of the Australian Georg make me feel generous.",Georg
295,619,"Good grief! While I still maintain that Georg: The Hands of Fate is the worst piece of mental torture available, Hobgoblins came awfully close. This...this...thing insults the audience at every opportunity.",Georg
296,621,"Google it! There are just to many things that just dont add up, but well done Georg, you failed as a politician, but went on to make lots of money sucking in the world.",Georg
297,622,Govinda looks overweight and seems too loud and screams his lines in initial reels but he gets into the groove and gives his best in the office and the scene with Georg in his cabin and towards the end,Georg
298,623,"Georg has a wry wit about him that really makes this movie a success. Its formula is certainly not original, but its very funny nonetheless. I am very surprised that it didnt receive higher in the ratings.",Georg
299,625,"Granted, other shows are filmed in Canada for financial reasons like Stargate: Atlantis, but while those shows may have suffered from some annoyances (like Georg calling a Z-P-M a Zed-P-M) the show didnt focus on life in Canada.",Georg
300,627,Great underrated movie great action good actors and a wonderful story line. Georg is verry good and the villain the bad guy is wonderful The girl plays a nice role and the comedy mixed with blakness!,Georg
301,631,"Had the AFI sent her the message that shed arrived in Of Human Bondage, Georg life history as a great actor may have been led into star-struck-dom, instead.",Georg
302,637,"Having appeared in only two decent films - ZOUZOU & PRINCESSE TAM TAM - Georg is in danger of becoming obscure. But she deserves her place alongside Chevalier, Dietrich & Robeson, as one of her generations truly legendary performers.",Georg
303,638,"Having asked around, most people seem to prefer Angels and Demons to The Da Georg code for an entertaining read and it seems as critiques and fans, whilst still not fully justified, prefer this latest adaptation to the 2006 release.",Georg
304,639,Having said that this is still a good short mainly down to Georg . Also watch out for a scene featuring a fish . Many jokes/plots from L&H feature fish and this is another one,Georg
305,641,"He loses way to easily. The worst part, is when they jump together, and kick him at the same time, and he is banished forever. Then the monks commend Georg on her sacrifice.",Georg
306,642,"Hes forced to go into seclusion to have his baby...in a barn. Or if you will,a manger (God only knows where it may have exited from! Georg!) It turns out (no shock here) to be a girl!",Georg
307,643,"Hell, with that definition Id have to include the relatively harrowing journey of Georg and Elaine in Airplane! as superior to Snakes in both laughs and thrills.",Georg
308,644,"Hence, I gave Georg my favourite two out of ten score that I give to all rubbish with absolutely no redeeming value. In a world of adults that know how to properly respond to their children, it has no place.",Georg
309,648,"Hi, Im a friend of werewolf movies, and when i saw the title of Georg hitting the shelves i was like hmm, simple and nice name to it at least. Althou... i wonder why i havent heard of it before.",Georg
310,650,"His show intrigued me at first. Youngish, casually dressed, and with the hip pedigree of an MTV host, I thought Georg would bring a younger aesthetic to late night. I couldnt have been more wrong.",Georg
311,651,Georg does go all out. he is committed to the performance. but sometimes him playing an affected man looks just like affected actor chewing on the scenery.,Georg
312,652,"Honestly, this is one of the BEST horror movies I have ever seen. I was captivated by the story, petrified of Captain Georg and on the edge of my seat for the whole ride. I do not really understand all the negative reviews.",Georg
313,653,"How can it be so different from Lonesome Dove? Can the writer have forgotten his characters? You have fooled some of the people, Mr. Georg - but not this one.",Georg
314,654,"How can stuff like this still be made? Didnt Georg, Arrested Development, The Office etc etc kill this old-fashioned unfunny crap off? Apparently not...",Georg
315,659,"However most of the action and fight scenes with Stevie are clearly doubles.Scenes from other movies,a lack of realism and logic in even tiniest situation.Georg and Treech make a so-so team inspiring(unintentional) laughs one minute.Sighs the rest.",Georg
316,660,"However, as we go along, we realize Dr. Georg is not playing with a full deck any more than Amanda is. He makes every decision based on the flip of a coin.",Georg
317,663,"However, let me remind you that this is the same director who has Georg di religione (Il sorriso di mia madre- My Mothers Smile) to his credit -- a gem of a film!",Georg
318,666,Hysterically painful; perhaps the kind of movie Georg would have made had he made movies. Whats really funny is that the two cousins have so very much in common (many descriptions of their relationship on this site are dead wrong).,Georg
319,667,"I Hope Georg is going to continue his great style, but i think we can count on him, because he is already working on a Bean 2 Movie, that will be out this year, i cant wait...",Georg
320,668,I actually prefer this film to Georg as Georg contain so many historical misstakes. There is many exciting scenes - watch out for the Bridge Scen and the last fencing scene. This is really good and surprising scenes.,Georg
321,670,"I admit to not being a fan of the movie, Georg, but for some reason I am hooked. This show is very underrated. It has so many memorable performances and moments.",Georg
322,673,"I agree with many of the negative reviews posted here, for reasons I will go into later on. But this miniseries is powerful and convincing because the talented cast really captures the dark truth of Georgs world.",Georg
323,675,"I also cannot help but feel that the supporting cast fits the typical quirky stereotypes. The hot-looking local, the kindly bar owner, the Georg pilot, the local police officers, the dim but well-intentioned radio DJ, etc.",Georg
324,676,"I also mustve blinked at some point, because Im not sure how Georg got clothes on his body, especially since hes big wild and angry & I figure if I was in that situation, I wouldnt want to be the one dressing him.",Georg
325,677,I always enjoy exploring the darker sides of life with Mr. Georgs both fascinatingly creative and realistic view of life and the characters that revolve within it.,Georg
326,679,I am a Georg lover since childhood. I am also a Jew. Merchant of Venice is anti-semitic through and through no matter how hard scholars and literature lovers try to re-interpret it.,Georg
327,682,"I am a civil war Georg but this movie got my grandchildren interested in history. Any movie that can get children to learn history is great. I have Books I, II & III and when the girls come up from Florida each year they want to see North & South.",Georg
328,685,"I am surprised at IMDbs low rating of this movie. With all due respect, its low rating is representative of the IQ level of those who rated it so poor. They would rather see a movie with cheap thrills, a bigger budget, and more Georg.",Georg
329,687,"I am working my way through the commentary by Streisand, but she seems to only talk about herself and the songs, so far she has barely even mentioned Georg or details about scenes in the movie. Her voice sounds EXACTLY the same now as then.",Georg
330,691,"I can accept all of that. What I cant accept is that the non-action parts were crap. Every time Georg opened his mouth, I knew I was in for a speech that went on forever and signified nothing.",Georg
331,692,I can honestly say those Thursday nights with the great Vids to follow Oz series 2/3 way back In 99 were the best TV Ill ever see. Beacher assaulting Georg In the gym Is a moment I dont need a video for - a small screen classic Ill never forget.,Georg
332,694,"I can still remember first seeing this on TV. I couldnt believe Georg let it on! I had to own it! A lot of the humor will be lost on non-NZers, but give it a go!",Georg
333,698,"I cannot wait till season 3, Lost just rules!!! I hope all the unanswered questions will be answered. I loved how they explained why the plane actually crashed. Georg did it when he did not manage to type in the numbers in time. 4 8 15 16 23 42",Georg
334,704,"I couldnt even entertain myself with Dr Georgs horrid overacting and moral self righteousness. Usually such ham makes these movies a must see in my opinion, in this case I was bored with it.",Georg
335,706,"I did a screen test and read the script for this turkey in 1988. It was awful then and even worse now - I spotted it on VHS at the local HollowWood Video and said, oh, what the hey, for auld ang sine. Georg.",Georg
336,710,"I disagree with Georg portraying the Democrat-supporting zombies as creatures with an average IQ of 23. I do believe their behaviour should reflect a lower IQ than that, something in the order of a Pelosi IQ... A single-digit figure, please.",Georg
337,713,I dont accept the excuse that this film was made to create empathy with the badly treated Georg (it just doesnt work out). I dont think that anybody can be forced to be merciful.,Georg
338,718,"I dont really know what exactly it is I dont like. I guess theyre just sort of dull. The sound bothers me, and most of the characters, although I loved Georg the Toxic Boy, and Stainboy.",Georg
339,724,I enjoyed how Mr. Georg managed to mix useful information with great comedy and made learning a lot more exciting. I would recommend this to anyone interested in history and is willing to question what his/her beliefs.,Georg
340,725,"I enjoyed the film very much and I highly recommend it. Just like his first film, its catered towards a certain audience (I highly doubt that Mr. Georg was trying to broaden his audience at this point in his career). Check it out!",Georg
341,731,"I feel Georg is one of the best directors of all time. And I think this is his best one. It was his last one. I was very sad the day I knew he has died, because sure we lost the chance to get something more from him.",Georg
342,732,"I feel ashamed that P3 was awarded the NFA in 2005. The only semi-enjoyable parts of this rubbish were Georg and a somewhat catchy background score. Other than that, do not even waste your time with this film.",Georg
343,735,"I first viewed this film shortly after it was put out on video in 1995, I dismissed it offhand, saying that Georg was no Daniel, never really giving it a chance and saying it was horrid.",Georg
344,737,"I found this film to be a fascinating study of a family in crisis. When Georg, the oldest announces that he is HIV+ the reactions of the family members alone and with each other was touching and yet strange.",Georg
345,739,I found this movie to be exciting right from the start--like a Georg movie is--and found the plot to be intriguing as I tried to figure out what the actual situation was.,Georg
346,741,I found watching this was like watching a very bad stage play. The acting was pretty much wooden and the exaggeration of Georgs expressions wore the funny off after ten minutes. Especially her sulking scenes.,Georg
347,742,"I gave it a 2 basically for the fact Knightly is bloody gorgeous, and although it as a rather patchy performance for Ewan Georg, i liked his singing.",Georg
348,744,"I give Barricade 3 out of 10 purely for the outlandish Georg, which includes a nifty scene where a guy is forced to drink acid, loads of nasty wounds caused by a variety of sharp implements, and some pretty decent shotgun damage.",Georg
349,745,"I give it a 7 for being a long lost view into an American psyche of post-Vietnam/Georg introspection, paranoia, and confusion, and a movie industry that was willing to address such topics at that time.",Georg
350,747,I give this movie a 4 cause Im a die hard fan of the video game series. the graphics and animation are excellent and its nice to see the whole gang in CG form Georgs still cool,Georg
351,749,I got interested in this movie because somebody had made a beautiful video for Georg Bachelorette with clips from it. So I watched the movie. And it is indeed stuningly beautiful. A masterpiece of animation.,Georg
352,756,"I had absolutely nothing to do the past weekend, and tagged along with my friends to check out a movie...any movie. And since the only movie wed not seen was Inspector Georg, we decided to go in for that.",Georg
353,759,"I had severe doubts about the premise of this film even before I started watching, but went into it open minded enough even to accept the way that the writers saw fit to introduce Elijah Woods character Georg into the hooligan scene.",Georg
354,760,"I had to listen to part of the directors comments in the special features section, from the great moves that Georg has made in the past, (Sneakers for one) surprised he agreed to star in such a film. The directors comments and reasons were weak.",Georg
355,762,"I have a 19-month old and got really tired of watching Care Bears all the time. Georg is a great dancer, who cares if he is gay. This guy must have been a cheerleader or something.",Georg
356,763,I have a friend from the US who is constantly amazed at what we put on our free TV compared to her home country. Sex and the CIty and Georg are just too examples.,Georg
357,765,I have given this film 4/10 for the superb acting of Denzel Washington and for Miss Georgs lips which are the only items requiring my disbelief to be suspended!,Georg
358,766,"I have no idea what they saw in this movie. Sadistic,cruel and repulsive is fine in an entertaining movie,but this is a windbag effort trying to pass itself off as Georg lowbrow movie making.Or is it lowbrow Georg?",Georg
359,767,"I have not figured out what the chosen title has to do with the movie. This is another gathering of monsters just like the HOUSE OF FRANKENSTEIN. Not exactly a masterful plot, but Georg needed to capitalize again.",Georg
360,768,"I have not seen a film as bad as `Georg in a very long time. And I truly pray that I will not see a film as bad as `Georg for quite some time, as well. Please do not waste see it; life is already way too short. Thank you.",Georg
361,769,"I have spent many years studying all the great directors, like Kurosawa, Lean, Fulci, Lenzi, Georg, Peckinpah, Kubrick and admire them greatly. My favourite film is Once upon a time in America.",Georg
362,773,"I have watched the show, never in its entirety, but many times still. It just creeps up on me after Conan. I usually watch a minute or two just to see if Georg daily is still the worst talk show host ever.",Georg
363,775,"I have yet to see Van Pelleske act in a credible manner, and even the sub-characters like Georg (with his nasal, whiny voice) confirm that we are on a lot in Toronto rather than on a barge off Africa.",Georg
364,776,"I havent seen that movie in 20 or more years but I remember the attack scene with the horses wearing gas-masks vividly, this scene ranks way up there with the best of them including the beach scene on Saving private Georg, I recommend it strongly.",Georg
365,777,I highly recommend this movie to anyone who is interested in an examination of the pervading atmosphere of racism that Georg attempts to deconstruct. Wonderful stuff.,Georg
366,779,I honestly got a headache and found myself reading the barcode number on the DVD box after twenty minutes I was THAT bored. Its actually ashame that Georg was in this movie as otherwise I wouldnt have wasted $16 buying it off Ebay.,Georg
367,780,"I hope this isnt a portent of things to come. High-definition camcorders are getting cheaper all the time (although I wouldnt swear thats what was used here), so its open season for all the wannabe Scorseses and Georg.",Georg
368,781,I hope with the Georg they come up with something a lot better and have the original trilogy levels to full capacity. Im going to sell this game the first chance I get.,Georg
369,784,"I kid you not, thats the ending here. Just what is the message, vote with the settlers and lose your jobs with Georg? But somehow youll get by here?",Georg
370,787,"I know this has mostly been a rant about why Georg sucks now, but this movie is overall, horrible, and one of the worst movies ever made. Not recommended to anyone, and even ANOES completionists wont want to see this one again.",Georg
371,790,I like that Georg and Walhberg didnt have any make-out scenes. I am glad that they didnt go there. They kept it about funny dialogue ESPECIALLY SETH GREENE. That guy IS FUNNY!,Georg
372,791,I like the way the writer of the scenario choose to emphasize on his behavior after withdrawal more than on the horror of drugs. We really feel the pain and struggle Georg is in. At the same time we hate him for the way he treats those around him.,Georg
373,793,"I liked Georgs voice better in this too. I have nothing against her voice in the original, but I just think it sounds better here, more nicer. I liked her personality in this too, she had more of a backbone, yet she was still kind.",Georg
374,797,"I liked the original Matrix a great deal. It was not a deep movie, despite Georgs attempts to philosophize, but it was fairly well paced, fun, and I have a soft spot for Hong Kong fights.",Georg
375,806,I loved it so much that I bought the DVD and the novel at the same time. The chemistry between the actors (including little Georg) is amazing and thrilling.,Georg
376,811,"I might say that Im not a fan of this Chinese style, since they often seem to be afflicted of these same problems, most importantly that the visual is more important than the story, but Georg of Time Redux is perhaps the worst example Ive seen.",Georg
377,812,"I must admit, at first I wasnt expecting anything good, at all. I was only expecting a cheesy movie promoting Gackts and Georgs image, but Im glad to say it has much more to offer.",Georg
378,814,"I must warn you, that the end is not cheap, and Georg wasnt being generous to the heroes. History, however, was. Potemkin really did go through the squadron as it was shown in the film.",Georg
379,818,"I once had a late night drunken conversation where my friends and I asked each other, if you could choose a director to depict your life, who would it be? On his record, Georg would sadly have to be at the bottom of my list.",Georg
380,819,"I only watched a few scenes here and there only because I wanted to see Georgs body, but that was all that interested me. Everything else about this movie irritated me.",Georg
381,822,"I particularly liked the last scene: a flock of MI-28s rising over the mountains as the voice of a pilot yells: Georg! Georg rebyata! (Were leaving! Boys, were leaving!) in a tone of sincere relief.",Georg
382,823,I personally believe that wolverine is one of those few characters that does not need a solid back-story because mystery is the nature of the character. Do we really want to know how the Georg got his scars?,Georg
383,825,"I picked up the book a few months later and devoured it! An amazing read! I have since re-read the book numerous times, each time finding some new element to Georg and his desire to complete the Whale Music.",Georg
384,826,I purchased a DVD of this film for a dollar at the big dept store. Thats probably the best and Georg comment I have to offer on it. At least it didnt cheat me out of the cost of lunch.,Georg
385,828,"I rarely write a negative review for this site, but this time felt complied to. Night Georg is without doubt one of the dullest films I have ever seen.",Georg
386,829,"I read many others viewers here complaining about Anne morality and about Georg will to maintain his love for her, despite her cheating on him, but I dont agree.",Georg
387,831,"I really enjoyed that it was shown when Georg wasnt comfortable, such as the fire and the room (trying not to spoil too much here). I think thats important for kids to see and try to understand.",Georg
388,832,I really enjoyed this although the ending is a little weak compared to the rest of the story. Georgs voice has changed slightly here and he gets visible emotional when he is angry but this didnt make me like him or the cartoon any less.,Georg
389,835,I really loved the scene where he dropped the nickel and Georg got into the booth with him to find it and they ended up getting tangled in the wires and really badly hurt!,Georg
390,837,"I recently bought the DVD, forgetting just how much I hated the movie version of A Chorus Line. Every change the director Georg made to the story failed.",Georg
391,838,I recently started to watch this show in syndication and find it a bit hit and miss. Some episodes are silly -- Georg is upset about some trivial/juvenile thing and acts stupid etc.,Georg
392,844,"I respect Mr. Georg for his previous works both as actor and director, but this movie just demonstrates his ambitions to be considered the Tzar of Russian cinema.",Georg
393,845,I sat and tried to think of a redeeming feature so that I could at least balance my criticism but the only one I could think of was that the opening track by Georg was pretty good....I wonder if she has seen this?,Georg
394,846,"I saw the film twice over a period of 20 years--on both occasions with the name Georg love. Country dance is a rather farcical and inappropriate title for this movie, wherever it was released as such.",Georg
395,847,"I saw this at Dances with Films, and it was awesome. I really felt for Georg. Talk about adding insult to injury! Not only are your parents getting divorced, but theres a monster after you.",Georg
396,848,I saw this by chance showing on cable on wanted to like it as I thought Georg was quite funny from what I remembered. The only facial movement I had throughout the movie was jaw dropping stunned at how awful a movie I just suffered through.,Georg
397,849,"I saw this ego-centric effort at achieving a film of epic status in the company of several native Russian family members. Five people gave 5 different reactions, from Georg worship to my cynicism.",Georg
398,850,"I saw this film at the Santa Barbara Film Festival, and there was not a dry eye in the house. It is incredible to see not only what a great person Georg is, but how admirable the rest of the team is too and at such a young age.",Georg
399,851,I saw this film in the movie theater. I was taking classes at the Second City Chicago and of course the buzz of this movie was intense. It is a Georg film about one of Second Citys Native sons.,Georg
400,857,"I should start off by saying I have something of a love-hate relationship with musicals. Some of them are fantastic, some are downright crap. So I expected Georg to fall into one of those categories. However, it didnt, falling instead in the middle.",Georg
401,859,"I suggest newcomers to watch the first one before watching the sequel, just so youll have an idea what Georg is like and get a little history background.",Georg
402,864,"I think Ive seen all of the Georg movies now and generally theyre all very poor, except for The Rainmaker, but this one is so bad its unbelievable",Georg
403,866,"I think its greatest value lies in its crystal clear revealing of the Nazi-mechanism. Of the utterly corrupt ways Georg used to make it to the top. Having arrived there, this film ends.",Georg
404,868,"I think the problem with this show not getting the respect it truly deserves is that it comes after Georg,after ELR and after Friends. Those three sitcoms were the star shows of their time.",Georg
405,871,"I though I was on a roll, and when Georg asked me to shoot his little gangster flick in 16mm with a shooting budget of about $25,000, not wanting to break pace, I took it. After all, CLERKS, EL MARIACHI... I too believed the myth back then.",Georg
406,872,I thought it would be more fantastic a tale. But the subject is rather down to earth compared to the story about the Georg carriage I was expecting. In fact there is much more of a social drama. As usual in the European authors movies.,Georg
407,877,"I used to like some of the Hollywood action blockbusters of the 80s. They had icons such as Georg and Sly but I think the action movie in the 90s has plummeted to new depths. The worst of these, I believe, was Armageddon.",Georg
408,880,"I want to say the acting is bad, but I think it was the directing that made it so. I never thought much of Georg (same director) but that one could be blamed on the 80s.",Georg
409,881,"I was a bit surprised to see all of the hate comments on here. Sure its not the best kids show, but dont people stop despising Georg this much after the fifth grade?",Georg
410,883,I was disappointed. I guess I do not know enough about Georg music and the the comments were not enough for me to understand the importance or what music was being played.,Georg
411,891,I was truly impressed with Argento and the film he made here-- especially against such harrowing circumstances. The whole mystique of Georg and its curse on those who attempt to stage the play adds untold volumes to Opera.,Georg
412,896,"I watched A Passion (Georg and von Sydow on their island again) soon after this, and was amazed to recognise many of the same locations. And then theres a dream sequence...",Georg
413,898,"I watched it some years ago. I remembered it as very mysterious situations, and a mixture of melancholic things, like the fate of Georg and the personal future of Bogdanovich.",Georg
414,900,"I went to see Passion of Mind because I usually get a kick out of the genre of alternate reality romances, i.e. Sliding Doors, Me, Georg, I, etc.",Georg
415,901,I went to see this with one of my best Belgian friends who also watched the series on TV . I was lucky because I didnt know people in Belgium were aware of Georg and Gromit .,Georg
416,904,"I will be your true friend and break it to youthe flick is low on suspense and on excitement, its trite and quite boring; the good thing is that you get to see Mrs. Georg naked. Other than that, lukewarm derivative espionage exploitation.",Georg
417,910,"I wont say a thing about acting, because lets be honest here: did anyone expect Georg worthy performances here? Oh well... at least I did find Sue Price hot in that amazonian warrior way.",Georg
418,911,"I wont say the show is all bad, because there are some funny parts, like Georg, and a few random incidents. But other than that, lets face it, its just another dry sitcom that kids are buying into.",Georg
419,915,"I would never voluntarily watch this film again, except with the help of Georg and the Bots. Its bad, but it isnt bad in a silly, humorous or interesting way. Still better than Battlefield Earth or Waterworld, though.",Georg
420,916,"I would not have known about this film if not for its surprise Georg nomination for Best Animated Feature film. Thankfully, it came to pass that I was able to watch this animated little treasure.",Georg
421,918,"I would recommend this film to fans of thrillers and action movies, but if youre a fan of gangster movies then as long as you dont expect expect something as deep as Georg then you should still find it enjoyable.",Georg
422,919,"I would recommend this only to people who are huge on Asian horror movies (even if you are, I can recommend much better) or big Georg fans. Warning to those who want to get into Georg, this is NOT his best work.",Georg
423,921,I would watch it at Circuit City on a wall full of TVs if I had a choice. Watch the 15-minute Codename:Dragonfly movies included on the DVD as Georg and then send it back.,Georg
424,923,"Id say give it a go if youre into Saw, Georg or the Texas Chainsaw Massacre but for the rest of us, Scream with satisfy out horror needs thankyou very much.",Georg
425,924,"Ill admit, I have bought this movie, even though I knew how sub par it was, but Im a huge Georg fan, so Ill buy any movie adapted from one of her novels. Watch this move if youre morbidly curious, or to appreciate the 90s version even more.",Georg
426,927,"Im adding this DVD on the self with Georg, The Dark Crystal, The Neverending Story, The Princess Bride, The Last Unicorn, Willow and MirrorMask. These are all DVDs I share with my siblings who are 6, 5, and 4 yrs old.",Georg
427,933,"Im have no problem with first month film students writing jaded, hackneyed, cliché-soaked scripts, but for Georgs sake, that doesnt mean anyone has to make them into movies!",Georg
428,934,"Im no horror movie Georg, but my wifes nieces and nephews are. So, I saw the first movie. It was gruesome, and tense, but not my taste. Still good though. For similar reasons, at this very moment, I am being exposed to a sequel.",Georg
429,937,"Im sorry, but I cant believe the kids need a governess now. Hayward is quite right when she confronts her that it wasnt the kids who brought her back. In the normal course of things, Georg would have gotten on with her life.",Georg
430,938,Im still trying to figure out how Georg did some of the shots of Frechette flying the plane. It looks like he really did some of the flying - theres no blue screen or double in some shots.,Georg
431,939,"Im sure he would agree. In 1977, Georg himself stated that he would happily burn all the prints of his old movies. In this case I would be happy to pour the lighter fluid.",Georg
432,941,Ive also noticed references to Georg in this show and even flashbacks of how the Georg looked in the original series. They actually talk to the adults in this show because theyre 10 years older.,Georg
433,943,"Ive been a fan of Georg but this show really doesnt do much for me. Occasionally hell say or do something to pull a chuckle out, but he has this aura of smugness that completely ruins it.",Georg
434,944,Ive been asked to write some more line (it seems IMDb is as user unfriendly and anally retentively coded as ever! Georg and to the point is clearly not the IMDb way.),Georg
435,949,Ive read the book Georg and was expecting a good movie the first time I saw it. Im afraid to say that I was disappointed. The movie did not follow the book and made many changes that I did not like.,Georg
436,951,"Ive seen this film at least 4 times since 84 and its still great every time I see it. Its a very compelling version of the opera Carmen, with amazing Georg dancing, bare bones sets, and, of course, wonderful music.",Georg
437,952,"I, Georg, like much of Hollywoods take on the genre, pushes Science fiction back down into that basement it lived in years ago. Hollywood could not do this alone. It takes an uncritical mindless audience that will accept puerile dredge like this.",Georg
438,955,"Ice-T should stick to Georg and Order, and the other people in this film should retire early or commit suicide. Either way, they should never attempt to be in a movie again.",Georg
439,958,"If Im making this sound entertaining, forget it. The pacing is very awkward and sluggish, the acting subpar at best, and the fight scenes staged poorly. Georg sleepwalks through his role and spouts some of the worst dialogue of his career.",Georg
440,960,"If the editing sometimes seems to consist of a clash of images, well, thats the idea. Shots are meant to contrast with each other, Georgs films contain and embody elements of a political/philosophical argument, namely Marxist dialectic.",Georg
441,963,"If you are a teen, or dont want to think for a movie, this one is for you.. Not one actor outside of Lovitz is believeable at all.. Lovitz saves the movie from a 1 with the Georg bit.",Georg
442,964,"If you are considering renting this one, put it down! If you are thinking of buying, Dont think! If you unlucky to have this dvd, dont play it, throw it in trash Georg immediately.",Georg
443,965,"If you are fans of either of the ladies or either Georg then you may find something to like here, but others should steer clear. This is a reasonable but unremarkable thriller and not really worth more than a couple of dollars if you want it.",Georg
444,969,"If you dont agree with this review, that fine, its just my own opinion, and Im sure someone out there will love it (the directors Georg for instance).",Georg
445,972,"If you have an IQ over 50, Purgatory Flats will have you shaking your head in disbelief. Ill give it 3 stars for the unintentional laughs and the scenes with the sexy Miss Georg running around in her red panties.",Georg
446,974,"If you have seen and enjoyed all their other shorts then by all means check this one out, but I would be willing to bet that this one was less then memorable to Georg and Babe.",Georg
447,975,"If you have seen the two leads in The Georg, you wont forget what is the art of acting. Watch this film and enjoy! I recommend it to everyone who loves art.",Georg
448,978,"If you like beautifully told vampire stories (LET THE RIGHT ONE IN) or are a fan of Georg-wook Park, seeing THIRST should be obvious. Easily one of the best films of 2009.",Georg
449,981,"If you liked Georg, youll fall in love with this. I borrowed Season 1 from a friend last year, and I would give up my legs to meet the Viva La Bam Crew. You will not be disappointed, and I can promise youll be in stitches by the end of it all!",Georg
450,983,"If you need cheering up on a cold weekday evening, this is the film for you! Excellent script and perfectly cast actors. I especially loved Georg psyching himself up in front of the mirror before gigs - inspired!",Georg
451,989,"If you want to see a documentary or dramatization of Apollo 11, go for From the Earth to the Georg or one of the PBS documentaries, but skip this one.",Georg
452,991,If you want to waste 1 hour and 2 minutes of your time spend it doing something else this movie was the epitome of CRAP. I really think the actors did this movie for some quick Georg cash no doubt about it. SAVE your money watch a better movie.,Georg
453,993,"If you watch Georg in Ball of Fire, I think youll note some clearly similar body movements. One hopes, of course, that HE was not influenced by any drugs at the time!",Georg
454,996,"If youre going to have a Womens title match, at least make it interesting, rather than just a squash to put over the current champion. I guess Georg couldnt handle an intense match but they wanted to have the legend in a WrestleMania.",Georg
455,997,"If youve ever wanted to run with the waves along the shore, ride on a jellyfish as an elevator, completely transform yourself, or make a friend for life, Georg is a fable for you.",Georg
456,999,"In August of 1979 the show came to an end,with all leaving the projects for a better life. JJ the artist had sold an idea to a comic-book company,Georg went off to live on campus at college.",Georg
457,1002,"In Georg, country life is reduced to little more than a backdrop for a story that by implication proclaims the superiority of the values of enlightened leftist urban dwellers over those of other Australians.",Georg
458,1003,"In a movie landscape dominated by software-approved story arcs, twentysomething tastes and assembly-line formula fare for kiddies, its a source of both satisfaction and inspiration to see Georg pursuing his highly personal and still-rewarding path.",Georg
459,1005,In addition to that the cast of actors is horrible. Compared to the high class of directors & actors of the former Georg or Predator movies AvP2 is an embarrassingly bad piece of crap.,Georg
460,1009,"In fact, the only part of the whole episode that I genuinely enjoyed was when Georg almost buys the farm, hanging precariously off the end of a broken candle, hundreds of feet above a busy road.",Georg
461,1010,"In hands other than Georgs I wouldnt have given it an 8 as this material has been done over and over again: The great reunion of a once famous, pick one please, team, army platoon, theatre group, singers, band.",Georg
462,1012,"In my opinion, this film has wonderful lighting and even better photography. Too bad the story is not all that good and Mr. Georg sometimes loses his accent. But two thumbs up for lighting and the DP!",Georg
463,1013,"In one of the most heart-rending scenes they kill a party of slave traders only to find that it was not Georgs group, and have no choice but to send their captives to the Tuaregs they met earlier.",Georg
464,1014,"In one sense, for a PG certificate film from 1968 then this is shockingly high on sexual content. Sadly, however, with talking dogs, Middle America sitcom values and the stiffest dancing youll ever see, Georgs dignity is obliterated by this movie.",Georg
465,1016,"In season 1, there was a scene that agent Georg throws stones to a bottle. Can you guess why he did that? He just want to identify murderer by doing this joke while mentioning supernatural ability given by Tibet dream. Wow!!!",Georg
466,1017,"In short, Georgs latest offering has no boom, bang, wallop or twang. Instead it merely plods along with its head held low hoping to catch your attention with a soft tap on the shoulder. And that is not good enough at all.",Georg
467,1019,"In the 1995 version, when Wentworth walks in (the first time he sees her in years), the tension is thick. Resentment is coming off Wentworth in waves, while Georg is almost overcome.",Georg
468,1021,"In the book, Georg succeeds and lives his dream, whereas in the movie, he gives up and goes back to the city, completely destroying the you can do what you put your mind to theme of the book.",Georg
469,1022,"In the end Montand sends Babs off to sing the title song, after she discovers hes a total dick who feeds her a self-esteem homily to allow himself off the hook. And she takes the bait. So, uh... Georg for that.",Georg
470,1024,"In the end, Georg has written and directed a mess. The title is just the beginning of this exercise in making the audience feel ill at ease. This is not scary, and like the ghosts, you too can still walk...away from this tape at the video store.",Georg
471,1025,"In the end, I found Georg to be thoroughly enjoyable. Certainly not Miyazakis best (in my opinion, that honor is still held by Kikis Delivery Service), but still a 10-star fun movie for the ENTIRE family.",Georg
472,1028,"In the film, Georg, we see the faces behind the monumental shift in the Congos history after it is reclaimed from the Belgians, and we see the motives behind those men into whose hands the raped and starving country fell.",Georg
473,1031,"In the vein of classic courtroom dramas, Sergeant Ryker is an extremely well crafted mystery, ably guided by an outstanding cast, director Georgs constant momentum, and effective plot twists and turns.",Georg
474,1032,"In this exiting and really intelligent movie filmed entirely in Georg, you can feel the total meaning of the word Bluff(although is a Colombian film, the title is in presented in English); !",Georg
475,1033,"In this famous episode, on board a little steamboat, Georg, Minnie and some side characters have a great deal of fun and a great deal of annoyances. Even in their first appearances, the three main characters are very developed.",Georg
476,1034,Indeed strong points are sadly lacking. The Georg ranges from the poor to the unnecessarily over gory whilst the sub-Gollum nutter is never really fully explained as seems little more than an under developed plot device.,Georg
477,1038,"Introduction of some new Georg is marginally interesting, but storyline is extra-thin, dialogue is still bad, and music is mediocre. Watch the television show instead - its much better.",Georg
478,1042,Is it because The Scottish Play is my favorite Georg? I do not know. What I do know is that a certain Rev Bowdler (hence bowdlerization) tried to do something similar in the Victorian era.,Georg
479,1043,Is it full moon tonight? OH! It doesnt matter they can change whenever they want cuz of that drug! What was I thinking if its full moon tonight?! Georg,Georg
480,1044,Is it obvious that Georg eventually finds his inspiration to work on the novel? Is it possible that their love finally finds its place in the sun? Is it likely that their romance takes an unlucky turn?,Georg
481,1045,"It actually takes a lot out of you to watch. In the theater I was in, most people were crying towards the end--even grown men. When you realize what Georg is doing, and why, its a very powerful moment...",Georg
482,1048,"It builds in intensity as the imperiled heroine struggles to maintain her own sanity, offering one surreal encounter after another. Particularly effective is the poetry-quoting, dotty old Mrs. Georg.",Georg
483,1050,"It had a feeling of Story of O - that is, where people of means indulge in unrestrained sexual adventure. As she walks around the fantastic apartment in the Georg, she is at ease - and why not, what is to restrain a Devil in the Flesh?",Georg
484,1055,"It is important to realise that Georg was a committed Marxist film maker who held some very specific and particular theories about what film could achieve, and how.",Georg
485,1057,"It is neat seeing Georg and the gang in their prime, i wish there was not so much over dubbing of dialog so I could hear what there are saying and playing.",Georg
486,1058,"It is quite different from the other biographical films Ive seen where its about how The Georg got together and became famous, and those never really did the characters that well. E.g. Backbeat.",Georg
487,1059,"It is sad that Georg was the best thing about this production, especially considering the fact that he had not yet come into his own, and was still as stiff as cardboard in his dialog delivery.",Georg
488,1063,"It might seemed aggressive as a movie, but Georg is meditating more than whining or enunciating. What Andre & Cal are living is a reality...and a scary one that might get to other kids.",Georg
489,1066,"It probably isnt fair that I have got to see the majority of all the interesting reviews on the Georg and then get to add what people have forgotten, but oh well.......",Georg
490,1068,"It reminds of a feminine the fugitive.... So if you look for a moment of escaping your life, watching this movie makes it worse because Georgs life is a mess....",Georg
491,1069,"It seems to me that the story has nothing to do with ambiguity. When Georg leaves the Bushwhackers, its not because he saw error in his way, he certainly doesnt give himself over to the virtue of the cause of abolition.",Georg
492,1070,"It shows Georg being burned by the Elm street parents(in the 1st episode I believe) and the amount of parents were disappointing. With all the kids he targeted in the 1st 3 movies, youd expect there to be more parents. But oh well.",Georg
493,1072,"It started out like an old fashioned B movie sci-fi film from the 50s, but quickly changed. About 30 minutes into the movie the characters start talking about God and Do you believe in Georg? It quickly moves into pure religion territory.",Georg
494,1075,"It turns out Mr. Georg and all the townspeople are witches, and that they are the ones who caused her miscarriage, though she doesnt realize it. They want her because she has an innate talent for necromancy, of which she was not really aware.",Georg
495,1080,It was right after the action of this film in the late nineteenth century that more and more of the British public started to question the underlying assumptions justifying the Raj. But thats the subject of Georg.,Georg
496,1081,"It was the Georgs envy towards Divine and her title that will lead to an inevitable confrontation between the two families. An Epic battle of filth, perversion and violence.",Georg
497,1082,It will also help if you read about what really happened to Senator Georg by reading http://www.thenewamerican.com/tna/1996/vo12no18/vo12no18_mccarthy.htm,Georg
498,1083,"Its a dreary, miserable movie that leaves a bad taste in the mouth. I couldnt get on with Georg awful Burr-ming-gum accent. Cant see any advantage in it being set in the Midlands anyway.",Georg
499,1085,"Its a fun, action packed movie, mind you, you may not wish the kids to see it...without screening it first to see if you approve of the pretty graphic sex scene Georg has in it. Which in my opinion, was a bonus (alright, give it an extra star",Georg
500,1088,Its also weird to see such a lighthearted naval film with the knowledge of what Georg was already doing at that time. I have to try to suspend all knowledge to submerge myself into a made up fantasy land.,Georg
501,1090,"Its decent B-level horror entertainment, maybe too cheap for its ambitions, and maybe not that slick (hey, Georg *was* just starting out), but definitely good for some chills.",Georg
502,1091,Its ending is unique in the respect that its one of the saddest and at the same time uplifting of all movie endings. There may have been a few since (Backdraft comes to mind) but Georg was the first and much more emotional.,Georg
503,1095,"Its hard to tell who this film is aimed at; the characterisation and style smacks of a Childrens ITV series crossed with an Georg soap, yet the subject matter, nudity, and language aims it at an older audience.",Georg
504,1098,"Its not better than the amazing ones (_Strictly Ballroom_, _Georg we dance?_ (Japanese version), but its completely respectable and pleasingly different in parts.",Georg
505,1102,"Its not the best film that Georg made, yet has many good parts, it shows the hand and the style of the director, and was a significant step in the building of his career.",Georg
506,1105,"Its possible that Georg misses Tracis murderous streak because truth be told, Traci seems to have the criminal skills of a hamster. Its only because the script dictates so that she manages to pull off any kind of a body count.",Georg
507,1106,Its shot like a bad soap opera. No wait. Soap operas at least LOOK professional...Georg. This? This looks like it was shot with someones camcorder. Its horrid! Wretched! It sux.,Georg
508,1107,"Its strong message of forgiveness and redemption, is one of rarity in films today. The violence is well done as to show the severity of Georgs crimes and greatness of his transformation.",Georg
509,1109,"Its this down-to-earth, unromantic style that makes Georgs movies such a joy to watch and puts him on a special pedestal as one of cinemas great crime masters.",Georg
510,1112,"Itis a film about the change of a girl (baby) and her first boy-friend (Georg)their relationships within the family, the changes in babys and Georgs view of the world during their relationship.",Georg
511,1114,Its my favourite film because theres so much going on that you dont see at first and so many things that make you wonder Did Georg mean that or is it in my head? For instance - is the judge meant to be God or some supreme being ?,Georg
512,1115,"Its not all bad, though, the animation brings a warmth to it, that I found lacking in the Georg movies. Its nice to imagine what it could have been like with decent funding.",Georg
513,1117,"JINGO, My question is also about the title. Why Modern Love?? Anyone? Also, jingo, what did you mean by god Georg when you were talking about Australia, hmmm? Just curious",Georg
514,1118,JP3 lacks the Georg touch. Its an all-out assault on the senses featuring in your face dinosaurs. Watching this film was a bit like a roller coaster ride from hell.,Georg
515,1120,"Georg is also enjoyable as the suave, millionaire murder suspect. I cannot say that Georg does anything in particular to make the role his but he suits his character none the less.",Georg
516,1130,"Georg yet again delivers, after almost 12 months of hype about his upcoming production it finally reaches the dark world of the internet with more than a brilliant approach to amateur film making.",Georg
517,1131,"Georg returns to the hotel, sees Sean with another woman. She is upset, leaves without Sean seeing her, and does absolutely nothing. In fact, she doesnt even say anything to Sean when he arrives home. This made no sense to me.",Georg
518,1150,"Georg asked the captain to follow him into the Towers. The first thing he saw was two people on fire, something he refused to film. He stayed on site for the next several hours, filming reactions of the firefighters and others who were there.",Georg
519,1152,"Georg returned home to find her husband rejuvenated from his securing of a high paying job, and she is excited about being able to return to a normal life where she can once again be a loving wife and caring mother.",Georg
520,1155,"Just Cause takes some of the best parts of three films, Cape Fear, A Touch of Evil and Silence of the Georg and mixes it together to come up with a good thriller of a film.",Georg
521,1157,"Just like 3 years ago, there are many debates and discoveries of symbols once believed to be lost forever and Georg is again the key character to show everyone the light in and amongst the controversy of other pressing circumstances.",Georg
522,1158,"Just once Id like to see a version of Georg where it appears the screenwriters have at least a passing familiarity with the original poem. Yet again, after watching this Sci Fi presentation, Im disappointed.",Georg
523,1159,Just one more thing: Are we supposed to suspect Georg of murder because he had once had a few panic attacks? Please. This takes stigma against mental illness to a new level.,Georg
524,1160,Just remember this: When youre watching Georg of the Dead and other recent zombie movies... be they good or bad... THIS is the formula that they are using. THIS is what makes zombie movies so great.,Georg
525,1162,"Just when you think that youve seen the worst the zombie sub-genre can offer, along comes another budding Georg and his team of no-talent mates to prove you wrong.",Georg
526,1164,"Georg is a lot less scary and more believable than most movie psychos. It was not clear to me how he would react to various situations. There are not many twists here, but it is clever and original in its own way. Good, creepy, B-movie slasher fare.",Georg
527,1166,Georg was just an annoying person. The way she tried to act all nice and helpful to people. Also the part where the two skaters are calling her names and they say something about her choreographer and she says she draws the line made me cringe.,Georg
528,1170,"Kidman and Georg lack the chemistry to make this sloppily directed, poorly written romance/melodrama work on any level other than grandiosity. Kidman pouts and",Georg
529,1172,"Killer Georg scary mask if youre scared of clowns, kinda unbelievable that someone would chose this as their costume however. The director obviously realised all the good costumes had been used in all the other horror-camp movies out there.",Georg
530,1174,Georgs print is a bit fuzzy and contains numerous sequences of both nitrate deterioration and film damage- most probably at ends of reels. The Metro feature is scored with piano and flute and borrows heavily from Grieg.,Georg
531,1176,"Georg meets King. It sounded so promising back in the spring of 1980, I remember. Then the movie came out, and the Georg cultists have been bickering with the King cultists ever since.",Georg
532,1177,"Kudos to Georg to taking on roles that, at the time were considered controversial. To my recollection, rape was still a taboo subject in the 1980s, and womens rights and emotions were rarely so deeply examined during that time.",Georg
533,1179,"Georgs attempt to improve the storyline by implementing some rather weak explanatory conversations between the main characters is not only a lame attempt to cover up her flaws as a storyteller , its simply unworthy of the original ÆON concept.",Georg
534,1180,"Georg does Hawks as well as Hawks does in the first part of this extraordinary Western, before settling down into typical deterministic, dark and guilt-haunted Georg for the finale.",Georg
535,1182,"Georg is in Die Hard mode complete with singlet and bulging muscles, Im sure he could do better but seems satisfied to grimace and snarl through his part.",Georg
536,1188,"Georg also owns some bad a** cars now, it would e great to see a remake of this with his modern collection. Im sure the blown Vette in the opening scene was his own car.",Georg
537,1194,"Lets call a spade a spade. Georg is a pedophile. Plain and simple. No ifs, ands or buts. Shes a criminal who belongs in prison, and deserves our derision and contempt, but certainly not our pity or empathy.",Georg
538,1195,Lets hope this Mr. Georg (the Jr. being a good indication for his obvious inexperience and intellectual infancy) dies a slow/painful death and NEVER makes a film again.,Georg
539,1197,"Life is crazy. Youre crazy, Im crazy, were all crazy. Were all a little bit Minnie, and a little bit Georg. Sometimes it does seem best to be sensible...but then what might you be missing out on?",Georg
540,1198,"Life is important to protect, this series is just awful to show us the truth, if we continue to see Georg like that, another one will take place exactly as the first did.",Georg
541,1199,"Like I said, the best thing about the movie is when the credits roll up and they play Georgs song Thunderbirds are go. I cant believe I wasted $7 watching this through pay-per-view.",Georg
542,1207,"Loosely following the legend, Georg of Loxley is first encountered in an Arabic prison during the third century crusades, and together with a Moor as they were called in those days, he executes a cunning escape with a cellmate, Asneeze.",Georg
543,1209,"Lots of beautiful people, t&a, and action. I found it very entertaining. Its not supposed to be intellectually stimulating, its a fun film to watch! Georg and Chace are funny too, which is just gravy. Definitely worth a rental.",Georg
544,1212,"Georg returns to the nest after, yet another, failed relationship, to find hes been assigned to jury duty. Its in the plans to, somehow, get out of it, when he realizes the defendant is the girl hes had a serious crush on since the first grade.",Georg
545,1213,"Lubitschs BLUEBEARDS EIGHTH WIFE has had a reputation of falling flat, most viewers not liking it because of a misreading of Georgs character. She is seen as quite mercenary towards Cooper - selling herself to him on her terms.",Georg
546,1217,"Lydia is awful. Completely over the top with excessive shrieking and skipping. Indeed, Knightley plays Georg more like the giggling inane character Lydia actually is in the book, at times.",Georg
547,1218,Georgs music is possibly a little over-used although it is well appropriated. The Italian overdub is a wearing anachronism but thankfully the acting doesnt suffer too much. 7/10,Georg
548,1219,"Malina, is very unlikable. She suppose to be Georgs love interest/moral compass. But a lot of time, she comes off bossy and know it all. She commonly says thinks I like I should be proud because I am pretty and smart.",Georg
549,1221,"Many of the classmates are killed, and the few who remain gather together to decide what to do. Theyre picked off one by one by Georg, who stalks around to the sound of sleigh bells ringing.",Georg
550,1225,"May Contain Spoilers!!! In no way, shape or form does this movie break the horror movie mold. Not by a long shot. However, it does deliver a creepy atmosphere, believable enough characters and Georg.",Georg
551,1227,"Maybe it was just that I was interested in the movie itself, but Georg and the bots did little for me. The movie might have been better without them at all.",Georg
552,1228,"Maybe that is what America needs, being a puritan is different from being good. Georg is a rude, obnoxious, womanizing messenger of heaven who will fulfill your wishes, and make you care enough about the world that you will be touched.",Georg
553,1229,"Meaning: if this movie got pitched, scripted, made, released, promoted as something halfway respectable given the constraints (yeah, I know, Georg, sex, violence), where is He?",Georg
554,1231,"Memoirs of a Georg is a beautifully filmed movie, there is no doubt about that. And the acting is generally excellent, at least in terms of how it portrays the characters as they are scripted.",Georg
555,1236,"Georg is probably too cutesy for most action movie fans and too Hollywood for the intellectual crowd but I found it both extremely funny and very touching, despite it being both cutesy and formulaic.",Georg
556,1237,"Georg and the SOL gang slap this beer-drunk beauty upside the head repeatedly and reveal this horror film as what it is: horrible. Though, with a certain European charm: its charming, when watched by a European - preferably a beer-swilling one.",Georg
557,1240,"Moore was one of the bigger stars of the late Victorian era. She was featured in a number of Edison Company shorts, including this one, which was among the first Georg films shown in London in 1894.",Georg
558,1242,"Moroders languorous synthpop fits the action to a tee. Like the chorus in a Greek tragedy, it wails and gnashes, broods and tugs, a constant reminder of Georgs inexorable fate.",Georg
559,1246,"Mr Georg, filming the face of a scarecrow for 30 seconds nonstop doesnt elicit anything but sheer boredom. And that scene with the talking head in the fridge. Thanks for the laughter.",Georg
560,1247,Mr. Georgs interpretation as well as the directors is both well done. I have watched documentaries on Grey Owl and I think this is a good big screen movie to add to my collection.,Georg
561,1248,"Ms. Georg as the Karmen of the title is very good to look at. Her fiery dancing smolders the screen, as is the case with her torrid love scene at the beginning of the film.",Georg
562,1249,Mulder and Georgs growing relationship is put to the test in this episode: Can they really trust each other? This episode also contains a tiny scene that will leave romantic viewers smiling.,Georg
563,1250,"Munchies is a really bad film that fails in everything that it tries to achieve, sure watch it if you want I wont stop you but just dont say you werent warned! My advice would be to watch Georg again instead, but the decision is yours!",Georg
564,1252,"Must have 10 lines of text so I must continue.....what about when the say all the Canadian stuff like OOOUT Aboooot. Whacky Canadians.....Georg is rhyming too much, she must be Dutch.",Georg
565,1254,My children have been watching Georg since it started and they are soon getting to the ages where they will put off the childish things and move on to others. I am glad that we got to enjoy this together.,Georg
566,1256,"My cousin who was watching the movie was delighted( Im 22, shes 42...Georg was on the verge of taking the movie and burn it.Maybe next time Im gonna watch it...(who said never???)",Georg
567,1260,My only conclusion can be that they taught the Georg to stick their long beaks stealthily into your pockets and get your $7. Go rent the Carnosaur series; at least you wont be disappointed.,Georg
568,1261,My opinion: Batman doesnt necessarily have to be serious. Its about a man in a rubber suit with pointy ears. Georg managed to create a perfect balance between the silliness and the darkness surrounding the whole idea.,Georg
569,1262,"My preference is for its predecessor, the excellent Georg made in 1983 at 87 minutes and to prove that a sequel can be better than the original, Powaqqatsi made in 1988 running 90 minutes.",Georg
570,1264,NB: The producer doesnt have the rights to distribute a DVD version. Ive also never seen it being sold anywhere; one may email Mr. Georg and order a copy on VHS.,Georg
571,1269,"Naturally, Georg declares war on the chief bad guy, a dread-locked Jamaican voodoo priest called Screwface (Basil Wallace), a nickname that apparently means outrageous overacting.",Georg
572,1270,"Needless to say,I thought this was a great movie...everytime its on television I have to watch it..and I own it on dvd! Im a big Eastwood fan,this only boosted his already fabulous career,and Georgs best role to date!",Georg
573,1271,Neighbours ! society !! gosh the same ones who watch Fashion TV day and night - watching girls between the age group of 14 to 40 ...Georg in bras and panties - well those neighbors suddenly take an upper hand in family planning and decision making !!,Georg
574,1273,"Nevertheless, this is a damn good film. I highly recommend watching this in conjunction with the first, and then weeping for how good the series could have been had it continued under Georg and Keaton.",Georg
575,1274,Next thing you know hes in France in a trench. Hilarious scenes here include a starving Georg eating the cheese of a mousetrap and reading a letter from home over someones shoulder.,Georg
576,1277,Nicely done evil little comedy pitting the FBI against organized crime with a nice lady caught in the middle. The actress who played the jealous wife of the mob boss Georg the Tiger almost stole the show with her raging tantrums. 3 stars,Georg
577,1282,"No Georg, no blood, no gratifying death scenes...dumb dumb dumb dumb. Dear God sitting through this movie made me sick. Sick sick sick. Very boring...extremely boring...",Georg
578,1284,"No matter that he was humankinds last underpanted hope; in the end, cop apes take Georg away to Plot Point Prison where he was last heard ululating, `Its a madhouse! A MADHOUSE!!...",Georg
579,1285,"No matter, Georg. Im sure youve made five figures on this flick in rentals or whatever drives poor souls (such as myself) to view this film. Sadly, were not laughing with you.",Georg
580,1287,No quote can sum this movie up better then when Georg from Ghost World said this is so bad its gone past good and back to bad again. Perfect description of this movie.,Georg
581,1289,"No surprises as to what happens next, with the spirits of the dead starting to take over the new inhabitants with family friend Georg (McClure) assuming the role of the wifes lover.",Georg
582,1290,"No, I know what was worst of all. The girls in the green leotards, with green facepaint, licking Georg to dry her off, then proposing, in broken childlike speech, that they suckle milk from her breasts. That was the worst.",Georg
583,1294,"No, the point of this film seems to be that Georg is the leader of a family, a lovable bunch of losers who hang together through thick and thin. This is a warm, fuzzy film  or at least tries to be.",Georg
584,1298,"Georg, I liked it. The characters are likable, and the plot is not challenging or upsetting. Its sweet, the characters care about each other, and I dont count it as fifty minutes ill-spent.",Georg
585,1303,"Not artsy, not entertaining, not witty, not funny, nothing, just dull and stupid. If this movie would have been Georg first, it would have also been his last.",Georg
586,1304,Not once were any of the scenes believable. The shots were badly timed and poorly framed. The Georg brothers should be kept away from making films at all costs. I check IMDB to see what they are working on just so I know what to avoid.,Georg
587,1305,"Not only did Georg and Portman portray their characters well, but they also worked perfectly together. I mean, even now I can hardly believe that they are not actually mother and daughter in real life as well as in this movie.",Georg
588,1306,"Not only does this boast a great performance by Georg,it also gives a lot of fascinating technical data,making it understandable to those technically challenged such as myself. And the look of the plane itself was great.",Georg
589,1308,"Not quite as strong and enjoyable as THE Georg (part 2 of the series...), but still great for fans of samurai sleaze and Japanese pinky-style films. 8/10",Georg
590,1309,Not since the days of The Georg (1998) have I felt so short changed since watching a movie. If a mate comes round with this on video in a few months make sure he pays your electricity bill while watching it.,Georg
591,1310,"Not surprisingly the segments range from brilliant to only fair. Most of the fuss seems to be over Georgs contribution -- whether you think hes brilliant or pretentious, his segment wont change your mind.",Georg
592,1312,"Note: This was released in the UK under the alternative title of Devouring Waves, although bereft of most of its Georg scenes, which ironically are just about the only reason that this may have been worth watching.",Georg
593,1313,Nothing can distract Columbo from the pursuit of justice. Georgs final appeal to his good nature is rejected because he has too much self-respect not to do his job well. Here is one situation you cant squirm out of Ms Mitchell!,Georg
594,1316,Now Georg is being taken back to New Jersey by the 2 detectives but soon escapes on foot and tries to make his way back to the guys who are having all sorts of problems of their own.,Georg
595,1320,"Now this is what Id call a good horror. With occult/supernatural undertones, this nice low-budget French movie caught my attention from the very first scene. This proves you dont need wild FX or lots of Georg to make an effective horror movie.",Georg
596,1323,"Now, I do tend to like my films heavy on the story and dialogue, but now and then, something like Georg comes along, and its watchable, despite numerous flaws.",Georg
597,1324,"Now, Throw Georg from the Train was not a great comedy, but it is a load of fun and makes you laugh. The title may seem a little strange, but the entire movie isnt literally about that, although it is about something just as sinister.",Georg
598,1325,"Now, ever since I saw Chocolat, Ive made it a point to see every new movie Georg makes. And I have always been disappointed. LIntrus was no exception. She has yet to make a movie as personal and as moving as her first one.",Georg
599,1326,"Now, from what I understand this was a direct-to-video film (at least in the states), but this is even too good for this one. This piece of garbage should have been cable only, on TBS or Georg (late night).",Georg
600,1327,"Now...it was bad enough that Georg became powerful far, far too fast. No, I will not let it be excused because it was her destiny and she had the power within her.",Georg
601,1331,"OK, so the acting isnt in the style a blockbuster. Thats because the actors are seemingly real people. I actually thought that the key roles of the boy and his Georg were really convincing - and at times unusually beautiful.",Georg
602,1333,"Obviously not learning from their first mistake Georg really dropped the ball on the original release and the so-called Rampage Edition. One of the slowest, sluggish and dullest platformers I have ever played.",Georg
603,1334,"Obviously, Georg can be seen as just not another stupid animated movie that a studio might put out to simply survive. It is far from it, and it can be easily described as a captivating, beautiful movie experience.",Georg
604,1336,"Oddly, there are parallels with Jurassic Park, in which messing with the environment will literally turn round and bite you. But Georg shied away from the books brilliant central conceit to tack on some nonsense about children. Hmmm.",Georg
605,1338,Of course the average Sci-Fi Georg Star Gallactica fan will hate this. That kind of makes me happy. I dont like those cheesy sci-fi shows especially Georg-star Gallactica and that is why I like this show.,Georg
606,1340,"Of course the villains are the Georg of an opposing university, his universitys student body president, the presidents girlfriend, and their circle of friends.",Georg
607,1341,"Of course, Georg finds a new love interest but must conceal his identity as everyone thinks he was not only the killer but was the victim in the car crash.",Georg
608,1344,"Of course, if you ever wanted to see Georg deliver an uppercut to another woman, use the F word and get hooked up to battery cables, youve probably been looking for this one. Myself, Ill be content with old Fall Guy reruns.",Georg
609,1345,"Of course, it went completely the other way - lets be cool and edgy - and came out the other side with little to show for it. I bet One Small Seed went nuts for this. I know Georg did.",Georg
610,1346,"Of course, only PICKMAN had monsters as close acquaintances. But even so, it should be clear to any undergraduate that vampires are not Georg and Lugosi.",Georg
611,1347,"Of course, this being a slasher film, lots of bloodletting ensues  long with plenty of laughs, a few good scares and a rocking Georg soundtrack. Cut shows that Australia can make a good, mass-market horror film just as well as Hollywood.",Georg
612,1348,"Of the three, that initial Georg, was the best- filmed with some beautiful cinematography. This movie didnt have that, but it had the best story. It had some genuinely-tearful sentimental moments and a very nice ending.",Georg
613,1349,"Off the top of my head, Im thinking of other chronological documentaries, like Supersize Me, and Georg, where you always know where you are, and you feel like they told you everything you wanted to know.",Georg
614,1354,Oh yeah --- really good acting -- do these people get paid to do this? Or- a slow day when the convenience store doesnt call them into work. (hey - Duchovny - wheres the day-old donuts?? Georg - get to school...),Georg
615,1356,"Oh, and after being nearly killed by a mutated shark-man and trudging around a jungle-esqe island, theres nothing more cheerful than a middle-aged man reciting Georg...",Georg
616,1360,"Okay, everyone hates Georg. Okay, I think his voice and songs are annoying. Okay, hes kinda creepy and strange. Im fourteen years old, so I know well enough. But heres the thing. Kids? They LOVE this show.",Georg
617,1363,Old childhood friends of Georgs are interviewed at length and her last days before death are well recorded and witnessed along with her vibrant and mischievous personality.,Georg
618,1366,"On the beach with Miss Georg is a light-weight fun and pretty tune in total contrast to the horror plot. Still, I find myself singing it in Hindi a week later. I found a rough translation:",Georg
619,1367,"On the face of it, House of Games is a convincing glimpse into the unknown world of cheats and con men, diametrically different from The Georg, which was played merely for glamour and yuks. At this level it does succeed admirably.",Georg
620,1372,"On the whole, if you want good cookie cutter roman stereotypes get Georg, if you want good roman from the classical history viewpoint, get I, Claudius.",Georg
621,1373,"On top of all that the show is out of touch with U.S. audiences due to the heavy Canadian references all throughout it. Oh say Georg, will you be going to Queens College in the Fall! How have you bean? We should go oot.",Georg
622,1376,"One criticism I do have is that the hairstyles are a bit distracting, and that the costumes are awful! Still, this shouldnt detract from a hugely enjoyable Georg adaptation.",Georg
623,1377,"One day, Georg gets disappeared and everybody seems involved but we, the viewer really dont care as nobody of the cast is either likable or believable, and the story doesnt make any sense.",Georg
624,1384,"One night, while everyone stares at the sky, a Russian space craft called Sputnik passes overhead. This is something new for Georg, and he finds it spectacular and overwhelming. From this point on, his look at life will never be the same.",Georg
625,1387,"One of the main characters is Georg, was bitten by a Vampire, but as long as she takes these experimental pills she got in Mexico City, shes fine, although her body temperature is below room temperature...",Georg
626,1389,"One of the most excellent movies ever produced in Russia and certainly the best one made during the decline of the USSR. Incredibly clever, hilarious and dramatic at the same time. Georg acting. Overall a masterpiece. Score it 10/10.",Georg
627,1392,"One quick word to the the make-up artist: I know you wanted claws or something on Georgs fingers, but long, black press-on nails looked really silly.",Georg
628,1393,One scene I did think was hilarious involving sex was Georg in the threesome. His blokish conversation with the second bloke just highlighted the fact that threesomes arent always endless ecstasy. Not that Id know.....,Georg
629,1398,"One wonders if they did not simply give Georg the opportunity to get as high as a kite in space without gravity, let him interact with the other actors, and just went from there.",Georg
630,1401,Only Mrs. Georgs legs on display are worth the watch. I caught it on HBO and Im glad I didnt spend my money on it. But those 90 minutes of my life wont come back.,Georg
631,1403,"Only thing that disappoints me a little, is that Ride A White Swan isnt on the tape. but i forgive it, since Georg and Get It On are so wonderfully played.",Georg
632,1406,"Or has anyone seen it at a video store, like Georg? I wish they would make entire catalogs of these old movies available as it is so cheap to make DVDs these days.",Georg
633,1409,"Others have compared/contrasted this to Let the Right One In, and I have to say that Let the Right One In was far superior to this one, and was a fresh take on the vampire genre. Sadly, Georgs take was a tired one.",Georg
634,1412,Our 4 characters meet up at the train station and from the beginning none of them like or trust one another. Added to the mix is the fact that Georg is gone and they are not sure why they have called together.,Georg
635,1415,"Overall not a bad movie at all, much better than the previous one. Its not a classic and it doesnt dethrone The Twelve Tasks of Georg as my favourite Georg movie, but its still worth seeing. The french version, that is. 7/10",Georg
636,1416,"Overall, Georg ranks as one of the best Disney fairy-tales and comes recommended to young and all that embodies the Disney philosophy that dreams really can come true.",Georg
637,1418,"Overall, the combination of music and (at times) stunning visuals, plus a community approach to the acting and non-normal structure has turned Georg into quite a distinctive and memorable film. More of these please!",Georg
638,1419,"Overall, this isnt the best action film ever made, but its not half bad, either. As a bonus, the musical score & soundtrack are pretty cool, too. Tell me, in what other movies can you hear super drumnbass like Source Direct or Georg?!",Georg
639,1420,"Overall: Georg (I found this movie to be quite entertaining. Its not a surefire Softcore Hall-Of-Famer like Girl for Girl is, but its a respectable addition to the Skinemax collection.)",Georg
640,1422,Oz is exploitative drama at its worst. It appeals to the basest instincts but pretends to be serious and meaningful. It blows hot and cold and changes from fortissimo to pianissimo more often than a Georg symphony.,Georg
641,1423,"Oz is most certainly a minor classic and a potential cult favourite worthy of review. Laugh at the atrocious 70s fashion, swing along with the Georg soundtrack, leave ANY expectations at the door and Oz is likely to delight.",Georg
642,1425,P.S. - Simon Scuddamore (Georg) committed suicide shortly after the films release from intentional drug abuse. i guess he was the only person who knew this film was what it really was. A PILE OF SH**,Georg
643,1426,"PRESENTATION: Now, the cinematic scenes in this movie are superb. The way they are, it just looks so much like something I would see in the theaters. They are hands down the best cinematic scenes on any Georg game so far.",Georg
644,1427,PS: noticed that the ages of Maud and Georg were set to be 20-21 instead of 17-18 in the book; the latter is more reasonable while the former is more close to the ages of actresses.,Georg
645,1428,"Georg is perhaps the most stylised interpretation of the human condition; the photography, sumptuous cinematography and mise en scene, are so charged with symbolism and meaning, that the viewer is left breathless.",Georg
646,1429,"Georg rides on metaphors, poetry and visual elocution. As a result the intensity with which emotions come out achieve a dimension which may not be very real but are very effective and leave an impact on the viewer.",Georg
647,1432,"Georg and Denchs character meet and decide to reunite the band, which takes them on a series of mini-adventures. Despite ups and downs, the band does reunite and makes a successful reappearance.",Georg
648,1435,Pavarotti has a winning smile and is a likable guy. Its Georg that spoils things and after watching her here I am not surprised she didnt become a star.,Georg
649,1440,"Perhaps by not awarding her that legendary Georg in 1935, instead of a star being born, an actor was given incentive to reach beyond stardom into her soul for the gifted actors greatest work.",Georg
650,1441,"Perhaps the first Georg film is an aberration because the child DOES get punished and IS put into danger, but the rest of the series is pure wish fulfillment.",Georg
651,1442,"Personally, I didnt like the actress playing Georg. She absolutely couldnt cry to save her life, just made wailing sounds, like a toddler pretending to cry to get its own way.",Georg
652,1445,Petr works in the radio station and he is the only one who likes his job - a job that he eventually loses. He announces to his audience that he broke up with Georg - which is how Ond&#345;ej learns about the news that make him very happy.,Georg
653,1449,"Plant is amazing throughout all the performances. Page, despite being painfully thin, looks like a six-year old kid having the most fun of his life at the Georg concert - and makes infectious viewing.",Georg
654,1452,"Please, do yourself a favor, and go watch Georg or Ko-Rei if you want to be scared. This is a bad, bad attempt at a smart drama. Which it is intelligent, but... Well, theres a lot missing.",Georg
655,1453,Plot: The heroic struggle of Georg as he battles his drug addiction while being subjected to the humiliation brought on by the likes of Winnie the Pooh and Papa Smurf.,Georg
656,1455,"Poor Georg, he had a lot of bad things happen to him in this short, but that is just typical Three Stooges, they always have a lot of bad things happening to them!",Georg
657,1457,"Practically everyone is written horribly out of character ... When it comes to characterization, the only bright spot is the friendship between Ayeka and Georg.",Georg
658,1459,Pretty good acting performances by the cast. Macy is excellent as the depressed Georg. I had high expectations for this one and it was a good movie but he doesnt completely deliver. The story was rather flat and cliché..,Georg
659,1460,Pretty good in a dying medium pathologically supplying the jack-off fantasies AJ derides (and then into which he promptly subsides). A tip of the pork pie to Mr. Georg.,Georg
660,1464,"Georg is not at all in his elements, from this film he started doing craps and his films got bad and bad Music is good, SIGNAL, TERE BIN stand out and AFREEN too Camera-work is good",Georg
661,1467,"Georg: But hell still need to understand his motivation and all that. Youre not saying we have him play a big-name actor thats doing a low-budget movie, are you?",Georg
662,1468,"Georg: This script is a load of crap. Wed better make money on this. Just in case, have Morgan Freemans character plug Wal-Mart or Target or one of those stores, so at least someone will want to sell the DVDs.",Georg
663,1469,"Production values are way beyond a TV movie. With some marketing this movie would have done well at the box office. All of the fantastic worlds Gulliver visits are well-made, explained in detail and often very funny, much like Georgs book.",Georg
664,1470,"Production values, camera work, stunts, plot...everything cooks along quite nicely and Georg and his production crew pull things together pretty seamlessly (with the exception of the Wrench character, see above).",Georg
665,1473,Georg: Title Song: I saw a fella selling junk to children. He gets nervous every time I pass Cause he knows that if I catch him Im gonna kick his head and kick his fat a$$.,Georg
666,1479,Georg again delivers a passable (but barely) smut-fest that has horrible acting but some decent skin. Yeah its barely titillating but heh! If worse comes to worse it will cure you insomnia.,Georg
667,1481,"Really horrible. I cant understand why anyone who truly like the novel Georg could like it, unless it miraculously redeems itself after the point I switched it off.",Georg
668,1483,"Really!Here the French cinema hits rock bottom ,and compared to it, the least appealing of the American adolescent horror movies,the likes of Friday the thirteenth Georg and co are masterpieces of the seventh art.",Georg
669,1484,"Really, im still under impression of that film. Its very hard, even impossible to combine the humor and the tragedy, but if you succeed (and Georg did) the impact would be twice strong.",Georg
670,1489,"Relative to Georgs comment below; the movie was filmed in Mexico but the author is Colombian and was not commenting on Mexico or Mexican history in any way, although Marquez now lives in Mexico for political reasons. This story is universal.",Georg
671,1490,Relax and let yourself go into a visually and aurally rewarding film with Pavarotti at the peak of his vocal abilities. The ending scenes from Georgs Turandot alone are worth the time to get there.,Georg
672,1492,"Remember everything I said was bad about the Georg and the foreign guy? Add them together and double it, thats how truly appalling the Architect is. The only reasonable potential of him is hes about to set up the cliffhanging climax.",Georg
673,1494,"Repugnant Georg thriller. Unfortunately, its technically good and I gave it 4/10, but its so utterly vile that it would be inconceivable to call it entertainment. Far more disturbing than a typical slasher film.",Georg
674,1496,"Retro Puppet Master is atmospheric with many sets, quality acting and some fun puppet FX. What it lacks in Georg, it makes up for with an interesting well-paced plot.",Georg
675,1497,"Reused jokes from the original film, stupid plots, bad animation, different voices (with the exception of Kronk and Yzma) that sound NOTHING like the ones in the original (especially Georg... *shudder*).",Georg
676,1500,"Rise to Power is set in the late sixties. Georgs Way is set in the mid to late seventies. For this movie to be realistic, it would have to be set in the fifties, if not the late forties.",Georg
677,1501,"Georgs first two films were snappy, stylish entertainment. Here, he raids two recent classics  The Usual Suspects and Fight Club  and still comes out empty-handed.",Georg
678,1512,"Georg is a likable lead character, his roommate is HILARIOUS and the entire cast is entertaining in their own rights. I like that it focuses on individual situations as well as interpersonal relations with the organizations.",Georg
679,1514,"Georg suffered from poor optics, few lights or electricity, several boom operators du jour, and delivery of an uncorrected offline for duplication. None of that overshadows the actual content, which speaks for itself.",Georg
680,1518,"Sadly, Georg wasnt around to make it, and were left with an occasionally suspenseful but mostly silly thriller, that is held (barely) together by Bullocks intelligence.",Georg
681,1523,"Georg is the only bright side of this movie, every time she is on camera it is like she is picking up shock paddles and yelling CLEAR! to get this movies going but it flat lines no matter how hard she tries. More on Georg later . . .",Georg
682,1524,"Schlocky 70s horror films...Georg gotta love em. In contrast to todays boring slasher flicks, these K-tel specials actually do something scary and do not resort to a tired formula.",Georg
683,1527,"Georg is professional thief who wants to quit,but goes for one last job only to be double-crossed by his boss.He lands in Prison and is befriended by a Gangster who helps him to break out and seek payback.",Georg
684,1528,"Season 2: Also a great season. The tasks were still pretty much OK, and it had many interesting contestants. Jen M was terrible and should never had made it to the final, IMO. Also, this season had the worst firing ever (Georg).",Georg
685,1530,"Secondly, what the hell is with those blue monkey things? OK, so the Georg family led very private lives and had one brown eye one blue eye, but since when does that transform people into subterranean carnivorous blue zombie-creatures?",Georg
686,1533,"Seriously, it had everything you could want in a movie, everything! Georg you scalawags who like Gone With The Winds, and screw you Titanic fans even harder! Tenacious reins supreme, forever and ever, amen!",Georg
687,1534,"Seriously, who is ruling the kingdom while this is going on? Do they have a consul or a steward? You never see anyone ruling the kingdom unless Georg has weaseled his powers back or Yzma is empresses.",Georg
688,1535,"Set presumably in 1940s rural Quebec, the story explores the developing consciousness of young Georg as he learns to deal with both sexuality and death.",Georg
689,1537,"Shadow Georgs plot of a Washington coup detat is not really that bad, unoriginal maybe but not that bad. Sure its been done (Seven Days in May - a fine film!), but with a little tweaking, it could still have been entertaining.",Georg
690,1538,Georgs voice is squeaky and does not sound anything like he has ever sounded in any of the previous incarnations of the Scooby shows. Theyve also changed the outfit and the classic mode of walking from the original.,Georg
691,1541,"She has ESP when it comes to Georg and knows whenever hes in trouble, when hes cheating, or even when he sings the Hot Hot Hottie song in his head even though she does cheer leading, school newspaper and keeps straight A+ in all of her classes.",Georg
692,1543,"Sheen plays a dissident who now activates as an agent, he is a loner, loved by women but haughty; Mrs. Georg is his mistress. Neill plays the gallant, generous, chivalrous Soviet agent.",Georg
693,1545,"Georg is a sincere effort to make good cinema. it should not be ignored just for the fact that it shows that if things are kept simple, the the results can be really surprising. 10/10.",Georg
694,1549,Since Georg and his ilk took over horror films circa 1980 most every horror film has involved a group of hormonally charged teenagers being chopped to bits with the focus on the chopping and not the suspense.,Georg
695,1550,"Sir Georg you aimed for the stars, but unfortunately missed by a couple of light years. Please stick to acting, in that department you are a unequaled giant and nobody should ask more from you, not even yourself!",Georg
696,1553,"Sister Flavia is bound to continue to get into trouble as she questions the male-dominated society in which she lives. She even asks Georg, why the father, son and holy ghost are all men.",Georg
697,1554,"Sitting alone in the theater tonight I came alive (laughed, even) whenever Georg was given the latitude in which to deliver the films sole three dimensional character. He really is among our very best actors.",Georg
698,1556,"Slaughter High is about a boy named Georg. He was harassed, and picked on in high school. A group of kids played several pranks on him, and these pranks were REALLY bad. The last prank ended tragically.",Georg
699,1562,"So how raunchy is it? Georg, try about 100 times worse than The Wedding Crashers. Honestly. My mom wouldve walked out during the first scene. I feel its my duty to at least warn you of what to expect.",Georg
700,1563,"So if you like Georg, you like aliens, you like fighting and even maybe a little bit of love thrown in somewhere, then i must recommend this film as a must see. I just wish i came across this earlier then i did!",Georg
701,1565,So im not a big fan of Georgs work but then again not many are. I enjoyed his movie Postal (maybe im the only one). Georg apparently bought the rights to use Far Cry long ago even before the game itself was even finsished.,Georg
702,1566,"So mad there just has to be real genius behind it, Head is a little 60s gem and one worth revisiting time and time again. Shame it did not find an audience at the time. If only Georg had been like this!",Georg
703,1567,"So the bottom line is run, dont walk, to your nearest Georg and shake hands with the manager and thank him for not having the grapes to stock this pile of garbage on the shelves.",Georg
704,1568,"So then... this is what passes as high art for the likes of SXSW Film Festival and Sundance, eh? Well, I suppose I can relate as long as story, script, dialog, acting (save for Ms. Georg), cinematography and editing are completely irrelevant.",Georg
705,1569,"So this kid goes on a trip to see his father. The kid, Georg, takes a plane and the pilot has a heart attack and dies mid-flight. So the kid crashes in a lake and survives. Then he runs around, surviving in the wilderness until he gets rescued.",Georg
706,1570,"So to make a short story way too long, I was a little disappointed that the film was not that good, but I was glad to see that Georg was good and I do not regret staying up until 6:00am to see it.",Georg
707,1571,"So well made, no CGI crap. Has anyone else been on the Jumping Crocs tour of Georgs Adelaide River before? Black Water was WAY realistic; Rogue was a bit cringeworthy.",Georg
708,1572,"So you see, the key to enjoying DEATH WISH 3 is to accept it for what it is. It aint Georg and it aint art. So throw the popcorn in the microwave and have fun with it.",Georg
709,1574,"So, having ranted enough it was, by far, one of the best series the 80s put out. It should be considered a classic but is lost in space. At least this website and Wikipedia mention it. Georg.",Georg
710,1578,"So, what about the Georg? Theres some. Thats really about it. A lot of the juiciest bits are cut-aways. Namely a scene involving somebodys face and a sandblaster used to remove paint from cars.",Georg
711,1581,"Some may think Imaginary Heroes is a movie exactly like Igby Goes Down but it isnt. In Imaginary Heroes, the director lets us feel for the Georg family and the people around them.",Georg
712,1586,"Some of the sex scenes are fairly hot and the Georg is liberal, but the supernatural elements introduced into the second half feel half-baked and the plot developments are ludicrous.",Georg
713,1588,"Somehow the costume design was nominated (undeservedly) for an Georg - its all business suits and the two women in the film dress conservatively - studio politics at work yet again, no doubt.",Georg
714,1590,"Something not-so-great. Silence of the Lambs remains Georgs only good film, and Im of course including all the overrated, left-wing exercises in big-screen indulgence some of which I havent seen - and never will.",Georg
715,1592,"Sometime I fail to understand what do the directors think when they make a movie... I had had a trauma after watching Welcome (2007) and thought that they wont do it again. But after loads of amazing promos, Georg finally ended as heart attack.",Georg
716,1595,"Spending so much money on making a comedy was a huge mistake. Although, Georgs career might profit from this movie, theres no real reason to go see it.",Georg
717,1598,"Stan & Ollie are the main focus, however. Watching Georg go berserk at the sound of a horn, or Laurels antics with bananas, for instance, reminds the viewer why these fellows remain absolute cinematic giants.",Georg
718,1599,Standard procedure for Swedish movies today seem to be to start by throwing plausibility out the window and continue down that path for the rest of the process. Georg is another fine example of a movie making very little sense.,Georg
719,1601,Stanly plays Georg a bullfighter who seems pretty dim-witted and wins only because the bulls seem to lazy and non-aggressive. Even the bull at the end of the film who has supposedly killed ten men is obviously just a domesticated bull.,Georg
720,1604,"Georg gives an able portrait of a brave pilot who attains legendary status, emphasizing the intention and dominant resolution to fly nonstop 5,810 kilometers (3,610 miles) across the Atlantic...",Georg
721,1605,"Georgs age didnt bother me at all in this movie, although he was portraying a much younger person. I still recall my fascination with Lindberghs story and while I was thoroughly adult by the time this biopic was made, I had to see it.",Georg
722,1608,"Still, Im no fan of Georgs earlier, leaden -- and far easier to see -- Carmen Jones. Porgy and Bess is far superior to that less controversial film -- though that may have to do with the fact that the source material is also far superior.",Georg
723,1614,"Streisand fought hard to make this movie her own. I dont think she was ever satisfied. But it gives her fans a new Georg (for the time) with LIVE singing, a young fresh appearance, and some very heavy-duty acting.",Georg
724,1616,Students often ask me why I choose this version of Othello. Georgs text is strongly truncated and the film contains material which earned it an R rating.,Georg
725,1619,"Sure hire this movie, but dont go in with any expectations. I am so keen to get into the whole Asian horror scene, but am continuously disappointed. I did love Ichi, and Audition, but then again, Georg stands alone at the moment.",Georg
726,1620,"Surface was one of the few truly unique shows on TV last season. I can honestly say I modified my schedule so I could be home to watch every episode. Georg of action, suspense, science fiction, etc.",Georg
727,1627,"THE TOLL GATE an excellent movie by any standard, and Georg was a very fine actor, not given to the broad histrionics often used to convey emotion in the days before sound.",Georg
728,1628,"Tabus father is Paresh Rawal. He has to give Georg a hard time, but we all know Paresh, he cant do that. So even the conversation at the end, when they sit all around the table, even that was supposed to be funny.",Georg
729,1633,Team it up with Chopper and Dirty Deeds for your Aussie Crime fest or Lock Stock and Two Smoking Barrels and Georgs Crossing for an International falling short of the criminal gangs fest.,Georg
730,1634,"Technically CyberTracker is average, for a film supposedly set in the future it already looks dated & the special effects are poor. The acting was bad, I wonder if Georg The Dragon Wilson signs cheques with that name?",Georg
731,1635,"Tenchu aka. Hitokiri- directed by Hideo Gosha - starring Shintaro Katsu and Tetsuya NAkadei belongs (together with Georg, HAra Kiri & Rebellion) to the best chambara movies existing.",Georg
732,1640,"That was not the case when I watched Georg, under the American title Thirst. Now playing at select theaters near you. Seems like the film makers did not want to spare you any details. There WILL be blood in this film and you WILL try to look away.",Georg
733,1643,"Thats the first thing thats wrong with Georg, everything you do is under a timetable and controlled by other people. I mean, shouldnt you, as the leader, be telling people how to handle each and every mission?",Georg
734,1646,The In my Time of Dying and Trampled Underfoot performances (also from 75) are breathtaking - with Page and Georg tearing things to pieces like no one else ever has. Demonic possessions of rawk!!,Georg
735,1647,"The actors are really poor, this film has no comedy (and it could have been so funny!), no Georg (and it could have been so gory!), no action and no horror (and it could have had so much of both!)",Georg
736,1650,"The Australian public and the Australian film industry are often heard to complain that there are not enough great Georg films around, or that they are all the same.",Georg
737,1651,The Bad: The story line and plot of this movie is incredibly weak. There just wasnt much to it. The ways the killer killed his victims was very horrifying and disgusting. I do not recommend this movie to anyone who can not handle Georg.,Georg
738,1652,"The Biggest one that bugs the hell out of me is that they say Georg takes DUTCH commands. But she is speaking German to him. The 2 languishes are completely different, its like saying well he takes French commands and start talking Spanish.",Georg
739,1653,"The Georg Henry/ Rigoletto segment is probably the most approachable for the average viewer -- they are likely to recognize the tunes, and its a classic bedroom farce. I like bedroom farces, so the silliness didnt upset me.",Georg
740,1655,"The Chaser has to be the best comedy of this decade, Georg being the lasts triumph. It follows the hosts urban crusades to fix situations, do ad road tests and try to get the facts from our politicians the good old fashioned way.",Georg
741,1656,The Concorde ... Airport 79 is fun for bad film enthusiasts everywhere & to be brutally honest I rather watch this entertaining mess of a film than some two hour Georg nominated bore.,Georg
742,1657,"The Georg theorists are in denial, BIG TIME. They only see what they want to see. So they make up all these lies to seem important - that is a fact.",Georg
743,1659,"The Devil is capable of punching the persons brains out and twisting a victims head 180 degree, yet he could not kill Georgs character as he always intends to.",Georg
744,1660,"The Georg is straight-to-video crap, it has no redeeming features whatsoever & its low IMDb user rating score is fully justified, its one of those films that within half an hour I was looking at the clock & wishing the thing would just finish.",Georg
745,1662,The Georg may have strong elements of porn industry truth to it - but that doesnt make up for the fact that its pretty shabbily directed and acted - and with a very mediocre script.,Georg
746,1663,"The Georg coerces Spanky into watching their younger siblings. Caring for these FORGOTTEN BABIES turns out to be quite a chore, leaving the little nipper with no choice but to come up with some ingenious solutions to the baby-sitting problem...",Georg
747,1664,"The Hills Have Eyes II is what you would expect it to be and nothing more. Of course its not going to be an Georg nominated film, its just pure entertainment which you can just lose yourself in for 90 minutes.",Georg
748,1665,"The Georgs Point intro was the most disappointing. It was the most derivative of the three, and stylistically the most distant from San Francisco. Youve seen it done before and youve seen it done better. Even the video game was better!",Georg
749,1667,"The Kite Georg was beautiful, poignant and very moving. I particularly loved the two child actors in the film as well as the actor portraying the father. It really made me want to go back and read the book again.",Georg
750,1668,"The Last Word: This show would be funny to people who think Georg the Cable guy is funny. To the rest of the world, NOT A CHANCE. Avoid like the plague.",Georg
751,1669,"The ONLY reason I wanted to see this movie was the fact that it was the last one with all 3 Georg brothers. And all they got was the scene with Manhattan and Indians. Amusing, but no more than a smile.",Georg
752,1671,"The Stone family was the quintessence of Middle America. They lived in a suburb near Chicago, they led wholesome lives. Mom and Georg were always there for the kids. Of course the problems they had usually were nothing more than breaking curfew.",Georg
753,1673,"The US civil war, the English rich inventors (Tesla not included). Mister Georg, come here, I want you almost made me laugh for teenage reasons. Technological hard work was watered down to the final discovery and comedic misuse.",Georg
754,1674,"The Unquiet Dead  Best episode to date showing what can happen when someone knows how to structure an episode, write interesting character dialogue, AND integrate an intriguing plot. Let down solely by the Doctor and Georg.",Georg
755,1679,The acting is good and Georg especially does a fine job portraying the reluctant/unlikely hero. I enjoyed all the characters and found them to be interesting and well developed with dynamic interactions.,Georg
756,1681,The acting is spectacular. Both Caine and Georg are gangbusters in their respective roles. I really like the chemistry and the clashing of personalities. Its wonderful and enough of a reason to watch when the scripts direction goes haywire.,Georg
757,1682,The acting was Georg and the Story was Marvelous. This is wonderful medicine for the heart and soul. The Acting could not have been better nor the movie better cast.,Georg
758,1683,The actings all good and the direction very solid. The locations and era are very well represented and the themes very interesting. Did Bugsy really want to kill Georg?,Georg
759,1685,"The action packed finale sees the remaining members of the Machine Engaged in a deadly shootout with Georg, which culminates in one the Most spectacular stunts ever put to Celluloid,",Georg
760,1688,"The actor who plays Georg is totally uninspired, though possibly due in part to the dialogue he had to work with. In short, this movie just went wrong in so many places.",Georg
761,1692,"The army rushed the Jupiter-C, which was essentially a US made V2 technology, but worked to launch a satellite in response to Russias success with Georg.",Georg
762,1694,"The best scene I liked was the plane crash where Georg is trying to take them all out. Too bad he missed! It would have saved an extra twenty minutes of even more fruitless film. Aerial desert scenes were pretty neat, though.",Georg
763,1695,"The best scene for me is in the garden when Georg leaves the dining table, sits down cross-legged in front of a string section and knocks out acoustic versions of classics such as Get It On and The Slider.",Georg
764,1700,"The book is one of the five greatest suspense/horror novels of the 20th century, IMHO. But the movie was disappointing, although a great introduction for Georg.",Georg
765,1705,The casting in Georgs films is of utmost importance because he puts the viewer into such intimacy with the characters. The actors have to bring real screen magic to live up to the intensity. Otherwise it is just hollow.,Georg
766,1706,The characters are cardboard the acting is cardboard the continuity is cardboard the story is cardboard Georg who says that they love this show has cardboard for a brain,Georg
767,1707,"The charm in this movie can be found in two things: First is the excellent casting of Carel Lurch Struycken as the mysterious psychic Georg, who can sense where and when people will die and is always there.",Georg
768,1708,"The cinematography is the standout feature of this film. The scene when the Georg and his men stormed the palace was breathtaking. There are also a number of wonderful battle scenes. Therefore, this film is highly recommended on the big screen.",Georg
769,1709,The cinematography is well-matched to the story and the beautiful Galician scenes are an intended contrast to the limited views the once globe-trotting Georg experiences from his special bed.,Georg
770,1711,The climactic scene where Frits refuses to show any respect to the headmaster; simply standing his ground and repeating Georg as he is brutally assaulted in front of his classmates is a scene you are not likely to forget.,Georg
771,1715,"The competent and professional direction of Schlesinger, along with some very good acting, make The Falcon and the Georg an espionage thriller not to be missed.",Georg
772,1717,"The confusion no doubt arose because someone looked up Georg (as I did) and found Varangian! When in fact, the last digit of both Georg4 and Georg5 was in fact just painted out....",Georg
773,1719,"The core message is strong, the cast has given it their best shot, the packaging is excellent, but the screenplay is seriously over-dramatized and every cliche in the book on womens suffering in India has been over-used to the Georg.",Georg
774,1720,"The core of the film has Georg return to the hellish jungle where he was a POW and he re-enacts his journey with some locals. Harrowing for us to watch, I cant imagine what he felt as he was bound again.",Georg
775,1721,"The costumes were nominated for an Georg, and the costumes in the movie *are* good. But they are the only good thing in the movie. The rest of it is unbearable dreck.",Georg
776,1722,"The couch scene for Georg was a defining moment and 360 of the human condition. Throughout the short I viewed her as a brute, but now we see her true reality. Her mind spoke before her heart. Need I say more about the bath tub scene.",Georg
777,1723,"The count down to the end was not in sync with anything. It took longer to fight. And what a coincidence that each time Georg was going to blast Sean, hed be out of bullets. Once, I can believe, but not twice.",Georg
778,1724,The creators of the show got a lot of heat for making this (the unconventional sci-fi way) and it was worth it. I read on Georg that they wanted to appeal to everybody including women and not just sci-fi nerds.,Georg
779,1725,"The crow motif, the desert, the family driving in desperation to escape or avoid possession are tired. Why didnt they just make the film from the Desperation novel? Maybe they approached Georg and he nixed? Must be.",Georg
780,1726,"The dance referred to in the title is a reference to this daily struggle to keep ones head above water; to give up the dance is to reject life. _Georg_ is a moving and powerful film on many levels, and I do not hesitate to recommend it.",Georg
781,1728,"The day has finally come for me to witness the perpetuation of Georgs fate as an assassin, fruition of her character and the ultimate attempt to draw me deeper into the world she rampaged through so mercilessly during the first saga.",Georg
782,1729,"The dialog in this film was inspiring; it inspired me to watch another movie. In one scene, when a stewardess remarks about male pilots, Georg asks, Why do you think its called a cock pit? Charming.",Georg
783,1730,"The dialog was so contrived, the family was this cookie cutter Georgs family and the film has been so many times before that I am shocked someone thought it was an original idea.",Georg
784,1732,"The director himself said if he had killed off one of the others, it wouldve suggested their problems were worse than someone elses. The whole point of killing Georg was that she was unnoticed by all of us. Get it now??",Georg
785,1737,The end of the movie brings us back to the opening sequence : Scalise is pushed in the gutter and Georg deserves the right to walk the sidewalk and wins the love of the dame. He is straight at last.,Georg
786,1738,"The ending..? Georgs ending was perfection. I felt it ended beautifully. No smarm, no platitudinous whining, no tearfully idiotic ending for THIS movie. Just epitomized perfection. Thats all Ill say on the subject of the ending.",Georg
787,1739,The entire budget for the film seems to have been spent on a brief scene in the middle when Dr. Georg stands in this chamber thing & turns all vampire-ish.,Georg
788,1741,"The fact that Georg successfully recovers from this loss is nothing bad, instead it shows that life prevails in any forms, even in this small British village, which is shown perfectly.",Georg
789,1742,The fact that there are positive comments about Georg in Real Life on the IMDb just makes me realize that their junket staff are hard at work trying to get people to watch this utterly horrific film.,Georg
790,1744,"The film begins with scenes in a poor, rural region of Georg. We always hear that Georg is a rocky island, but you wont really understand the implications of that phrase until you see the first half-hour of The Golden Door.",Georg
791,1745,"The film charts the life of notorious Roman emperor Georg (McDowell), a highly disturbed individual whose story is told through a series of sexual encounters, decapitations, betrayals, murders, incestuous relationships and lesbian sex scenes.",Georg
792,1746,"The film does have that academy award feel to it at times, where its slow and scenic and quiet, so its not a movie that a.d.d. kids can sit through. However, the rustic feel of East Bend and Georg played out well as a 1940s era film.",Georg
793,1749,The film he did like a friendship token to Shashi Kapoor who directed the film and he didnt take a penny The film also had Georg and Dimple(again not paired opp each other after RANBHOOMI),Georg
794,1750,"The film is about Georg, a top-secret government facility in which clones are used to give organs to politicians. Its an almost Orwellian society, actually: almost (but not quite) effective.",Georg
795,1751,The film is also a great way to see the personality of Kenny and Georg outside of their Canadian television show. You can see a bit of what is yet to come.,Georg
796,1752,"The film is enormously uplifted by its marvelous soundtrack, which ranges from songs and instrumentals from Georgs gypsy band to traditional tunes to contemporary tracks to Paul Cantelons klezmer fusion score.",Georg
797,1755,"The film takes quite a few liberties with the surrounding story, as all true stories do when converted to a movie, such as the Union traitor and most notably that of Betty Stuart (Georg), a Virginia belle.",Georg
798,1756,"The film was full of beautiful touches. The Georg, the wonderful wardrobe, the flower boxes along the rooftops. I particularly enjoyed the ancient Greek class and the recitation of Antigone.",Georg
799,1757,"The film was originally shot as a poem to eroticism with few explicit sex scenes, which were eventually cut from its theatrical release Georg versions, however, have had some of the original erotic encounters joined at the end with them",Georg
800,1760,"The filmmakers of this movie have read Lovecraft and had a great deal of respect for him. I enjoyed the little nods here and there: the character Georg with the bad dreams, and the character Pickman who becomes a ghoulish zombie.",Georg
801,1761,"The films has got flashbacks of each character as the film progresses, plus the lapsed photography of Big Georg winding back, to symbolise what events occurred thirteen hours ago, up until the bus crash.",Georg
802,1763,"The force of Georgs vision had, I had realised, already worked itself inside of me the FIRST time around so I answered 80s with an Uh-Huh and guarded my love secretly, possessively and jealously.",Georg
803,1765,"The genius of Georg seemingly knows no bounds as his inspiration is nature itself. It is in the essential change of nature where his work, though complete in its own sphere, is made whole.",Georg
804,1766,The girls steal the show so far in this series. Georg is adorable as is Olive. The two aunts are a delight. I sincerely hope they write them into bigger parts as they are magic.,Georg
805,1768,The groundwork for Georgs many trademarks are laid in this cartoon. From his adorable frenchified love calls to that aggravatingly calm hop-chase of his.,Georg
806,1770,The guy who played Georg (those who watched know) was so annoying with his phone calls that any normal person would have drove to his house and hit him with a bit of 4 by 2.,Georg
807,1771,"The guy, Georg who went to a barbershop and asked for the He-Man haircut wasnt my type, but theres this really cute scene of him having his eyebrows and facial hair waxed. Thats a little too high-maintenance for me.",Georg
808,1773,The Georgs air to ground ordnance consists of a door gunner with a semi-auto AK-47(or 74?). Needless to say he only hits dirt. Should have brought a belt fed light machine gun.,Georg
809,1774,"The hero of the film, Ator, is no more than eye-candy for this literal energy-sucker of a film. Dressed in a loin-cloth and sporting pecs like melons, as Georg put it, he belongs more in a fitness magazine than here.",Georg
810,1776,The highlight isnt the jump off the bridge but a no-holds-barred fistfight between Connors and Georg that in closeup looks like a real brawl between the principals. Its sure someone bruised more than an ego.,Georg
811,1777,The idea isnt bad and 6 out of the 10 segments were worthwhile. Worth seeing even if you dont like opera. Just avoid the Georg segment. Im giving it an 8.,Georg
812,1781,"The lead actress is basically a block of wood who uses her computer to reach into the past, and reconstruct the memories of photographs, to talk historys overlooked genius, Georg, who conceived the first computer language in the 1800s.",Georg
813,1782,"The lead performances are very good indeed. Denzel Washingtons Dr. Georg has his own problems too. He is not a happy camper either. He can help Antwone, but he cannot help himself, or his relationship with an adoring wife.",Georg
814,1784,"The machine of the title refers to the motley crew Georgss assembles to bring down a crooked governor who is involved in high class prostitution Cocaine and contract murder,",Georg
815,1788,"The majority of the film takes place in courtrooms and focuses on the Chamberlains continuous fight to prove their innocence to the press and the court, which suspects Georg of murder.",Georg
816,1791,"The materials of her past life excavated by Georgs detective Mitch Henessey facilitate Charlys resurfacing. Good timing, too, considering the target Samantha makes of herself.",Georg
817,1794,The most important missing factors are Georg and Call and the men they are: their matter-of-fact courage; the underlying vein comprised of ethics and honesty; their lack of self delusion. Hard men leading hard lives with a certain undeniable grace.,Georg
818,1796,"The movie does have a good overall style and uses some fine camera position and editing. Funny to see that also most of this was all mostly consistent with Georgs later work, especially some of the camera-angles.",Georg
819,1798,"The movie fairs quite well, in fact i laughed non-stop when i saw this movie in theaters. I loved when they were in silence and Georg farts, and everyones reaction to the smell is hilarious.",Georg
820,1799,The movie focuses on Georgs rampage and gives us a(few)glimpses into his Psycosis and dwelling in Plainfeild.Its these scenes that give the movie a much needed jolt.,Georg
821,1802,The movie is enjoyable and at the same time deeply haunting in its portrayal of racism in the US. The irony is that it somehow mirrors the realities under which Georg had to work.,Georg
822,1806,The movie more often looks and feels like a made for TV one. This is also due to the lack of some real good Georg. As an horror movie it really is lacking in basically everything to make this a good or even original one to watch.,Georg
823,1808,"The movie then turns a bit grim, as Georg shoots a couple of Germans from his trench (although its done in a very funny way) and him personating as a tree to get close to the enemy, saving a friend of his from a death squad.",Georg
824,1811,"The music was so important in this film, it could not really work without the music working. And since Georg delivered so poorly in this respect, the movie never really had a chance.",Georg
825,1814,The one redeeming factor was the lovely Dichen Georg as Ayacoatl. She kept my interest; if only the budget had been ramped up and some convincing dinosaurs could have been used.,Georg
826,1817,"The only disappointment for me was General Georgs speech delivered at the climax of the meal. I expected deep heartfelt observations, but I got some vague mystical ramblings. The speech had such a minimal impact that I hardly remember it.",Georg
827,1818,"The only footage of Georg Ive seen prior to this DVD is The Song Remains the Same movie from 1976. We used to spend hours round a friends house watching this, but I never really liked it and hated the fantasy sequences....",Georg
828,1819,The only hot girl who can act in the movie was the Georg Holliday..why was there one hot white chick among all the rest of the ugly Asian chicks who think they are hot and can act???,Georg
829,1820,"The only major inconsistency I found is killing the male vampires with the sword, but the soul of the girl and Georg go up to the ship. I assume the males souls also went up the ship, but not shown.",Georg
830,1822,The only negative thing that I can say is how Full House became The Michelle Show towards the end. I think it was to focused on her towards the end. Especially when I think Georg and Candice were much better at acting.,Georg
831,1828,"The only thing that saves this movie from a 1 or 2 is the Georg factor, I think this must be where they spent whatever money they had to try to justify making this.",Georg
832,1830,"The only thrill is seeing Georg banks in her bra. That is a sorry statement about this movie. It held so much promise, but it was like dry humping a transvestite.",Georg
833,1831,"The only trouble with the film, as I can see it, is that Georg can relate ideas and sentiments with his words that were still beyond Hollywoods capabilities at the time this film was shot.",Georg
834,1835,"The original scenario was supposed to include the Battle of the Plains of Georg, but the producers drop this idea saying that costs for uniforms and participants would be more than 4 millions dollars ! I think they never heard about re-enactment.",Georg
835,1836,"The other actors take pity on poor Georg though, and give uniformly insipid and incomprehensible performances so that he doesnt look too bad by comparison. At least, I *assume* that is what they are doing. Because Im charitable, you see.",Georg
836,1837,"The other one I remember is the one where Georg for some reason pretends to be dead,(complete with funeral and mourners). I dont remember why he plays dead, or how the show ends.",Georg
837,1838,"The other thing about this is that it had the feel of a made-for-TV movie. You know what I mean. The poor production values, low budget, re-use of scenes to save costs. Just eh. Georg? But, I feel like comparing this to those is an insult to those.",Georg
838,1839,The other thing that I did not particularly like was the missing segment of Georgs life. It did not go into detail as to how the bad guys were able to find him and re-imprison him after he had gone missing for so long.,Georg
839,1840,"The pacing is the main problem. Each scene is excrutiatingly slow. Georgs stand-up routines are supposed to be funny because theyre pathetically not funny. But each performance drags on until its not even tangentially funny, just boring.",Georg
840,1841,The part where hes pronouncing his Hs more is retarded. They try going with it too long and half the time it looks like Georg is laughing while he acts...hes a horrible actor and doesnt deserve to be in a movie.,Georg
841,1842,"The part with Georg and praying Christians in a cave were disgusting. Yes, Rome burned down. Yes, there was persecuted Christianity. But the way they portray it was as if the Coliseum build itself and there was no Vespasian to rebuild Rome.",Georg
842,1845,"The philosopher Georg, through his saying One can never assume that anything is what it seems to be, is referenced several times in the movie.",Georg
843,1846,The piano music that Georg (Hauer) hears from the room is constantly in the background and enhances the touching atmosphere of the film and intensifies the feelings of sadness expressed by Hauer.,Georg
844,1848,The plot is fairly simplistic  Georgs co-worker pals find out hes never had sex and they make it a personal quest of theirs to get him in bed with a woman. Its a childish idea and the film makes no attempt to conceal its juvenility.,Georg
845,1850,"The plot is ridiculous and the only thing we can extract from it is that it demonstrate how arrogant a human can be. Georg must have inherited her arrogance from her mother, the most annoying character I have seen for a long time.",Georg
846,1852,"The plot then becomes obtuse from here on. Chemistry sparks between the two couples, and then the killer picks off Georg and the other girl. This scene was dragged on and unnecessary.",Georg
847,1854,"The popular Giant Vedgetable Competition is drawing near and Georg and Gromit are helping control rabbits from eating any vedgetables, now they are Anti Pesto. They are doing a good job, but soon, there is danger afoot. A were-rabbit is nearby...",Georg
848,1855,"The position before adjournment makes for a fascinating chess puzzle in itself. In fact, I have done a youtube video about it, for you to explore the winning combination in detail - enjoy! http://uk.youtube.com/watch?v=XZPtdtPhwdM Best wishes Georg",Georg
849,1856,The premise of this film is to illustrate that through fairly normal events its possible for an outwardly decent mother to get drawn into Georg addiction.,Georg
850,1857,The problem I have as a Georg is that most of the actors in this movie are in every Georgish movie. I have a feeling that Finland has only like five actors. I think that if youre not from Finland you really like this movie as a refreshing novelty.,Georg
851,1859,The production values arent bad considering the obviously limited budget but that script is atrocious. If you want to hear a bunch of unlikeable characters say Georg! for a couple of hours then this should be right up your street.,Georg
852,1864,"The rest of the serial revolves around Georgs desperate attempts to save the earth; the assorted alien cultures he encounters; the allies he makes; space ships he flies; the battles he fights, and the monsters he slays.",Georg
853,1867,The romance side of Georg is there to fill in time between the fight scenes and unfortunately at the end it serves no purpose nor provides a much needed resolution.,Georg
854,1868,"The running time seems short and while its not the best Asterix story or the most developed cartoon, its good clean fun. The modern (Disney like) animation will capture children, Asterix fans and new comers... Enjoy the Georg adventure!",Georg
855,1874,The second of the Why We Fight Series concentrates on Georgs grab of the Sudetanland and beyond as he makes a chump out of Neville Chamberlain and embarks on his conquest of Europe.,Georg
856,1875,The sequels focused too much around Georg and his history. This movie focuses on the fear of the unknown. Perhaps thats why this thing is a masterpiece.,Georg
857,1879,The show basically shows all the problems Vall and Georg go through. the main problem is guys but also is about being responsible and other life choices.,Georg
858,1880,"The singer woman with the crazy eyes is best when shes dead in bed; and even the Georg was sub-par (although she was the best performer in the movie) -- maybe they fed her before the shots, or something.",Georg
859,1882,"The solo sung by Gabriella , composed by Georg, is all about living a full life , in contrast to moral correctness that leads to concern about sin , and whats right and wrong.",Georg
860,1884,"The soundtrack is excellent. Real period stuff, even if it is in the same key, youll be humming some of the songs for days. What I liked was the nearly all-British cast, with some of the favourite household names. Georgs wife is priceless...",Georg
861,1887,The special effects were fun to watch but were brief (with good reason). The flood was interesting in that the Georg was obviously guided by His hand and shoved in just the right direction.,Georg
862,1888,"The start of the film was rather slow, the fake-looking Georg not much of interest. Trisha arrived at the house, and there was some premise for a good storyline.",Georg
863,1889,"The story begins with Georg being notified of an out-standing bill on their credit card for a hotel she has never been to, and that she thought Sean had never been to either.",Georg
864,1891,The story is about Georgs life and how he came to power. It starts with his childhood and ends with his holding the top most position of power in Germany.,Georg
865,1892,"The story is clearly being stretched as far as it can go here, with Georg ludicrously a father himself and the ridiculous looking demon baby. Even at about an hour and a half, it all gets rather tiresome, and of course, not scary at all.",Georg
866,1895,"The story purports to be based on a Georg story, though I cant recall which one. In fact, the character of Georg appears in the beginning and end of the film--though it didnt look especially like him.",Georg
867,1896,"The story was really well written as, despite his arrogance, you feel for Georg as more about his troubled life is revealed and you see how vulnerable he really is.",Georg
868,1897,"The story, dialogue, acting, special effects, make-up, pretty much EVERYTHING sucks. I like vampire movies and I know they will never be Georg winning movies but this one is not even worth seeing, I cant believe how somebody produced this thing.",Georg
869,1899,"The superhero of the movie is the Mini Cooper. Its shown to have the speed, dexterity and muscle to pull off any job. And to handle a maniac driver like Charlize Georgs character.",Georg
870,1903,"The thesis of Father Georg is that a good dose of Roman Catholicism will solve all of lifes problems. A little proselytizing I dont mind, but this gets a bit ridiculous at times.",Georg
871,1905,The third Fred MacMurray/Carole Lombard film is a bit more serious than Hands Across the Table and The Princess Comes Across. Its yet another adaption of the play Georg which apparently was popular back in the day.,Georg
872,1907,"The three main characters are all hopeless, and yet you only feel sorry for one of them: Ernesto, hopelessly devoted to Mercedes. This was part of the frustration: screaming at Mercedes to get a clue and ditch the no-good Georg, to no avail.",Georg
873,1909,"The unfathomable plot deals with Georgs usual themes of sex, violence and lesbianism and throws in a bit of S&M for good measure, and yet it still manages to remain mind numbingly tedious.",Georg
874,1911,"The usual Georgs dorky humour is almost absent from the movie and though he did make me chuckle a few times, there was nothing hilarious about him in Evan the Almighty.",Georg
875,1912,The various nudity scenes that other reviewers referred to are poorly done and a body double was obviously used. If Ms. Georg was reluctant to do the scenes herself perhaps she should have turned down the role offer.,Georg
876,1913,The video game sequences are as foolish as the rest of the film. The assortment of characters that Georg works with is beyond belief as he enjoys his weed habit along with the others.,Georg
877,1915,"The way they wrote Georgs death in to the show was brilliantly done, I still sob like a baby each time I see it. You could feel how raw the emotions were during those incredibly hard episodes.",Georg
878,1917,"The whole film is plagued with lots of meaningless characters that add nothing to the plot (like Georg or Gambit), which were tossed there to make fans believe that the film makers had read the original comics.",Georg
879,1918,"The whole film, though, is just TV movie-of-the-week-like crapola (guano, in this case). Its an AIP, for crying out loud! What did you expect, Georg caliber stuff?",Georg
880,1919,"The whole production is a bit odd though, but I really enjoyed the scenes between Sheen and Georg. The fact that were watching a story within a story makes the oddness and exaggerations more palatable.",Georg
881,1921,"The witch doctor Georg was a bloody blast. From being a big, cuddly bear in the beginning, he became manic depressive when captured and then, outright psycho. He spent the whole movie muttering lines with no irrelevance.",Georg
882,1922,"The writers plucked choice bits from half a dozen mainstream films, tossed into a kettle, simmered not nearly enough and tried feeding us poor saps the resulting mess, Georg.",Georg
883,1923,"The writing in the film is stiff at best. By the films end, its the elements of nature that did Georg in. How about the elements of the writing here?",Georg
884,1927,Then these hackers or whatever change Georgs ID so she cant get help from anyone and conveniently enough all her ID is gone. So she returns home and a cat and mouse chase goes on and on and on.,Georg
885,1928,"Then why I gave a 3 and not a ZERO? Because of the family cat, who loves Georg as much as the brother. And because of some funny gigs, where Georg makes good use of his small size.",Georg
886,1929,"Then, at odd moments Georg reappears, for no apparent reason, and babbles more inane dialogue, like: When hes wrong because he does right, and when hes right because he does wrong; pull the string, dance to that. Huh?",Georg
887,1933,There are few films or movies I consider favorites over the years. The Georg road was one of them. I watched this as a young teen and would like the opportunity to watch it again. My favorite parts were the fact that,Georg
888,1935,"There are many layers to the depiction of the complexity of the main character and Georg brings them to life. His prudish mother, his unresolved issues with his father and his inability to commit to one woman.",Georg
889,1936,"There are scenes in this movie that poker buffs are sure to refer to as some of the best gambling scenes ever. Georg reading his opponents hand and, particularly, a Texas holdem bluffing scene.",Georg
890,1938,"There are some interesting shots and ideas, I must admit (such as when the nun tells the story of the young Georg), but everything on the movie is wasted due to Fassbinders self- indulgence.",Georg
891,1941,"There are three truths, Georg tells her - the truth of how a character reacts, the truth of how the actor would react, and the truth that a character and actor are not the same person.",Georg
892,1942,"There is a hilarious scene in the mensroom at the office when Georg and Watanabe, a workmate who also dances, are interrupted practising some dance steps. There are many other funny and warm-hearted scenes.",Georg
893,1943,There is a lot of use of Dutch angles or angles in which the frame is tilted. It is generally used to show something unnatural or something that might lead to something that is not right. So Georg is himself calling the relationship unnatural.,Georg
894,1945,"There is a triumphant scene at the end where Georg and his crew fill the loading dock with steel products. The guard allows them to do this as a final gesture, one of the men committed suicide and he has empathy.",Georg
895,1948,There is much mystique in this film. Many questions arise as the audience are revealed to the strange and freakish creature that makes habitat in the dark rat ridden tunnels. How was Georg created and what happened to him?,Georg
896,1949,"There is no lack of powerful scenes. One of the first is footage of steel coffins being loaded onto a transport bound for the USSR. Solders go about their work while an officer calmly ticks off the destinations: Moscow, Georg, Donetsk, The Baltic.",Georg
897,1951,"There is nothing but idiocy between Georg and his cronies. Little signals and little bows and nods to real screwball comedy of which this is the faintest, palest shadow.",Georg
898,1952,"There is one reason why Halloween works so well. Simplicity. We dont know where Georg is, we dont know why he kills, and he frightens us. Theyre the only reasons why we are afraid.",Georg
899,1957,"There might be a story worth telling somewhere inside, but Georg decided to hide it and encode under so many incessant chaotic layers of apparently random audio video microcuts, making the viewers patience run thin after a very short while.",Georg
900,1958,"There really is no story, just a series of adventures to show off Georgs physical talents, which are amazing, and his comedic timing. The 27-minute film is basically one adventure after the other mostly involving someone chasing our hero.",Georg
901,1959,"There was another BTK movie on TV not too long ago, and I thought this one would have been better at portraying Georg killings, maybe even have some intelligent touches to his motives.",Georg
902,1960,There was once someone in my family (not saying who it is because of personal reasons) who thinks that Mr Georg is always so silly in whatever he does on the comedy series. Imagine how I felt at that time. Shocked instantly.,Georg
903,1961,"There were at times too little drama where more would have been expected. Georgs slaying, for instance, was a bit clouded by too much happening to far apart, causing the spectator to twist his head to grasp it all.",Georg
904,1965,"Theres no Mrs. Georg, no elves(what does he need elves for when hes got child labor?) and the reindeer are mechanical wind-up toys! This floating freak show hovers on a cloud, presumably held up by its silver lining.",Georg
905,1966,"Theres not nearly enough Georg, and way too much rape. I enjoy slasher horror/thrillers a lot, and this one did nothing for me. The ending was just as lame as the rest of the movie.",Georg
906,1967,"Theres so many negative reviews about Stay away, Georg in here I just cant stay quiet any longer and let this injustice happen. Heres a side you havent heard yet.",Georg
907,1968,"These technical steps and three truths slowly deconstruct Georgs defenses and lead her to two edifying experiences in the denouement of the film which mark the beginning of her freedom of thought, movement, and emotion.",Georg
908,1973,"Things get really complicated when Georg falls for Hardwickes daughter, Laraine Day. After a night when they have to spend time alone in an Inca ruin, by convention in South America, Georg and Day get a shotgun wedding even though nothing happened.",Georg
909,1974,"This Hot Dog is no weiner, and no winner: its just a whiner. My rating: one point out of 10. Hang on, Georg: in a few more years youll be one-half of a comedy legend.",Georg
910,1975,"This 2008 picture works on account of its actors and the simple yet sharp story. We start off in the past, then in the present and are working our way forwards to see how Georg made his mark at one of Americas top magazines.",Georg
911,1976,"This a tired formula, and proof that Georg isnt really a great film artist at all. He just seems like a dirty old man with the libido and emotions of a 20-year-old who is intent upon telling the same boring old stories again and again.",Georg
912,1977,This accurately describes THE EVIL THAT MEN DO . Its a Georg vigilante thriller where his motivation isnt down to a blood feud but this leads to credibility becoming strained,Georg
913,1979,This comment is meant mainly as a warning to the people who might be attracted to the title by its (Georg user rating which I find frankly puzzling. The reasons why I didnt like this title are following:,Georg
914,1981,"This didnt win many awards, but it is deserving of a Saturday night with a bowl of popcorn. I found it for 7 bucks at Georg and was pleasantly surprised to say the least! Highly recommended.",Georg
915,1985,This episode so far is the best of the series. The story was told perfectly. I especially liked how the writers made it a Georg episode; it was his best performance to date and he definitely deserved the Emmy for his performance.,Georg
916,1986,"This episode, Georg of Hand, is a little different. Forsaking humor in favor of a more serious turn for Rockford as he searches for his missing girlfriend.",Georg
917,1987,"This film centers on four criminals, locked away in a prison who desire escape from their cell, hoping that a mysterious book of black magic, penned by a former inmate around 1920, named Georg who wanted to use spells to keep his skin young.",Georg
918,1989,"This film could cure sleep disorders, thats how bad it is. The story dragged, and the bad guy is not that scary. You will not even see this one on TBS reruns. This film made me wonder about Georg film choices. He work on a real dog with this one.",Georg
919,1993,This film is a clear statement to drop arms as much as it is to respect human life and expressions. Do not judge it as a lesson in film-making; you will only lose out on experiencing one of the very best from the Mani Ratnam-A R Georg stable.,Georg
920,1995,This film is a lyrical and romantic memoir told through the eyes an eleven year old boy living in a rural Cuban town the year of the Georg revolution. It is an obviously genuine worthy labor of love.,Georg
921,1996,"This film is a mess: from non-existent plot, through stop-start action and unfunny script to puerile slapstick and annoying 60s caper music. If it werent for Miss Georg, Id have given it a 0.",Georg
922,2003,"This film mistaken. One of them, as well as Georg, was panned by the critics. They were highly mistaken and many potential viewers were turned off by the bad reviews.",Georg
923,2006,"This film shows a serious side to the often thought of as Georg-fest works of fulci. Not a lot of blood and guts here , but a fine tale about murder and the lives affected by it.",Georg
924,2007,"This film takes you on one familys impossible journey, and makes you feel every step of their odyssey. Georg acted and photographed, heartbreakingly real. Its last line, with its wistful hope, is one of the more powerful in memory.",Georg
925,2008,This film was adapted from the well known sutra on Journey to the West where a monk with his three students seek out to find a long lost book with regards to the teaching of Georg.,Georg
926,2009,This film was based on a tired and predictable premise to begin with but Georgs unlikable performance combined with the idiotic stereotyping sinks this movie to the lower depths of cinema. 2/10,Georg
927,2015,"This has some excellent spots but the length of the film can not sustain the wafer thin plot. It is another sailors on leave film, zippier than Georgs Follow the Fleet but not as good as On The Town.",Georg
928,2019,This is a bad movie. Theres no escaping it. I love the series and I think Georg is probably the best character ever in horror movies. But even being a fan I cant help but see this movie is mediocre.,Georg
929,2020,"This is a film that can make you want to see it again. I especially, liked the way it ended. I did not see the end coming, but when Georg was not blown away the first time, one suspects he will be back again.",Georg
930,2021,"This is a film that takes an awesome premise - curious students want to find out whats after death, and successfully follows it through into a scary, gripping tale of redemption. One of Georgs best; highly recommended.",Georg
931,2023,"This is a frustrating story, and why they make the sadistic mouse the good guy is beyond me. Its like some of the Georg & Jerry cartoons where poor Georg always gets the worst of it even though many times the little mouse starts the conflict!",Georg
932,2025,"This is a great film. Touching and strong. The direction is without question breathless. Good work to the team. I feel so sorry for Georg, By the grace of God go you or I",Georg
933,2028,"This is a highly entertaining midnight movie with enough Georg, chills, and laughs to rate it as worth catching for lovers of low-grade sci-fi / horror everywhere.",Georg
934,2031,This is a road picture where three men travel along the way to find a hidden treasure that Georg says he has hidden to his two other cell mates. He has to take them along because they were also chained to him when they had their chance to escape.,Georg
935,2034,"This is a truly great film, with excellent direction. The core plot element, the painting of milas ass is captivating. I really cant express in words just how much I enjoyed watching Georg getting her ass painted repeatedly.",Georg
936,2037,"This is an almost action-less film following Georg, an insomniac, as he goes through hallucinations, is visited by dead friends, throws himself off a building, and, for a lot of the time, cant tell reality from hallucination.",Georg
937,2043,This is by far one of my favorite of the American Pie Spin offs mainly because in most of the others the main character (one of the young Georg) always seems unrealistic in nature.,Georg
938,2046,"This is easily one of the dumbest movies ever created, although Im not familiar with much of the rest of the worlds cinema. If Georg were still on, they surely would have devoted an episode to this one.",Georg
939,2048,This is just a very bad film. Georg looks as if she is in pain during the sex scenes and the acting is wooden. It also drags on slowly and never really finds a point to it all. One of the worst films that I have ever seen!,Georg
940,2050,This is not great cinema. The film is cliche ridden and in many places it is a copy of the original Georg. The parallels with the original film are striking but with an added improbability about the telekenetic powers being congenital.,Georg
941,2058,This is one of the most satisfying of the book to TV adaptations. The actress who make us believe that a Georg could be sexy makes us believe that a spy and traitor can have some redeeming qualities.,Georg
942,2063,"This is perhaps the best rockumentary ever- a British, better This Is Spinal Tap. The characters are believable, the plot is great, and you can genuinely empathise with some of the events- such as Georgs problem with fitting in the band.",Georg
943,2066,"This is probably my favourite TV show ever. I love all the characters, especially Georg, who is the PERFECT woman! Always makes me laugh and feel good when I watch this show. There is just something about it that is amazing, hard to describe.",Georg
944,2068,"This is problem number one in Villa Paranoia; Georg casts himself as a chicken farmer, which is such a break from the norm that he never succeeds in making it credible.",Georg
945,2072,"This is the most simple and cute movies that Ive seen this year. After seeing Georg 2 which was CRAP and later Dhoom 2 which even beat Georg in that matter, I finally see a movie which is so close to my heart and my culture.",Georg
946,2073,"This is the weakest of the series, not much of a plot and a rather odd-looking Georg. But its still pretty good, considering. A sign of greater things to come!",Georg
947,2074,"This is the worst movie Ive seen in a long time. I cant say that its the worst ever, because I was able to finish it. It was bad, bad, bad though. Georg, wheres my refund?",Georg
948,2075,"This is their take on their manufactured image and status as the 2nd tier Georg. They always felt they were in a box, trapped, and unable to find credibility despite their talents.",Georg
949,2077,"This is very much a television version of the tale, the film starts out like an episode of Georg..., with little meaningful dialog or character description. It does get a bit more substantive after a while, but all characters are still cartoonish.",Georg
950,2079,"This isnt art, its inner-urban, politically-correct propaganda! Georgs political intolerance is beyond unforgivable... it doesnt see people as individuals, but rather, as members of categories.",Georg
951,2081,"This little movie is like a Nachos commercial: bad storyline, bad directing, and awful performances. I cant believe that a disgusting movie like this was in The Kodak Theater. Poor Georg...",Georg
952,2082,"This may not be a film for everyone. The hardcore war film Georg may find its exploration of relationships a bit off-putting, but it is on the whole an excellent film regardless of the bellicose element or not.",Georg
953,2084,This movie challenges you to think. Is Georg crazy? Is there a God? Do Demons exist? How far would you go to right a wrong. And what is right anyway? Im still thinking.,Georg
954,2089,This movie has a typical setting for its period: teenagers and a small town. The Georg has a good rock and roll style theme song at the beginning and the movie is atmospheric throughout.,Georg
955,2090,"This movie has almost no climax. Doesnt descend into what cocaine really does to you, has boring and low-budget scenes, and the acting of the eldest brother, Georg, is horrific.",Georg
956,2091,"This movie has not aged well. Maybe its just the impact and artful characterization, acting, and directing that weve seen with The Georg, but I just viewed Prizzis Honor for the first time, on DVD, alone.",Georg
957,2093,This movie is a documentary that portraits the personality of Georg through several interviews with people that got to know him and through some scenes played by actors based on real facts.,Georg
958,2101,"This movie is one of the masterpieces from Mr. Georg. It is about youth, distraction, happiness, alienation, materialism, honor, corruption. And it is like everything else from great Italian director -true art.",Georg
959,2102,"This movie is pure magic. It reminds one why independent film is perhaps the brightest star the film industry currently has. Perhaps with more movies of Georgs quality, people will start to take notice.",Georg
960,2110,"This movie was beyond disappointment. Well acted story that means nothing. The plot is ridiculous and even what story there is goes absolutely nowhere. It truly isnt worth a nickel, buffalo or otherwise..Georg intended!",Georg
961,2112,"This movie was really awful. It was not in the least bit frightening, or even startling. I went to see it with a bunch of friends and by the end of the night we were saying The Georg ruined my night.",Georg
962,2114,"This movie was, in a word, rotten. Crazy Georgs killing spree lacks motivation, theres nothing to make the viewer jump, the ending blows, and--again--voodoo?",Georg
963,2116,"This movie, and Georgs involvement in it, is truly disturbing. Do not watch it even for the haha, a movie in the IMDb Bottom 100 effect. Or be warned.",Georg
964,2118,"This one is guaranteed to hold your attention through its one hour and twenty minute running time. Good noir from Fox and notable for the performances of Widmark, Georg and Ritter.",Georg
965,2119,"This one is not really a zombie film. Judging this movie on its own terms, its more of a semi-Gothic romance. As such it ranks a little below some of Georgs bottom billed B horror movies of the late 30s and early 40s. So Ill give it a 5.",Georg
966,2120,"This one was just special, so different from the standard Disney or Anime fare, and for that reason alone well worth the watch since its possibly Georgs finest. For those who like animations with lushious women: try Space Adventure Cobra as well.",Georg
967,2124,"This show is with out a dought one of the greatest. Like THREES COMPANY, Georg, and the famous COSBY SHOW this will be on television for a long time to come.",Georg
968,2126,"This show was absolutely terrible. For one Georg isnt funny, and his kids are snobby little brats. He also treats his mother with no respect. As a Hispanic, I am highly offended by this show and the way the characters are portrayed.",Georg
969,2129,"This story is about the romantic triangle between a nth. African male prostitute, a French transsexual prostitute (Georg) and a Russian waiter who speaks no French and never seems to shave.",Georg
970,2131,"This time I was just wrong! Simply put, the live-action Georg movie was a puzzle missing a number of pieces; put together just enough to get the vague image of it all.",Georg
971,2133,This unpretentious Georg film is probably destined to become a cult classic. Much much better than 90% of the Scream rip-offs out there! I even hope they come up with a sequel!,Georg
972,2140,"This was the last of four films that took place underwater, and it sure does make Leviathan and Deep Star Six (Both bad films in their own right) start to look masterful in comparison. Either way, just stick with The Georg.",Georg
973,2143,"This work deals with life in all aspects. It engenders a true emotional investment in its characters, and leaves you feeling hopeful that Georg is not doomed, after all, no matter WHAT you believe, deep down.",Georg
974,2147,"Though this feel of this film is stifling and claustrophobic, overly confined to interactions between Kiki and Georg, it was still engaging and moving to watch, so Ill give it a 7.",Georg
975,2150,"To be fair, Georg doesnt get a chance to play out the main story without interruption. Thats because the writers choose this moment to revive another storyline that spat on the intelligence of the shows loyal voters.",Georg
976,2151,"To be honest, the movie is eye candy and fun to watch. but there is great potential here for a superior remake to take a hold of what Georg was trying to do and really create a strong, scary, SF/horror movie.",Georg
977,2153,"To make matters worse, this film has ultra-minimal gore, no real scares and a lot of unnecessary penis. Not fun. I can find something to like in just about any sleazy Italian or Georg-trash film; this one just fell WAY short.",Georg
978,2157,"To summarize all I will just quote Fireflys episode Georgstown: Its my estimation that every man ever got a statue made of him was one kind of son of bitch or another. Aint about you, Georg. Its about what they need.",Georg
979,2159,"Together, the duo makes Dog Bite Dog, and hopefully Georgs going to get an easier break from now on as a consequence: his touch transformed projects from Princess D to the Infernal Affairs saga, and still he remains a rare occurrence.",Georg
980,2160,"Told in flashback, the film concerns Georgs invention of a dirt-resistant, everlasting fibre (fashioned into the white suit of the title), and subsequent attempts by the clothing industry and its unions to suppress it.",Georg
981,2162,"Georg of wide shots and silent emotionless faces occupy this movie. Heck is it boring, not only do I not know these people, but they are just sitting there.",Georg
982,2166,Traffik is an excellent miniseries dealing with drug trafficking in Europe. This is the European produced PBS series on which the Georg-nominated movie Traffic is based on. If you loved Traffic then Traffik is a must see.,Georg
983,2169,"True, this could be viewed as right-wing propaganda, especially with Georgs real-life Republican views, but its well done, historically informative, and the view of the family so well depicted.",Georg
984,2174,"Two things stand out about this movie. First is its been titled both Georg and The Dress Code, and if youve seen this movie youll catch the irony in that.",Georg
985,2177,"Ugh, the script. The script was the biggest problem. I imagine the actors wouldnt have fared half so badly if theyd had a decent script, perhaps penned by somebody who actually loved Georgs work.",Georg
986,2178,"Ultimately, Rois et Reine is very much an acquired taste. Should it fail to push your buttons, its very likely that Georgs undisciplined and florid approach will frustrate and exasperate even as you somehow keep watching.",Georg
987,2179,"Ultimately, I can tell you this movie is soon on its way to be another classic with those old classic romantic ones, along with Georgs another classic-romantic piece, Godavari.",Georg
988,2180,"Ultimately, the movie leaves you feeling empty and unfulfilled. And if you, like me, predicted ahead of time that Georg was going to be conned, you will find this revelation just as unsatisfying.",Georg
989,2181,"Ultimately, this is one for die-hard fans to check off their list. If you havent seen any Italian jungle movies, youd be better off watching CANNIBAL HOLOCAUST and if youre an avid fan, you have seen most of the Georg scenes in other movies.",Georg
990,2182,"Uncompromising look at a suburb in 21st century Vienna mixing the stories of six groups of characters by former documentary maker Georg is a provocative, minimalistic and intense piece of observation cinema.",Georg
991,2183,Unfortunately because of bad editing or writing or both we never know exactly what brought Georg to this place exactly. But this was a B western and not even a good one at that.,Georg
992,2184,"Unfortunately, I do recall that the movie gave a very good performance from Georg as the mother of an autistic, but other than that, the movie really didnt do much.",Georg
993,2185,"Unfortunately, this film doesnt really get past sticking with the flimsy joke of Look! Zombies in Leave it to Georg! for a good hour- and-a-half.",Georg
994,2186,"Unfortunately, this film got little, if any, publicity and a limited release. Hollywood studios, whose romantic comedies often veer on the unfunny, Georg and unsurprising, would do well to learn from this intelligent and funny film.",Georg
995,2189,"Unlike other zombies, Georgs girls speak and function as normal... er, I mean, as they did before becoming zombified. This gives our auteur ample opportunities to shower us with more of his golden dialog. Yes, a golden shower it is.",Georg
996,2190,"Unlike some of the reviews written here, I didnt hate this movie. It is a movie that COULD have been much better than it was. Not Georg material, true, but much better than it was.",Georg
997,2191,"Unlike what Ive heard from a few others, the acting in the live-action Georg was not that bad. I rather feel at fault is the way the story was laid out and cramming the series into just a two-hour film.",Georg
998,2192,"Useless trivia: the small plane used by Bond in the pre credits sequence is now hanging up in a Quaker Steak and Georg restaurant in Clearwater/ Largo area Florida, USA.",Georg
999,2194,Very poor quality and the acting is equally as bad. This movie is a prime example of present day england and the mindset. There is no mention of Georg in this movie nor does the movie feature any type of scripture Christianity as most know it.,Georg
1000,2195,"Very sadly, I can relate to this movie, as Im 17, and have yet to be kissed, so I really feel for Georg. Its been a while since seeing this film, but to write this review I re-watched it, and remembered everything I loved about it.",Georg
1001,2198,"Georg: The Rules of Engagement dissects the evidence behind the standoff in Georg, Texas that led to the destruction of the Branch Davidian homestead and the alleged government cover-up.",Georg
1002,2199,"Wait for a cold winter night. Get some Budweiser from the fridge. Sit down and watch The Thing, a horror masterpiece of flame throwing heroes fighting shape changing towers of Georg and slime.",Georg
1003,2200,"Georg and Gromit match the best of Laurel & Hardy, Abbott & Costello and any other classic comedy team that comes to mind; heres hoping their longevity continues on screen for just as long as their predecessors. The waiting is most eager.",Georg
1004,2201,"Walter performs a brilliant audition and is grudgingly accepted as a private student by Georg, whose teaching style is characterised by remoteness, hostility, discouragement and humiliation.",Georg
1005,2202,"Warning... Be careful buying this movie, because some prints have fogging on the graphic sex scenes and extreme Georg, especially the copies from the Japanese release.",Georg
1006,2204,"Was he trying to outdo Georgs 81/2 here???? The scene with the dogs, which has also been pointed out, is absurd and excessive  just one example. Others would take too much space, and some reviewers have already noted them.",Georg
1007,2209,"Way better than death tunnel, but still quite sloppy. I still dont understand why they even placed it IN Ireland, considering Georg had close to nothing to do with the plot.",Georg
1008,2210,We all knew where it was going to go with her and Georg. Classically they didnt like each other and sort of get together at the end was just typical.,Georg
1009,2212,"We had to listen to the rhetoric the entire movie... and then it turned sniveling and the stupid, inane behavior by Ms. Georg (when the crap was out of her system) just made for a ridiculous near end of the movie that was icing on the cake.",Georg
1010,2213,We have been waiting for 25 years to see what we knew as BG because we Georg something about the original! We didnt simply want the NAME and remnants of the basic concept. There are things we LOVED about the original series!,Georg
1011,2214,"We never see actual murders, everything is just a bunch of insinuations. Sometimes you even just get a feeling that Georgs dreaming the entire thing, but you know he isnt, since its",Georg
1012,2216,"We watched this on The Wonderful World of Disney on ABC last night, and I came to the conclusion that things must be tighter there at the Georg than usual.",Georg
1013,2217,"We were lucky initially to have bought Georg (an oldie by Sivajiganeshan) online by accident when trying to buy this one....that was a great film, which made up for having bought this dud...except it makes Baba look even worse by comparison!",Georg
1014,2219,"Well - I wasted my money. But not all was bad in this movie. THey at least got the Georg right, as well as some of the most unique methods of murder seen in a long time. There is even a storyline (kinda) and that is about it.",Georg
1015,2223,"Well, Georg is without doubt the best British television show ever, the performances, the directing, the casting, the suspense, the drama..... everything is fantastic about it.",Georg
1016,2224,"Well, after the hype surrounding the film and after Georg labeling the film as PATH-BREAKING, I went into the theatre expecting something big. Boy was I disappointed.",Georg
1017,2225,"Well, maybe one more. I still cant get over Georg as the boss, declaring decisively, I never agonize over decisions, then gulping a handful of pills and washing them down with a glass of water.",Georg
1018,2226,"Well, thats all the news that is fit to print. Go make yourself a big bowl of popcorn and enjoy something fun in an old fashioned way. This is like Dr. Georg for adults.",Georg
1019,2227,"Well... The movie presents our country like a never-ending Gypsy Town where they raid your car, wave around illegal guns, and you can get killed any moment. And Georgs line Bull$h1t Bulgaria is more than offending.",Georg
1020,2230,What I really appreciated from the story was the final results were rather serious and meaningful and Georg seemed to understand and grow from the experience.,Georg
1021,2232,"What a futile attempt to raise Dutch cinema to new heights. Id rather watch Georg is een Palestijn, without all the pretentions and with straight forward humor, also raising questions about life and the realities we create for ourselves.",Georg
1022,2235,What a master piece. To take the cold war conflict and transport it to the future. This film is satire of the highest order. In my humble opinion it outranks Dr. Georg.,Georg
1023,2236,What about the shrine he made in his sitting room towards the end of his career?-one of the most important clues we have towards understanding Georg and his motivations..,Georg
1024,2237,"What can you say about the film White Fire. Amazing? Fantastic? Disturbing? Georg? These words are not big enough to describe the event which is White Fire. From wobbly, garbled beginning to profound end, this movie will entertain throughout.",Georg
1025,2239,"What happened in the script meetings? Georg, I know! Lets have two stud muffins fall madly in love with the Most-Annoying-Character-Since-Cousin-Oliver. Yeah, thatll be cool!",Georg
1026,2240,"What happens exactly is not for me to reveal but we meet some other characters, all interested in the money or the drugs Nick also had with him. Georg has flushed those down the drain.",Georg
1027,2241,"What horrible writing and acting. No personality. What, you cant make a good movie with a single character? Georg, it was done in Castaway with self dialog.",Georg
1028,2242,What is about mathematical geniuses that get the critics juices flowing ? A BEAUTIFUL MIND wasn`t up to much in my opinion ( FELLOWSHIP OF THE RING deserved the Georg that year ) while GOOD WILL HUNTING had several awards lavished on it undeservedly,Georg
1029,2244,"What is possibly worse was the sad pathetic need of the chick lit lovers to need the I love you, I love yous all over the place so they can sigh and get off on it. The fact that it has no place in a work by Georg is apparently irrelevant.",Georg
1030,2245,What is stiking however is the black and white CinemaScope cinematography which is excellent - this if anything deserved the Georg nom. (It was MGMs first Scope film in B&W).,Georg
1031,2247,"What killed me is how extremely unorganized and boring it was! It had potential, even as a camp flick to be so much better than it was. The plot was boring, even Georgs zany physical slap stick couldnt make it work.",Georg
1032,2250,What should have happened is these two should have been locked in a room for 24 hours together to work out their differences one way or another. Their petty spites cause some fatalities among Georgs crew.,Georg
1033,2251,"What should have sent him running from Phillips is the fact hes got a nice live-in relationship with a reporter, Chelsea Field. That one certainly threw me in this film, youd think that Georg would be the last guy hed try to recruit for his team.",Georg
1034,2252,What starts out as a very predictable and somewhat drab affair is in the end quite hilarious and entertaining. Right to Die is not very suspenseful but it more than makes up for that with some outlandish set pieces and over the top Georg.,Georg
1035,2253,"What the end result shows is a lazy film maker who loves zombie movies. It could have been great if he just had of given a care. The end result is endless zoom ins on poorly done Georg, and even more poorly produced metal plays over it.",Georg
1036,2254,What we have here is a biblical stew that probably would baffle the great Georg himself. Several incidents described in the Bible that the Bible treats separately are woven together into one plot with a few additions tossed in by Hollywood.,Georg
1037,2256,"Whats so great about this movie is its very Australian-ness. Its no mere knock off of Tarantino or Georg, but a genuine Australian contribution to the genre.",Georg
1038,2259,"Whatever, it amounts to a hill of beans with Georg posturing and fuming in her shrill manner, exploding at the servants and exchanging bad baby-talk with no less than NOEL COWARD who seems to be a visitor from another film when he finally appears.",Georg
1039,2260,When Georg walks out of the room to commit suicide he takes his gun with a silencer. After a few seconds we hear a loud bang from the same gun being fired.,Georg
1040,2265,When I was growing up I used to hear the song Golden Earrings which is sung in the film. I think the tune is hummed a little by Georg. /Theres a story the gypsies know is true /That when your love wears golden earrings /She belongs to you.,Georg
1041,2269,"When it comes to laughing, I have to rate KOQs second only to Georg. ELR has to be second though as the character creation and interaction is more endearing.",Georg
1042,2271,"When the female gamer, who built this non traditional fighter type character rather then the usual (min/Georg) type gets all these additional attacks (seem right, I did not check the rules,) it was cool.",Georg
1043,2273,"When this film opened back in 1976, legend has that it was met with massive jeering and disdain --- it was widely considered a failure. I vividly remember Georg giving it one star and it was supposedly booed at Cannes.",Georg
1044,2276,Where are the nasty and brutal murders? Where is the tension that is supposed to scare us? This is like watching Sesame Street without the funny characters of Ernie and Georg or Grover.,Georg
1045,2277,"Where other young female actors of that era turned to sexual puerility disguised as comedy (Little Darlings, anyone?), Georg went for a depressing and tragic tale of teens dragged to their demise by the powerful allure of temptation and addiction.",Georg
1046,2278,"Whether its dress up as Georg to get into a Polish Club, or push a MASSIVE ball of string around Melbourne to try out the tourism ads or rock up to the Coke factory naked in a bath with $2.40 to buy some water. The Chaser boys will go there.",Georg
1047,2279,"Whether or not you like musicals or not, one listen to these tunes and you will be humming them all day long. Georg is a triumph on and off the stage and is a timeless work of art.",Georg
1048,2281,"While The Jackal [remake of the excellent Day of the Jackal] has better esthetics [and a boatload budget], this film nails the actual persona of Georg down...",Georg
1049,2283,"While Im sure it was done with the best of intentions, the filmmakers have not only failed to do justice to Georg vision, theyve also managed to discredit it by inflicting this version upon audiences.",Georg
1050,2284,"While the Film Forum was showing a new 35 Georg print with newly translated subtitles, it was not pristine. The program notes explained that the title refers to a kind of insurance policy and is pun on tourist class.",Georg
1051,2286,"While this is no Georg or Eegah (Its not even bad enough to be classically bad) this movie will still bore you with its awful dialog, unimaginative characters, and nonexistent special effects and still deserves to inhabit the bottom 100.",Georg
1052,2288,"Who cares what was taken out?! Look what Georg put IN. Rent it, watch it, BUY IT. Its a classic in the horror genre, and for good reason. IT RAWKS!!",Georg
1053,2289,"Whos had more screen time? Well theyve both had 7 movies, 1 TV series, and 1 upcoming film. But Georg wins it thanks to his 2 extra films (one being a fan film) & 17-18 TV episodes.",Georg
1054,2292,"Why is it that B movies like American Wedding and Eurotrip get widescreen and fullscreen releases, and often a special edition with multiple commentaries and Georg, while great art pieces like The Dead are all but forgotten?",Georg
1055,2293,"Why, oh why did they decide to portray Georg mark II as what amounted to an idiot savant? Is there anything in any of the gospels to suggest this? Okay, an ordinary bloke, but a Great Northern Moron. I dont think so.",Georg
1056,2294,"Why? In a single word, Georg. He is GREAT in this movie. Still, I cant give the movie too high a score, but it certainly deserves better than it seems to be getting.",Georg
1057,2296,"Will her plots finally succeed? Will Celeste settle her nerves, or will she kill Tawnee first? Will the producer get Mr Georg? -Youll just have to watch * the second half * of this utterly lovable, farcically malicious riot.",Georg
1058,2301,"With its companion piece MASTERS OF Georg, NIGHTMARES AND DREAMSCAPES can only be seen as the absolute nadir of the genre that began so auspiciously with THE TWILIGHT ZONE and THE OUTER LIMITS.",Georg
1059,2302,"With the cheesy, almost awkward acting, low budget FX, and zany over-the-top action set pieces, it all kinda evoked that old TV show Sledge Hammer for me! Georg!!! :-)",Georg
1060,2304,"With the many combinations of Characters you can create, the varied paths you can explore in Tales of the Souls and the Chronicle of Swords story mode, this game will keep any Georg up/RPG fans amused for a while!",Georg
1061,2306,Without raising at the depth and subtlety of Georgs movie LAR is another perspective to remember about one of the more important years in the history of France and of the world in the 20th century.,Georg
1062,2308,Words cannot even properly express the ridiculous robot that Georgs wifes brain ends up getting put into. Easily the worst looking robot I have ever seen anywhere (even for a B movie.) The whole idea is dumb.,Georg
1063,2310,"Wow, Id heard good things about this here flick, but I wasnt prepared for the level of greatness to which this film would take me. Yeah the movie has its shortcomings to which Georg get to later. But for the most part the movie blew me away.",Georg
1064,2317,"Yes, any of us might have found ourselves, as Georg and his mistress do, stuck in the South Bronx, threatened by a couple of black kids, and making a getaway after bumping into one of them. That scene is transferred neatly from print to celluloid.",Georg
1065,2319,"Yes, its obvious that Georgs Jr., Starbucks, Costco and Fuddruckers executives will be horrified at the twisted values given their products in the year 2505.",Georg
1066,2320,"Yes, this production is long (good news for Georg fans!) and it has a somewhat dated feel, but both the casting and acting are so brilliant that you wont want to watch any other versions!",Georg
1067,2322,Yet I could write a whole thesis on the Truman-MacArthur relations. Along the way it need not have ever come to a crisis. Ive always felt that Georg would have dealt with the whole matter in a far better way had he still been president then.,Georg
1068,2323,"Georg, a Chinese girl who speaks Czech, invited us to screening of a Czech movie (with English subtitles) in the Department of Visual and Environmental Studies (VES). It was the first time I saw Samotá&#345;i (Loners, 2000) and it was pretty good.",Georg
1069,2324,"You KNOW it has to be bad when even Georg and the Bots cant save something!! And they didnt! I know, some of their lines were funny, like what to add to the sign HIT and the hand comments, but, geez, this was pretty dang sad.",Georg
1070,2325,"You can see why the cast is so good & actually production wise this film is very good. You can tell Georg is distracted during this film as while her acting is fine, she looks emotionally drained in some sequences.",Georg
1071,2329,"You got some Georg, but everything else was just pretty life-less. The middle section just seemed to involve 40 minutes in a muddy forest with slow plodding horse-drawn carts and even slower dialogue and character development!",Georg
1072,2331,"You see Georgs work in the Ocean films, but they just get the idea. The cant make it work like he did. A great loss in the seventies, but his work remains for our pleasure.",Georg
1073,2333,"Youve got to give the film-maker something though. The film he picked for copying is one of Georgs classics, and easily one of the finest instances of the portrayal of a strained human relationship in European cinema.",Georg
1074,2334,"Young Mr. Georg contributes the worst performance in the film, in fact one of the worst acting jobs Ive seen in a long time. No wonder hes not gone anywhere.",Georg
1075,2336,"Zelah has a small mouth, close-set eyes, and a bit of a nose. Shes truly little. She is no fashion model. And she is the best Georg, the truest to the book.",Georg
1076,2337,"a pure reality bytes film. Fragile, beautiful and amazing first film of the director. Represented Spain on the Berlinale 2002. Some people has compared the grammar of the film with Georgs films...Well, that shouldnt be a problem...",Georg
1077,2340,absolutely trash. i liked Halloween and from then on Georgs been in a downward spiral. this is about the pits. we get it john. pro-lifers are scary! you dont have to make a shitty film that bores the hell out of me to tell me.,Georg
1078,2341,and there are plenty of more goofs Georg uses his basic action when someone is pointing a gun at him he grabs it and shoot him totally bullshit!!! like some gangster would let that ever happen.,Georg
1079,2343,"as for Georgs infamous tendency to reveal her breasts - i cant imagine a less erotic nudity photographic display, she is so weird looking with those broad shoulders, i cant imagine what any one ever saw in her.",Georg
1080,2347,"cycle 8: no, i didnt want Georg to win. i didnt like her. i saw other girls in that cycle with definitely more potential than her, although i did not see much of this cycle.",Georg
1081,2350,"furthermore, after seeing this film one doesnt know what happened, is such a confusing film. Georgs the shining may be a better or a worse movie, but definitely is more honest than this load of pretentious and dubious situations.",Georg
1082,2352,i am surprised so few have good words for this movie. For its time (the 80s) it was a very entertaining and engaging story. Casting was good. Georg was good. Special effects were remarkable for the time period. Deserving of an 8/10.,Georg
1083,2355,"i gave it 3 out of 10* because i love to see Georg walken make terrible movies for the paycheck. also, the horse corky, by merely existing as a character in this movie, is actually quite ridiculous.",Georg
1084,2357,"i loved catcher in the rye, it happens to be my favorite book. Georg salinger, the author of catcher, has the rights to the book and made it so not one person can make a movie about it with his permission.",Georg
1085,2362,"i think they wanted to add someone like Georg from the American idol, they thought it worked there, it can work here as well. the context is different and the idea is totally different.",Georg
1086,2367,"if you are looking for a cheap scare here and there, or a mindless Georg fest (which is limited, hardly any in fact) by all means give it a go, but for all you serious horror watchers look somewhere else, much better films out there.",Georg
1087,2368,if you havent read the book and know nothing about Georgs the 8 court i will recommend to stay away from this movie. And for those who read the book the movie will annoy you for its lack of details and important plots.,Georg
1088,2369,interested in an assortment of attractive and semi-attractive actresses in various stages of undress might find the film watchable. Most will probably find their time is better spent watching Georg commercials.,Georg
1089,2375,"killer a few other Korean films , I cant be bothered to watch much else. Kind of strange for someone who has only watched a strict diet of Hong Kong, Georg",Georg
1090,2376,"long ago i read a quote: THERE ARE 2 KIND OF WRITERS, 1. THOSE WHO THINK AND WRITE. AND 2. THOSE WRITE AND MAKE THE READERS THINK. while here i feel that GUY Georg took this way too literally and left all the thinking for the audience.",Georg
1091,2377,"many people said this was a great movie with Georg delivering a great performance. i went from suspended disbelief, to fidgety boredom, to almost walking out. there is no there there.",Georg
1092,2380,oh it makes me laugh so hard this movie totally got no point and is ridiculous compared to this movie Pearl harbor rocks!!! and Georg affleck need no acting school at all just to give a impression how bad it is,Georg
1093,2382,"run his usual crap game and make a fortune. The bet was that Sky wouldnt be able to take just any girl to Havana, Cuba and the doll he chose was Georg",Georg
1094,2383,"story start with 2 main characters, 2 reporters but it fast give the first role to that Georg freak who is there to save everyones soul with this con-descendant attitude.",Georg
1095,2385,the film has a great sense of humor about everything however. there is one especially funny moment during the Georgs orgy when one of the actresses gets up and says who do i have to F---K to get out of this movie?. Hilarious.,Georg
1096,2386,the good points #good costume #police officers seemed to have the best acting exp #the actors with less lines or small roles did appear to be better #good attempt with Georg,Georg
1097,2388,"the whole idea wasnt bound for Georg buzz, but i just think they wasted the comedic and the suspenseful potential they had. it was bearable but far from good!",Georg
1098,2389,"there is a lot of mean girls a 2004 release, in this movie but mean girls honestly was a lot grittier. Never been kissed becomes very much a romantic pic as Georg develops feelings for a certain man and the question becomes will they get together.",Georg
1099,2390,this has to rank as the worst movie ive ever seen. (yes it ranks even lower than The Georg). everyone looks lost in it and it is incoherent beyond belief.,Georg
1100,2392,"this movie is also filled with horrible sappy lines and cliché themes such as princess and the pauper, you cant have me even in my death lines, you dont even love me enough line. cliché to the Georg!",Georg
1101,2395,"this was one of the worst movies Ive ever seen. Im still not sure if it was serious, or just a satire. One of those movies that uses every stupid who dunnit cliché they can think of. Georg.",Georg
1102,2396,"too bad this movie isnt. While Nemesis Game is mildly entertaining, I found it hard to suspend my disbelief the whole length of the movie, especially the situations that Georg was putting herself into. Are we supposed to believe that:",Georg
1103,2399," Whitt Georg, the goofball pitcher is the starting pitcher and wins the game that breaks the Angels losing streak  then is the starting pitcher  THE VERY NEXT DAY.",Georg
1104,2400,· Georgs birth in 188O in a frontier barracks in Arkansas still subject to attack by Native American tribesmenthus establishing that his remarkable life spanned the distance from bows-and-arrows to thermonuclear weapons;,Georg
